ticker,name,exchange,source,name_norm
NVDA,NVIDIA CORP,Nasdaq,sec,nvidia
GOOGL,Alphabet Inc.,Nasdaq,sec,alphabet
AAPL,Apple Inc.,Nasdaq,sec,apple
MSFT,MICROSOFT CORP,Nasdaq,sec,microsoft
AMZN,AMAZON COM INC,Nasdaq,sec,amazon com
AVGO,Broadcom Inc.,Nasdaq,sec,broadcom
META,"Meta Platforms, Inc.",Nasdaq,sec,meta platforms
TSLA,"Tesla, Inc.",Nasdaq,sec,tesla
WMT,Walmart Inc.,Nasdaq,sec,walmart
BRK-B,BERKSHIRE HATHAWAY INC,NYSE,sec,berkshire hathaway
LLY,ELI LILLY & Co,NYSE,sec,eli lilly
JPM,JPMORGAN CHASE & CO,NYSE,sec,jpmorgan chase
MU,MICRON TECHNOLOGY INC,Nasdaq,sec,micron technology
AMD,ADVANCED MICRO DEVICES INC,Nasdaq,sec,advanced micro devices
XOM,EXXON MOBIL CORP,NYSE,sec,exxon mobil
V,VISA INC.,NYSE,sec,visa
ASML,ASML HOLDING NV,Nasdaq,sec,asml nv
INTC,INTEL CORP,Nasdaq,sec,intel
JNJ,JOHNSON & JOHNSON,NYSE,sec,johnson johnson
ORCL,ORACLE CORP,NYSE,sec,oracle
COST,COSTCO WHOLESALE CORP /NEW,Nasdaq,sec,costco wholesale new
CSCO,"CISCO SYSTEMS, INC.",Nasdaq,sec,cisco systems
MA,Mastercard Inc,NYSE,sec,mastercard
CAT,CATERPILLAR INC,NYSE,sec,caterpillar
CVX,CHEVRON CORP,NYSE,sec,chevron
CYATY,"Contemporary Amperex Technology Co., Limited/ADR",OTC,sec,contemporary amperex technology
ABBV,AbbVie Inc.,NYSE,sec,abbvie
NFLX,NETFLIX INC,Nasdaq,sec,netflix
BAC,BANK OF AMERICA CORP /DE/,NYSE,sec,bank of america de
UNH,UNITEDHEALTH GROUP INC,NYSE,sec,unitedhealth
KO,COCA COLA CO,NYSE,sec,coca cola
LRCX,LAM RESEARCH CORP,Nasdaq,sec,lam research
PG,PROCTER & GAMBLE Co,NYSE,sec,procter gamble
BABA,Alibaba Group Holding Ltd,NYSE,sec,alibaba
PLTR,Palantir Technologies Inc.,Nasdaq,sec,palantir technologies
AMAT,APPLIED MATERIALS INC /DE,Nasdaq,sec,applied materials de
HSBC,HSBC HOLDINGS PLC,NYSE,sec,hsbc
HD,"HOME DEPOT, INC.",NYSE,sec,home depot
MS,MORGAN STANLEY,NYSE,sec,morgan stanley
PM,Philip Morris International Inc.,NYSE,sec,philip morris international
GE,GENERAL ELECTRIC CO,NYSE,sec,general electric
NVS,NOVARTIS AG,NYSE,sec,novartis ag
AZN,ASTRAZENECA PLC,NYSE,sec,astrazeneca
MRK,"Merck & Co., Inc.",NYSE,sec,merck
TXN,TEXAS INSTRUMENTS INC,Nasdaq,sec,texas instruments
GS,GOLDMAN SACHS GROUP INC,NYSE,sec,goldman sachs
GEV,GE Vernova Inc.,NYSE,sec,ge vernova
RY,ROYAL BANK OF CANADA,NYSE,sec,royal bank of canada
SHEL,Shell plc,NYSE,sec,shell
TM,TOYOTA MOTOR CORP/,NYSE,sec,toyota motor
ARM,ARM HOLDINGS PLC /UK,Nasdaq,sec,arm uk
RTX,RTX Corp,NYSE,sec,rtx
LIN,LINDE PLC,Nasdaq,sec,linde
WFC,WELLS FARGO & COMPANY/MN,NYSE,sec,wells fargo mn
KLAC,KLA CORP,Nasdaq,sec,kla
MUFG,MITSUBISHI UFJ FINANCIAL GROUP INC,NYSE,sec,mitsubishi ufj financial
AXP,AMERICAN EXPRESS CO,NYSE,sec,american express
SAP,SAP SE,NYSE,sec,sap se
TMUS,"T-Mobile US, Inc.",Nasdaq,sec,t mobile us
IBM,INTERNATIONAL BUSINESS MACHINES CORP,NYSE,sec,international business machines
BHP,BHP Group Ltd,NYSE,sec,bhp
TTE,TotalEnergies SE,NYSE,sec,totalenergies se
QCOM,QUALCOMM INC/DE,Nasdaq,sec,qualcomm de
PEP,PEPSICO INC,Nasdaq,sec,pepsico
SNDK,Sandisk Corp,Nasdaq,sec,sandisk
RTNTF,RIO TINTO LTD,OTC,sec,rio tinto
C,CITIGROUP INC,NYSE,sec,citigroup
ADI,ANALOG DEVICES INC,Nasdaq,sec,analog devices
MCD,MCDONALDS CORP,NYSE,sec,mcdonalds
VZ,VERIZON COMMUNICATIONS INC,NYSE,sec,verizon communications
NVO,NOVO NORDISK A S,NYSE,sec,novo nordisk a s
PANW,Palo Alto Networks Inc,Nasdaq,sec,palo alto networks
NEE,NEXTERA ENERGY INC,NYSE,sec,nextera energy
TD,TORONTO DOMINION BANK,NYSE,sec,toronto dominion bank
KXIAY,Kioxia Holdings Corporation/ADR,OTC,sec,kioxia
AMGN,AMGEN INC,Nasdaq,sec,amgen
DIS,Walt Disney Co,NYSE,sec,walt disney
ANET,"Arista Networks, Inc.",NYSE,sec,arista networks
T,AT&T INC.,NYSE,sec,at t
SAN,"Banco Santander, S.A.",NYSE,sec,banco santander s a
BA,BOEING CO,NYSE,sec,boeing
SMERY,Siemens Energy AG/ADR,OTC,sec,siemens energy ag
TJX,TJX COMPANIES INC /DE/,NYSE,sec,tjx companies de
TMO,THERMO FISHER SCIENTIFIC INC.,NYSE,sec,thermo fisher scientific
DTEGY,DEUTSCHE TELEKOM AG,OTC,sec,deutsche telekom ag
STX,Seagate Technology Holdings plc,Nasdaq,sec,seagate technology
RIO,RIO TINTO PLC,NYSE,sec,rio tinto
GILD,"GILEAD SCIENCES, INC.",Nasdaq,sec,gilead sciences
UNP,UNION PACIFIC CORP,NYSE,sec,union pacific
BLK,"BlackRock, Inc.",NYSE,sec,blackrock
APP,AppLovin Corp,Nasdaq,sec,applovin
SCHW,SCHWAB CHARLES CORP,NYSE,sec,schwab charles
BUD,Anheuser-Busch InBev SA/NV,NYSE,sec,anheuser busch inbev sa nv
WDC,WESTERN DIGITAL CORP,Nasdaq,sec,western digital
CRWD,"CrowdStrike Holdings, Inc.",Nasdaq,sec,crowdstrike
ISRG,INTUITIVE SURGICAL INC,Nasdaq,sec,intuitive surgical
ABT,ABBOTT LABORATORIES,NYSE,sec,abbott laboratories
MRVL,"Marvell Technology, Inc.",Nasdaq,sec,marvell technology
WELL,WELLTOWER INC.,NYSE,sec,welltower
DELL,Dell Technologies Inc.,NYSE,sec,dell technologies
COP,CONOCOPHILLIPS,NYSE,sec,conocophillips
GLW,CORNING INC /NY,NYSE,sec,corning ny
UBER,"Uber Technologies, Inc",NYSE,sec,uber technologies
DE,DEERE & CO,NYSE,sec,deere
UBS,UBS Group AG,NYSE,sec,ubs ag
CRM,"Salesforce, Inc.",NYSE,sec,salesforce
APH,AMPHENOL CORP /DE/,NYSE,sec,amphenol de
PFE,PFIZER INC,NYSE,sec,pfizer
ETN,Eaton Corp plc,NYSE,sec,eaton
BTI,British American Tobacco p.l.c.,NYSE,sec,british american tobacco p l c
SMFG,"SUMITOMO MITSUI FINANCIAL GROUP, INC.",NYSE,sec,sumitomo mitsui financial
IBKR,"Interactive Brokers Group, Inc.",Nasdaq,sec,interactive brokers
SCCO,SOUTHERN COPPER CORP/,NYSE,sec,southern copper
HTHIY,HITACHI LTD,OTC,sec,hitachi
BX,Blackstone Inc.,NYSE,sec,blackstone
PDD,PDD Holdings Inc.,Nasdaq,sec,pdd
HON,HONEYWELL INTERNATIONAL INC,Nasdaq,sec,honeywell international
SONY,Sony Group Corp,NYSE,sec,sony
PLD,"Prologis, Inc.",NYSE,sec,prologis
PBR,PETROBRAS - PETROLEO BRASILEIRO SA,NYSE,sec,petrobras petroleo brasileiro sa
SHOP,SHOPIFY INC.,Nasdaq,sec,shopify
CB,Chubb Ltd,NYSE,sec,chubb
UL,UNILEVER PLC,NYSE,sec,unilever
HDB,HDFC BANK LTD,NYSE,sec,hdfc bank
ENB,ENBRIDGE INC,NYSE,sec,enbridge
VRT,Vertiv Holdings Co,NYSE,sec,vertiv
MO,"ALTRIA GROUP, INC.",NYSE,sec,altria
LOW,LOWES COMPANIES INC,NYSE,sec,lowes companies
SYK,STRYKER CORP,NYSE,sec,stryker
SPGI,S&P Global Inc.,NYSE,sec,s p global
LMT,LOCKHEED MARTIN CORP,NYSE,sec,lockheed martin
SBUX,STARBUCKS CORP,Nasdaq,sec,starbucks
BBVA,"BANCO BILBAO VIZCAYA ARGENTARIA, S.A.",NYSE,sec,banco bilbao vizcaya argentaria s a
CVS,CVS HEALTH Corp,NYSE,sec,cvs health
BKNG,Booking Holdings Inc.,Nasdaq,sec,booking
BP,BP PLC,NYSE,sec,bp
BMY,BRISTOL MYERS SQUIBB CO,NYSE,sec,bristol myers squibb
PGR,PROGRESSIVE CORP/OH/,NYSE,sec,progressive oh
DHR,DANAHER CORP /DE/,NYSE,sec,danaher de
ATEYY,ADVANTEST CORP,OTC,sec,advantest
COF,CAPITAL ONE FINANCIAL CORP,NYSE,sec,capital one financial
NEM,NEWMONT Corp /DE/,NYSE,sec,newmont de
INTU,INTUIT INC.,Nasdaq,sec,intuit
VRTX,VERTEX PHARMACEUTICALS INC / MA,Nasdaq,sec,vertex pharmaceuticals ma
CME,CME GROUP INC.,Nasdaq,sec,cme
ACN,Accenture plc,NYSE,sec,accenture
BMO,BANK OF MONTREAL /CAN/,NYSE,sec,bank of montreal can
PH,Parker-Hannifin Corp,NYSE,sec,parker hannifin
PWR,"QUANTA SERVICES, INC.",NYSE,sec,quanta services
SO,SOUTHERN CO,NYSE,sec,southern
MFG,MIZUHO FINANCIAL GROUP INC,NYSE,sec,mizuho financial
NOW,"ServiceNow, Inc.",NYSE,sec,servicenow
SNY,Sanofi,Nasdaq,sec,sanofi
EQIX,EQUINIX INC,Nasdaq,sec,equinix
CM,CANADIAN IMPERIAL BANK OF COMMERCE /CAN/,NYSE,sec,canadian imperial bank of commerce can
CNQ,CANADIAN NATURAL RESOURCES LTD,NYSE,sec,canadian natural resources
ADBE,ADOBE INC.,Nasdaq,sec,adobe
GSK,GSK plc,NYSE,sec,gsk
EQNR,EQUINOR ASA,NYSE,sec,equinor asa
HWM,Howmet Aerospace Inc.,NYSE,sec,howmet aerospace
MDT,Medtronic plc,NYSE,sec,medtronic
SNHIY,"Sany Heavy Industries Co., Ltd./ADR",OTC,sec,sany heavy industries
TT,Trane Technologies plc,NYSE,sec,trane technologies
BN,BROOKFIELD Corp /ON/,NYSE,sec,brookfield on
IFNNY,INFINEON TECHNOLOGIES AG,OTC,sec,infineon technologies ag
WMB,"WILLIAMS COMPANIES, INC.",NYSE,sec,williams companies
DUK,Duke Energy CORP,NYSE,sec,duke energy
BNS,BANK OF NOVA SCOTIA,NYSE,sec,bank of nova scotia
SNPS,SYNOPSYS INC,Nasdaq,sec,synopsys
MAR,MARRIOTT INTERNATIONAL INC /MD/,Nasdaq,sec,marriott international md
CEG,Constellation Energy Corp,Nasdaq,sec,constellation energy
FTNT,"Fortinet, Inc.",Nasdaq,sec,fortinet
BK,Bank of New York Mellon Corp,NYSE,sec,bank of new york mellon
CDNS,CADENCE DESIGN SYSTEMS INC,Nasdaq,sec,cadence design systems
GD,GENERAL DYNAMICS CORP,NYSE,sec,general dynamics
MCK,MCKESSON CORP,NYSE,sec,mckesson
CMI,CUMMINS INC,NYSE,sec,cummins
SPOT,Spotify Technology S.A.,NYSE,sec,spotify technology s a
IBN,ICICI BANK LTD,NYSE,sec,icici bank
HCA,"HCA Healthcare, Inc.",NYSE,sec,hca healthcare
FDX,FEDEX CORP,NYSE,sec,fedex
WM,WASTE MANAGEMENT INC,NYSE,sec,waste management
CMCSA,COMCAST CORP,Nasdaq,sec,comcast
ADP,AUTOMATIC DATA PROCESSING INC,Nasdaq,sec,automatic data processing
ELV,"Elevance Health, Inc.",NYSE,sec,elevance health
ICE,"Intercontinental Exchange, Inc.",NYSE,sec,intercontinental exchange
MGCLY,"Midea Group Co., Ltd./ADR",OTC,sec,midea
KKR,KKR & Co. Inc.,NYSE,sec,kkr
AEM,AGNICO EAGLE MINES LTD,NYSE,sec,agnico eagle mines
EPD,ENTERPRISE PRODUCTS PARTNERS L.P.,NYSE,sec,enterprise products partners l p
PNC,"PNC FINANCIAL SERVICES GROUP, INC.",NYSE,sec,pnc financial services
CSX,CSX CORP,Nasdaq,sec,csx
AMT,AMERICAN TOWER CORP /MA/,NYSE,sec,american tower ma
SLB,SLB LIMITED/NV,NYSE,sec,slb nv
ITUB,Itau Unibanco Holding S.A.,NYSE,sec,itau unibanco s a
BSX,BOSTON SCIENTIFIC CORP,NYSE,sec,boston scientific
MNST,Monster Beverage Corp,Nasdaq,sec,monster beverage
FCX,FREEPORT-MCMORAN INC,NYSE,sec,freeport mcmoran
ING,ING GROEP NV,NYSE,sec,ing groep nv
NGG,NATIONAL GRID PLC,NYSE,sec,national grid
USB,US BANCORP \DE\,NYSE,sec,us bancorp de
JCI,Johnson Controls International plc,NYSE,sec,johnson controls international
UPS,UNITED PARCEL SERVICE INC,NYSE,sec,united parcel service
SU,SUNCOR ENERGY INC,NYSE,sec,suncor energy
E,ENI SPA,NYSE,sec,eni spa
MELI,MERCADOLIBRE INC,Nasdaq,sec,mercadolibre
AMX,AMERICA MOVIL SAB DE CV/,NYSE,sec,america movil sab de cv
MRSH,"MARSH & MCLENNAN COMPANIES, INC.",NYSE,sec,marsh mclennan companies
NOC,NORTHROP GRUMMAN CORP /DE/,NYSE,sec,northrop grumman de
MDLZ,"Mondelez International, Inc.",Nasdaq,sec,mondelez international
VLO,VALERO ENERGY CORP/TX,NYSE,sec,valero energy tx
MMM,3M CO,NYSE,sec,3m
ABNB,"Airbnb, Inc.",Nasdaq,sec,airbnb
CI,Cigna Group,NYSE,sec,cigna
EOG,EOG RESOURCES INC,NYSE,sec,eog resources
MPC,Marathon Petroleum Corp,NYSE,sec,marathon petroleum
CIEN,CIENA CORP,NYSE,sec,ciena
BCS,BARCLAYS PLC,NYSE,sec,barclays
DDOG,"Datadog, Inc.",Nasdaq,sec,datadog
CP,CANADIAN PACIFIC KANSAS CITY LTD/CN,NYSE,sec,canadian pacific kansas city cn
KMI,"KINDER MORGAN, INC.",NYSE,sec,kinder morgan
SPG,SIMON PROPERTY GROUP INC.,NYSE,sec,simon property
NOK,NOKIA CORP,NYSE,sec,nokia
ORLY,O REILLY AUTOMOTIVE INC,Nasdaq,sec,o reilly automotive
MCO,MOODYS CORP /DE/,NYSE,sec,moodys de
APO,"Apollo Global Management, Inc.",NYSE,sec,apollo global management
BAM,Brookfield Asset Management Ltd.,NYSE,sec,brookfield asset management
LYG,Lloyds Banking Group plc,NYSE,sec,lloyds banking
BAESY,BAE SYSTEMS PLC /FI/,OTC,sec,bae systems fi
NXPI,NXP Semiconductors N.V.,Nasdaq,sec,nxp semiconductors n v
BE,Bloom Energy Corp,NYSE,sec,bloom energy
SHW,SHERWIN WILLIAMS CO,NYSE,sec,sherwin williams
RKLB,Rocket Lab Corp,Nasdaq,sec,rocket lab
NTES,"NetEase, Inc.",Nasdaq,sec,netease
EMR,EMERSON ELECTRIC CO,NYSE,sec,emerson electric
PSX,Phillips 66,NYSE,sec,phillips 66
NET,"Cloudflare, Inc.",NYSE,sec,cloudflare
TRP,TC ENERGY CORP,NYSE,sec,tc energy
MPWR,MONOLITHIC POWER SYSTEMS INC,Nasdaq,sec,monolithic power systems
CL,COLGATE PALMOLIVE CO,NYSE,sec,colgate palmolive
HLT,Hilton Worldwide Holdings Inc.,NYSE,sec,hilton worldwide
NSC,NORFOLK SOUTHERN CORP,NYSE,sec,norfolk southern
ITW,ILLINOIS TOOL WORKS INC,NYSE,sec,illinois tool works
ET,Energy Transfer LP,NYSE,sec,energy transfer lp
AEP,AMERICAN ELECTRIC POWER CO INC,Nasdaq,sec,american electric power
CVNA,CARVANA CO.,NYSE,sec,carvana
LITE,Lumentum Holdings Inc.,Nasdaq,sec,lumentum
COHR,COHERENT CORP.,NYSE,sec,coherent
ECL,ECOLAB INC.,NYSE,sec,ecolab
AON,Aon plc,NYSE,sec,aon
CTAS,CINTAS CORP,Nasdaq,sec,cintas
ROST,"ROSS STORES, INC.",Nasdaq,sec,ross stores
CNI,CANADIAN NATIONAL RAILWAY CO,NYSE,sec,canadian national railway
IMO,IMPERIAL OIL LTD,NYSE,sec,imperial oil
VALE,Vale S.A.,NYSE,sec,vale s a
WBD,"Warner Bros. Discovery, Inc.",Nasdaq,sec,warner bros discovery
ASX,"ASE Technology Holding Co., Ltd.",NYSE,sec,ase technology
DASH,"DoorDash, Inc.",Nasdaq,sec,doordash
HOOD,"Robinhood Markets, Inc.",Nasdaq,sec,robinhood markets
DLR,"DIGITAL REALTY TRUST, INC.",NYSE,sec,digital realty trust
RCL,ROYAL CARIBBEAN CRUISES LTD,NYSE,sec,royal caribbean cruises
B,BARRICK MINING CORP,NYSE,sec,barrick mining
MSI,"Motorola Solutions, Inc.",NYSE,sec,motorola solutions
RSG,"REPUBLIC SERVICES, INC.",NYSE,sec,republic services
REGN,"REGENERON PHARMACEUTICALS, INC.",Nasdaq,sec,regeneron pharmaceuticals
TDG,TransDigm Group INC,NYSE,sec,transdigm
CRH,CRH PUBLIC LTD CO,NYSE,sec,crh public
GM,General Motors Co,NYSE,sec,general motors
BKR,Baker Hughes Co,Nasdaq,sec,baker hughes
TRV,"TRAVELERS COMPANIES, INC.",NYSE,sec,travelers companies
CBRS,Cerebras Systems Inc.,Nasdaq,sec,cerebras systems
APD,"Air Products & Chemicals, Inc.",NYSE,sec,air products chemicals
FIX,COMFORT SYSTEMS USA INC,NYSE,sec,comfort systems usa
MFC,MANULIFE FINANCIAL CORP,NYSE,sec,manulife financial
NKE,"NIKE, Inc.",NYSE,sec,nike
LSEGY,London Stock Exchange Group plc,OTC,sec,london stock exchange
OXY,OCCIDENTAL PETROLEUM CORP /DE/,NYSE,sec,occidental petroleum de
NWG,NatWest Group plc,NYSE,sec,natwest
AFL,AFLAC INC,NYSE,sec,aflac
OKE,ONEOK INC /NEW/,NYSE,sec,oneok new
D,"DOMINION ENERGY, INC",NYSE,sec,dominion energy
NU,Nu Holdings Ltd.,NYSE,sec,nu
JHPCY,"Jiangsu Hengrui Pharmaceuticals Co., Ltd./ADR",OTC,sec,jiangsu hengrui pharmaceuticals
SRE,SEMPRA,NYSE,sec,sempra
RELX,RELX PLC,NYSE,sec,relx
TRGP,Targa Resources Corp.,NYSE,sec,targa resources
CVE,CENOVUS ENERGY INC.,NYSE,sec,cenovus energy
DB,DEUTSCHE BANK AKTIENGESELLSCHAFT,NYSE,sec,deutsche bank aktiengesellschaft
KEYS,"Keysight Technologies, Inc.",NYSE,sec,keysight technologies
GWW,"W.W. GRAINGER, INC.",NYSE,sec,w w grainger
SNOW,Snowflake Inc.,NYSE,sec,snowflake
FANG,"Diamondback Energy, Inc.",Nasdaq,sec,diamondback energy
TFC,TRUIST FINANCIAL CORP,NYSE,sec,truist financial
RACE,Ferrari N.V.,NYSE,sec,ferrari n v
URI,"UNITED RENTALS, INC.",NYSE,sec,united rentals
O,REALTY INCOME CORP,NYSE,sec,realty income
MSTR,Strategy Inc,Nasdaq,sec,strategy
TGT,TARGET CORP,NYSE,sec,target
ALL,ALLSTATE CORP,NYSE,sec,allstate
PCAR,PACCAR INC,Nasdaq,sec,paccar
LHX,"L3HARRIS TECHNOLOGIES, INC. /DE/",NYSE,sec,l3harris technologies de
DVN,DEVON ENERGY CORP/DE,NYSE,sec,devon energy de
TEL,TE Connectivity plc,NYSE,sec,te connectivity
MPLX,MPLX LP,NYSE,sec,mplx lp
WPM,Wheaton Precious Metals Corp.,NYSE,sec,wheaton precious metals
EONGY,E.ON SE,OTC,sec,e on se
AZO,AUTOZONE INC,NYSE,sec,autozone
CRWV,"CoreWeave, Inc.",Nasdaq,sec,coreweave
STM,STMicroelectronics N.V.,NYSE,sec,stmicroelectronics n v
TRMOY,Tourmaline Oil Corp/ADR,OTC,sec,tourmaline oil
SE,Sea Ltd,NYSE,sec,sea
CTVA,"Corteva, Inc.",NYSE,sec,corteva
TAK,TAKEDA PHARMACEUTICAL CO LTD,NYSE,sec,takeda pharmaceutical
AJG,Arthur J. Gallagher & Co.,NYSE,sec,arthur j gallagher
PSA,Public Storage,NYSE,sec,public storage
MET,METLIFE INC,NYSE,sec,metlife
NDAQ,"NASDAQ, INC.",Nasdaq,sec,nasdaq
F,FORD MOTOR CO,NYSE,sec,ford motor
BMWKY,Bayerische Motoren Werke AG/ADR,OTC,sec,bayerische motoren werke ag
COR,"Cencora, Inc.",NYSE,sec,cencora
LNG,"Cheniere Energy, Inc.",NYSE,sec,cheniere energy
INFY,Infosys Ltd,NYSE,sec,infosys
ADSK,"Autodesk, Inc.",Nasdaq,sec,autodesk
CARR,CARRIER GLOBAL Corp,NYSE,sec,carrier global
GWLIF,GREAT-WEST LIFECO INC.,OTC,sec,great west lifeco
COIN,"Coinbase Global, Inc.",Nasdaq,sec,coinbase global
EBAY,EBAY INC,Nasdaq,sec,ebay
AME,AMETEK INC/,NYSE,sec,ametek
ETR,ENTERGY CORP /DE/,NYSE,sec,entergy de
EA,ELECTRONIC ARTS INC.,Nasdaq,sec,electronic arts
NUE,NUCOR CORP,NYSE,sec,nucor
TER,"TERADYNE, INC",Nasdaq,sec,teradyne
NBIS,Nebius Group N.V.,Nasdaq,sec,nebius n v
FAST,FASTENAL CO,Nasdaq,sec,fastenal
XEL,XCEL ENERGY INC,Nasdaq,sec,xcel energy
ARGX,ARGENX SE,Nasdaq,sec,argenx se
MCHP,MICROCHIP TECHNOLOGY INC,Nasdaq,sec,microchip technology
ABEV,AMBEV S.A.,NYSE,sec,ambev s a
TYHOY,Toyota Tsusho Corporation/ADR,OTC,sec,toyota tsusho
EW,Edwards Lifesciences Corp,NYSE,sec,edwards lifesciences
ROK,"ROCKWELL AUTOMATION, INC",NYSE,sec,rockwell automation
BIDU,"Baidu, Inc.",Nasdaq,sec,baidu
CAH,CARDINAL HEALTH INC,NYSE,sec,cardinal health
DEO,DIAGEO PLC,NYSE,sec,diageo
FER,Ferrovial N.V.,Nasdaq,sec,ferrovial n v
FLEX,FLEX LTD.,Nasdaq,sec,flex
GALDY,Galderma Group AG/ADR,OTC,sec,galderma ag
EXC,EXELON CORP,Nasdaq,sec,exelon
VST,Vistra Corp.,NYSE,sec,vistra
CCJ,CAMECO CORP,NYSE,sec,cameco
AU,AngloGold Ashanti PLC,NYSE,sec,anglogold ashanti
MT,ArcelorMittal,NYSE,sec,arcelormittal
SCMWY,SWISSCOM AG,OTC,sec,swisscom ag
DAL,"DELTA AIR LINES, INC.",NYSE,sec,delta air lines
UMC,UNITED MICROELECTRONICS CORP,NYSE,sec,united microelectronics
TTWO,TAKE TWO INTERACTIVE SOFTWARE INC,Nasdaq,sec,take two interactive software
GRMN,GARMIN LTD,NYSE,sec,garmin
JD,"JD.com, Inc.",Nasdaq,sec,jd com
KR,KROGER CO,NYSE,sec,kroger
WAB,WESTINGHOUSE AIR BRAKE TECHNOLOGIES CORP,NYSE,sec,westinghouse air brake technologies
HPE,Hewlett Packard Enterprise Co,NYSE,sec,hewlett packard enterprise
FITB,FIFTH THIRD BANCORP,Nasdaq,sec,fifth third bancorp
IDXX,IDEXX LABORATORIES INC /DE,Nasdaq,sec,idexx laboratories de
FERG,Ferguson Enterprises Inc. /DE/,NYSE,sec,ferguson enterprises de
VTR,"Ventas, Inc.",NYSE,sec,ventas
FNV,FRANCO NEVADA Corp,NYSE,sec,franco nevada
ODFL,"OLD DOMINION FREIGHT LINE, INC.",Nasdaq,sec,old dominion freight line
ERIC,ERICSSON LM TELEPHONE CO,Nasdaq,sec,ericsson lm telephone
CMG,CHIPOTLE MEXICAN GRILL INC,NYSE,sec,chipotle mexican grill
MSCI,MSCI Inc.,NYSE,sec,msci
ALAB,"Astera Labs, Inc.",Nasdaq,sec,astera labs
YUM,YUM BRANDS INC,NYSE,sec,yum brands
STT,STATE STREET CORP,NYSE,sec,state street
AMP,AMERIPRISE FINANCIAL INC,NYSE,sec,ameriprise financial
FMX,MEXICAN ECONOMIC DEVELOPMENT INC,NYSE,sec,mexican economic development
ON,ON SEMICONDUCTOR CORP,Nasdaq,sec,on semiconductor
XYZ,"Block, Inc.",NYSE,sec,block
AIG,"AMERICAN INTERNATIONAL GROUP, INC.",NYSE,sec,american international
IX,ORIX CORP,NYSE,sec,orix
HEI,HEICO CORP,NYSE,sec,heico
HLN,Haleon plc,NYSE,sec,haleon
CCEP,COCA-COLA EUROPACIFIC PARTNERS plc,Nasdaq,sec,coca cola europacific partners
BDX,BECTON DICKINSON & CO,NYSE,sec,becton dickinson
CCI,CROWN CASTLE INC.,NYSE,sec,crown castle
ARES,Ares Management Corp,NYSE,sec,ares management
WCN,"Waste Connections, Inc.",NYSE,sec,waste connections
ED,CONSOLIDATED EDISON INC,NYSE,sec,consolidated edison
TEVA,TEVA PHARMACEUTICAL INDUSTRIES LTD,NYSE,sec,teva pharmaceutical industries
SLF,SUN LIFE FINANCIAL INC,NYSE,sec,sun life financial
BSBR,Banco Santander (Brasil) S.A.,NYSE,sec,banco santander brasil s a
SATS,EchoStar CORP,Nasdaq,sec,echostar
KDP,Keurig Dr Pepper Inc.,Nasdaq,sec,keurig dr pepper
ALNY,"ALNYLAM PHARMACEUTICALS, INC.",Nasdaq,sec,alnylam pharmaceuticals
HSY,HERSHEY CO,NYSE,sec,hershey
CLS,CELESTICA INC,NYSE,sec,celestica
PYPL,"PayPal Holdings, Inc.",Nasdaq,sec,paypal
PEG,PUBLIC SERVICE ENTERPRISE GROUP INC,NYSE,sec,public service enterprise
DHI,HORTON D R INC /DE/,NYSE,sec,horton d r de
TRI,THOMSON REUTERS CORP /CAN/,Nasdaq,sec,thomson reuters can
CBOE,"Cboe Global Markets, Inc.",CBOE,sec,cboe global markets
EME,"EMCOR Group, Inc.",NYSE,sec,emcor
ADM,Archer-Daniels-Midland Co,NYSE,sec,archer daniels midland
PUK,PRUDENTIAL PLC,NYSE,sec,prudential
LYV,"Live Nation Entertainment, Inc.",NYSE,sec,live nation entertainment
CBRE,"CBRE GROUP, INC.",NYSE,sec,cbre
EQT,EQT Corp,NYSE,sec,eqt
HUM,HUMANA INC,NYSE,sec,humana
HIG,"HARTFORD INSURANCE GROUP, INC.",NYSE,sec,hartford insurance
IRM,IRON MOUNTAIN INC,NYSE,sec,iron mountain
VG,"Venture Global, Inc.",NYSE,sec,venture global
VIK,Viking Holdings Ltd,NYSE,sec,viking
KB,KB Financial Group Inc.,NYSE,sec,kb financial
GFS,GLOBALFOUNDRIES Inc.,Nasdaq,sec,globalfoundries
WEC,"WEC ENERGY GROUP, INC.",NYSE,sec,wec energy
PCG,PG&E Corp,NYSE,sec,pg e
ESLT,ELBIT SYSTEMS LTD,Nasdaq,sec,elbit systems
BBD,BANK BRADESCO,NYSE,sec,bank bradesco
SYY,SYSCO CORP,NYSE,sec,sysco
HAL,HALLIBURTON CO,NYSE,sec,halliburton
RKT,"Rocket Companies, Inc.",NYSE,sec,rocket companies
UI,Ubiquiti Inc.,NYSE,sec,ubiquiti
PRU,PRUDENTIAL FINANCIAL INC,NYSE,sec,prudential financial
JBL,JABIL INC,NYSE,sec,jabil
GFI,GOLD FIELDS LTD,NYSE,sec,gold fields
CHT,CHUNGHWA TELECOM CO LTD,NYSE,sec,chunghwa telecom
VOD,VODAFONE GROUP PUBLIC LTD CO,Nasdaq,sec,vodafone public
QSR,Restaurant Brands International Inc.,NYSE,sec,restaurant brands international
NTR,Nutrien Ltd.,NYSE,sec,nutrien
DLMAY,Dollarama Inc./ADR,OTC,sec,dollarama
KBGGY,Kongsberg Gruppen ASA/ADR,OTC,sec,kongsberg gruppen asa
ASTS,"AST SpaceMobile, Inc.",Nasdaq,sec,ast spacemobile
PAYX,PAYCHEX INC,Nasdaq,sec,paychex
VMC,Vulcan Materials CO,NYSE,sec,vulcan materials
ACGL,ARCH CAPITAL GROUP LTD.,Nasdaq,sec,arch capital
CSLLY,CSL LTD,OTC,sec,csl
ROP,ROPER TECHNOLOGIES INC,Nasdaq,sec,roper technologies
ZTS,Zoetis Inc.,NYSE,sec,zoetis
LVS,LAS VEGAS SANDS CORP,NYSE,sec,las vegas sands
FRFHF,FAIRFAX FINANCIAL HOLDINGS LTD/ CAN,OTC,sec,fairfax financial can
CCL,Carnival Corp Ltd.,NYSE,sec,carnival
KVUE,Kenvue Inc.,NYSE,sec,kenvue
HMC,HONDA MOTOR CO LTD,NYSE,sec,honda motor
KGC,KINROSS GOLD CORP,NYSE,sec,kinross gold
WAT,WATERS CORP /DE/,NYSE,sec,waters de
ALC,ALCON INC,NYSE,sec,alcon
WDAY,"Workday, Inc.",Nasdaq,sec,workday
STLD,STEEL DYNAMICS INC,Nasdaq,sec,steel dynamics
KMB,KIMBERLY CLARK CORP,Nasdaq,sec,kimberly clark
MLM,MARTIN MARIETTA MATERIALS INC,NYSE,sec,martin marietta materials
CPRT,COPART INC,Nasdaq,sec,copart
MDLN,Medline Inc.,Nasdaq,sec,medline
RBLX,Roblox Corp,NYSE,sec,roblox
AXON,"AXON ENTERPRISE, INC.",Nasdaq,sec,axon enterprise
CASY,CASEYS GENERAL STORES INC,Nasdaq,sec,caseys general stores
HBAN,HUNTINGTON BANCSHARES INC /MD/,Nasdaq,sec,huntington bancshares md
RVMD,"Revolution Medicines, Inc.",Nasdaq,sec,revolution medicines
A,"AGILENT TECHNOLOGIES, INC.",NYSE,sec,agilent technologies
CRDO,Credo Technology Group Holding Ltd,Nasdaq,sec,credo technology
SUNB,"Sunbelt Rentals Holdings, Inc.",NYSE,sec,sunbelt rentals
EXR,Extra Space Storage Inc.,NYSE,sec,extra space storage
CQP,"Cheniere Energy Partners, L.P.",NYSE,sec,cheniere energy partners l p
TCOM,Trip.com Group Ltd,Nasdaq,sec,trip com
ONC,BeOne Medicines Ltd.,Nasdaq,sec,beone medicines
TS,TENARIS SA,NYSE,sec,tenaris sa
VICI,VICI PROPERTIES INC.,NYSE,sec,vici properties
NTRS,NORTHERN TRUST CORP,Nasdaq,sec,northern trust
MTZ,MASTEC INC,NYSE,sec,mastec
Q,"Qnity Electronics, Inc.",NYSE,sec,qnity electronics
MTB,M&T BANK CORP,NYSE,sec,m t bank
RPRX,Royalty Pharma plc,Nasdaq,sec,royalty pharma
RMD,RESMED INC,NYSE,sec,resmed
AEE,AMEREN CORP,NYSE,sec,ameren
TSEM,TOWER SEMICONDUCTOR LTD,Nasdaq,sec,tower semiconductor
FISV,FISERV INC,Nasdaq,sec,fiserv
RDDT,"Reddit, Inc.",NYSE,sec,reddit
DTE,DTE ENERGY CO,NYSE,sec,dte energy
SHG,SHINHAN FINANCIAL GROUP CO LTD,NYSE,sec,shinhan financial
TWLO,TWILIO INC,NYSE,sec,twilio
ATO,ATMOS ENERGY CORP,NYSE,sec,atmos energy
CRCL,"Circle Internet Group, Inc.",NYSE,sec,circle internet
FTI,TechnipFMC plc,NYSE,sec,technipfmc
RJF,RAYMOND JAMES FINANCIAL INC,NYSE,sec,raymond james financial
RSHGY,RESONA HOLDINGS INC,OTC,sec,resona
CNC,CENTENE CORP,NYSE,sec,centene
TECK,TECK RESOURCES LTD,NYSE,sec,teck resources
UAL,"United Airlines Holdings, Inc.",Nasdaq,sec,united airlines
IQV,IQVIA HOLDINGS INC.,NYSE,sec,iqvia
PBA,PEMBINA PIPELINE CORP,NYSE,sec,pembina pipeline
EC,ECOPETROL S.A.,NYSE,sec,ecopetrol s a
ZM,"Zoom Communications, Inc.",Nasdaq,sec,zoom communications
CKHGF,Capitec Bank Holdings Ltd / ADR,OTC,sec,capitec bank
FTS,Fortis Inc.,NYSE,sec,fortis
ZS,"Zscaler, Inc.",Nasdaq,sec,zscaler
RYAAY,RYANAIR HOLDINGS PLC,Nasdaq,sec,ryanair
BIIB,BIOGEN INC.,Nasdaq,sec,biogen
SYM,Symbotic Inc.,Nasdaq,sec,symbotic
TDY,TELEDYNE TECHNOLOGIES INC,NYSE,sec,teledyne technologies
NTRA,"Natera, Inc.",Nasdaq,sec,natera
GEHC,GE HealthCare Technologies Inc.,Nasdaq,sec,ge healthcare technologies
DOV,DOVER Corp,NYSE,sec,dover
CNP,CENTERPOINT ENERGY INC,NYSE,sec,centerpoint energy
GELHY,Geely Automobile Holdings Limited/ADR,OTC,sec,geely automobile
KHC,Kraft Heinz Co,Nasdaq,sec,kraft heinz
VRSN,VERISIGN INC/CA,Nasdaq,sec,verisign ca
EL,ESTEE LAUDER COMPANIES INC,NYSE,sec,estee lauder companies
FICO,FAIR ISAAC CORP,NYSE,sec,fair isaac
MTSI,"MACOM Technology Solutions Holdings, Inc.",Nasdaq,sec,macom technology solutions
CPNG,"Coupang, Inc.",NYSE,sec,coupang
OTIS,Otis Worldwide Corp,NYSE,sec,otis worldwide
TPL,Texas Pacific Land Corp,NYSE,sec,texas pacific land
EIX,EDISON INTERNATIONAL,NYSE,sec,edison international
DOW,DOW INC.,NYSE,sec,dow
FOXA,Fox Corp,Nasdaq,sec,fox
CHLSY,Chocoladefabriken Lindt & Spruengli AG/ADR,OTC,sec,chocoladefabriken lindt spruengli ag
MDB,"MongoDB, Inc.",Nasdaq,sec,mongodb
IR,Ingersoll Rand Inc.,NYSE,sec,ingersoll rand
VEEV,VEEVA SYSTEMS INC,NYSE,sec,veeva systems
AMRZ,Amrize Ltd,NYSE,sec,amrize
TPR,"TAPESTRY, INC.",NYSE,sec,tapestry
PPL,PPL Corp,NYSE,sec,ppl
FSNUY,Fresenius SE & Co. KGaA,OTC,sec,fresenius se kgaa
NRG,"NRG ENERGY, INC.",NYSE,sec,nrg energy
FE,FIRSTENERGY CORP,NYSE,sec,firstenergy
CW,CURTISS WRIGHT CORP,NYSE,sec,curtiss wright
CINF,CINCINNATI FINANCIAL CORP,Nasdaq,sec,cincinnati financial
CFG,CITIZENS FINANCIAL GROUP INC/RI,NYSE,sec,citizens financial ri
ES,EVERSOURCE ENERGY,NYSE,sec,eversource energy
ROL,ROLLINS INC,NYSE,sec,rollins
DXCM,DEXCOM INC,Nasdaq,sec,dexcom
EXPE,"Expedia Group, Inc.",Nasdaq,sec,expedia
AVB,AVALONBAY COMMUNITIES INC,NYSE,sec,avalonbay communities
NVT,nVent Electric plc,NYSE,sec,nvent electric
WRB,BERKLEY W R CORP,NYSE,sec,berkley w r
EQR,EQUITY RESIDENTIAL,NYSE,sec,equity residential
XYL,Xylem Inc.,NYSE,sec,xylem
P,"Everpure, Inc.",NYSE,sec,everpure
STZ,"CONSTELLATION BRANDS, INC.",NYSE,sec,constellation brands
BAP,CREDICORP LTD,NYSE,sec,credicorp
PHG,KONINKLIJKE PHILIPS NV,NYSE,sec,koninklijke philips nv
HUBB,HUBBELL INC,NYSE,sec,hubbell
FN,Fabrinet,NYSE,sec,fabrinet
AWK,"American Water Works Company, Inc.",NYSE,sec,american water works
TELNY,TELENOR ASA,OTC,sec,telenor asa
JBHT,HUNT J B TRANSPORT SERVICES INC,Nasdaq,sec,hunt j b transport services
TW,Tradeweb Markets Inc.,Nasdaq,sec,tradeweb markets
EXE,EXPAND ENERGY Corp,Nasdaq,sec,expand energy
CTSH,COGNIZANT TECHNOLOGY SOLUTIONS CORP,Nasdaq,sec,cognizant technology solutions
UTHR,UNITED THERAPEUTICS Corp,Nasdaq,sec,united therapeutics
AXIA,AXIA Energia S.A.,NYSE,sec,axia energia s a
WTW,WILLIS TOWERS WATSON PLC,Nasdaq,sec,willis towers watson
NTAP,"NetApp, Inc.",Nasdaq,sec,netapp
FSLR,"FIRST SOLAR, INC.",Nasdaq,sec,first solar
XPO,"XPO, Inc.",NYSE,sec,xpo
BG,Bunge Global SA,NYSE,sec,bunge global sa
LYB,LyondellBasell Industries N.V.,NYSE,sec,lyondellbasell industries n v
NMR,NOMURA HOLDINGS INC,NYSE,sec,nomura
SYF,Synchrony Financial,NYSE,sec,synchrony financial
TSN,"TYSON FOODS, INC.",NYSE,sec,tyson foods
MKL,MARKEL GROUP INC.,NYSE,sec,markel
INSM,INSMED Inc,Nasdaq,sec,insmed
LPLA,LPL Financial Holdings Inc.,Nasdaq,sec,lpl financial
SQM,CHEMICAL & MINING CO OF CHILE INC,NYSE,sec,chemical mining of chile
FTAI,FTAI Aviation Ltd.,Nasdaq,sec,ftai aviation
RF,REGIONS FINANCIAL CORP,NYSE,sec,regions financial
DG,DOLLAR GENERAL CORP,NYSE,sec,dollar general
NI,NISOURCE INC.,NYSE,sec,nisource
CHD,CHURCH & DWIGHT CO INC /DE/,NYSE,sec,church dwight de
KEY,KEYCORP /NEW/,NYSE,sec,keycorp new
PPG,PPG INDUSTRIES INC,NYSE,sec,ppg industries
CMS,CMS ENERGY CORP,NYSE,sec,cms energy
FIS,"Fidelity National Information Services, Inc.",NYSE,sec,fidelity national information services
PKX,POSCO HOLDINGS INC.,NYSE,sec,posco
CPAY,"CORPAY, INC.",NYSE,sec,corpay
VRSK,"Verisk Analytics, Inc.",Nasdaq,sec,verisk analytics
BCE,BCE INC,NYSE,sec,bce
STRL,"STERLING INFRASTRUCTURE, INC.",Nasdaq,sec,sterling infrastructure
FCNCA,FIRST CITIZENS BANCSHARES INC /DE/,Nasdaq,sec,first citizens bancshares de
IHG,INTERCONTINENTAL HOTELS GROUP PLC /NEW/,NYSE,sec,intercontinental hotels new
PAAS,PAN AMERICAN SILVER CORP,NYSE,sec,pan american silver
BNTX,BioNTech SE,Nasdaq,sec,biontech se
DRI,DARDEN RESTAURANTS INC,NYSE,sec,darden restaurants
L,LOEWS CORP,NYSE,sec,loews
KOF,COCA COLA FEMSA SAB DE CV,NYSE,sec,coca cola femsa sab de cv
SBAC,SBA COMMUNICATIONS CORP,Nasdaq,sec,sba communications
TEAM,Atlassian Corp,Nasdaq,sec,atlassian
VIV,TELEFONICA BRASIL S.A.,NYSE,sec,telefonica brasil s a
BEP,Brookfield Renewable Partners L.P.,NYSE,sec,brookfield renewable partners l p
PFG,PRINCIPAL FINANCIAL GROUP INC,Nasdaq,sec,principal financial
TROW,PRICE T ROWE GROUP INC,Nasdaq,sec,price t rowe
AFRM,"Affirm Holdings, Inc.",Nasdaq,sec,affirm
FFIV,"F5, INC.",Nasdaq,sec,f5
WST,WEST PHARMACEUTICAL SERVICES INC,NYSE,sec,west pharmaceutical services
ILMN,"ILLUMINA, INC.",Nasdaq,sec,illumina
AER,AerCap Holdings N.V.,NYSE,sec,aercap n v
STLA,Stellantis N.V.,NYSE,sec,stellantis n v
VLTO,Veralto Corp,NYSE,sec,veralto
MTD,METTLER TOLEDO INTERNATIONAL INC/,NYSE,sec,mettler toledo international
EDPFY,EDP ENERGIAS DE PORTUGAL SA,OTC,sec,edp energias de portugal sa
PHM,PULTEGROUP INC/MI/,NYSE,sec,pultegroup mi
DGX,QUEST DIAGNOSTICS INC,NYSE,sec,quest diagnostics
ULTA,"Ulta Beauty, Inc.",Nasdaq,sec,ulta beauty
STE,STERIS plc,NYSE,sec,steris
LH,LABCORP HOLDINGS INC.,NYSE,sec,labcorp
EXPD,EXPEDITORS INTERNATIONAL OF WASHINGTON INC,NYSE,sec,expeditors international of washington
AKAM,AKAMAI TECHNOLOGIES INC,Nasdaq,sec,akamai technologies
FWONA,Liberty Media Corp,Nasdaq,sec,liberty media
WWD,"Woodward, Inc.",Nasdaq,sec,woodward
OMC,OMNICOM GROUP INC.,NYSE,sec,omnicom
LEN,LENNAR CORP /NEW/,NYSE,sec,lennar new
ATI,ATI INC,NYSE,sec,ati
CHRW,"C. H. ROBINSON WORLDWIDE, INC.",Nasdaq,sec,c h robinson worldwide
WIT,WIPRO LTD,NYSE,sec,wipro
YPF,YPF SOCIEDAD ANONIMA,NYSE,sec,ypf sociedad anonima
WSM,WILLIAMS SONOMA INC,NYSE,sec,williams sonoma
ROIV,Roivant Sciences Ltd.,Nasdaq,sec,roivant sciences
CRS,CARPENTER TECHNOLOGY CORP,NYSE,sec,carpenter technology
ULS,UL Solutions Inc.,NYSE,sec,ul solutions
CHTR,"CHARTER COMMUNICATIONS, INC. /MO/",Nasdaq,sec,charter communications mo
ASBHY,"Asahi Group Holdings, Ltd./ADR",OTC,sec,asahi
BEKE,KE Holdings Inc.,NYSE,sec,ke
SBS,COMPANHIA DE SANEAMENTO BASICO DO ESTADO DE SAO PAULO-SABESP,NYSE,sec,companhia de saneamento basico do estado de sao paulo sabesp
ALB,ALBEMARLE CORP,NYSE,sec,albemarle
HKHHY,HEINEKEN HOLDING N V,OTC,sec,heineken n v
MKSI,MKS INC,Nasdaq,sec,mks
LNTCY,"Lens Technology Co., Ltd./ADR",OTC,sec,lens technology
BRO,"BROWN & BROWN, INC.",NYSE,sec,brown brown
CF,"CF Industries Holdings, Inc.",NYSE,sec,cf industries
AS,"Amer Sports, Inc.",NYSE,sec,amer sports
SOFI,"SoFi Technologies, Inc.",Nasdaq,sec,sofi technologies
RL,RALPH LAUREN CORP,NYSE,sec,ralph lauren
EFX,EQUIFAX INC,NYSE,sec,equifax
MAIR,Madison Air Solutions Corp,NYSE,sec,madison air solutions
RCI,ROGERS COMMUNICATIONS INC,NYSE,sec,rogers communications
HPQ,HP INC,NYSE,sec,hp
RBA,RB GLOBAL INC.,NYSE,sec,rb global
TU,TELUS CORP,NYSE,sec,telus
EVRG,"Evergy, Inc.",Nasdaq,sec,evergy
NXT,Nextpower Inc.,Nasdaq,sec,nextpower
INCY,INCYTE CORP,Nasdaq,sec,incyte
DD,"DuPont de Nemours, Inc.",NYSE,sec,dupont de nemours
DKS,"DICK'S SPORTING GOODS, INC.",NYSE,sec,dick s sporting goods
ENTG,ENTEGRIS INC,Nasdaq,sec,entegris
LNT,ALLIANT ENERGY CORP,Nasdaq,sec,alliant energy
VTRS,Viatris Inc,Nasdaq,sec,viatris
ESS,"ESSEX PROPERTY TRUST, INC.",NYSE,sec,essex property trust
SW,Smurfit Westrock plc,NYSE,sec,smurfit westrock
SNA,Snap-on Inc,NYSE,sec,snap on
WES,"Western Midstream Partners, LP",NYSE,sec,western midstream partners lp
GPN,GLOBAL PAYMENTS INC,NYSE,sec,global payments
RGLD,ROYAL GOLD INC,Nasdaq,sec,royal gold
BCH,BANK OF CHILE,NYSE,sec,bank of chile
SMCI,"Super Micro Computer, Inc.",Nasdaq,sec,super micro computer
IFF,INTERNATIONAL FLAVORS & FRAGRANCES INC,NYSE,sec,international flavors fragrances
SITM,SITIME Corp,Nasdaq,sec,sitime
PR,Permian Resources Corp,NYSE,sec,permian resources
LUV,SOUTHWEST AIRLINES CO,NYSE,sec,southwest airlines
RS,"RELIANCE, INC.",NYSE,sec,reliance
SNX,TD SYNNEX CORP,NYSE,sec,td synnex
MRNA,"Moderna, Inc.",Nasdaq,sec,moderna
BWXT,"BWX Technologies, Inc.",NYSE,sec,bwx technologies
PKG,PACKAGING CORP OF AMERICA,NYSE,sec,packaging of america
IONQ,"IonQ, Inc.",NYSE,sec,ionq
ZTO,ZTO Express (Cayman) Inc.,NYSE,sec,zto express cayman
GIS,GENERAL MILLS INC,NYSE,sec,general mills
BURL,"Burlington Stores, Inc.",NYSE,sec,burlington stores
IOT,Samsara Inc.,NYSE,sec,samsara
APG,APi Group Corp,NYSE,sec,api
USFD,US Foods Holding Corp.,NYSE,sec,us foods
WMG,Warner Music Group Corp.,Nasdaq,sec,warner music
RBC,RBC Bearings INC,NYSE,sec,rbc bearings
ROKU,"ROKU, INC",Nasdaq,sec,roku
FTV,Fortive Corp,NYSE,sec,fortive
CX,CEMEX SAB DE CV,NYSE,sec,cemex sab de cv
BIP,Brookfield Infrastructure Partners L.P.,NYSE,sec,brookfield infrastructure partners l p
DLTR,"DOLLAR TREE, INC.",Nasdaq,sec,dollar tree
VNOM,"Viper Energy, Inc.",Nasdaq,sec,viper energy
FUTU,Futu Holdings Ltd,Nasdaq,sec,futu
CDE,"Coeur Mining, Inc.",NYSE,sec,coeur mining
RIVN,"Rivian Automotive, Inc. / DE",Nasdaq,sec,rivian automotive de
BR,"BROADRIDGE FINANCIAL SOLUTIONS, INC.",NYSE,sec,broadridge financial solutions
ITT,ITT INC.,NYSE,sec,itt
OVV,Ovintiv Inc.,NYSE,sec,ovintiv
IREN,IREN Ltd,Nasdaq,sec,iren
WTKWY,WOLTERS KLUWER N V /FI,OTC,sec,wolters kluwer n v fi
KSPI,Joint Stock Co Kaspi.kz,Nasdaq,sec,joint stock kaspi kz
TLK,PERUSAHAAN PERSEROAN PERSERO PT TELEKOMUNIKASI INDONESIA TBK,NYSE,sec,perusahaan perseroan persero pt telekomunikasi indonesia tbk
INVH,Invitation Homes Inc.,NYSE,sec,invitation homes
LSCC,LATTICE SEMICONDUCTOR CORP,Nasdaq,sec,lattice semiconductor
AMCR,Amcor plc,NYSE,sec,amcor
AA,Alcoa Corp,NYSE,sec,alcoa
FLUT,Flutter Entertainment plc,NYSE,sec,flutter entertainment
DIDIY,DiDi Global Inc.,OTC,sec,didi global
KEP,KOREA ELECTRIC POWER CORP,NYSE,sec,korea electric power
LII,LENNOX INTERNATIONAL INC,NYSE,sec,lennox international
PTC,PTC INC.,Nasdaq,sec,ptc
TTMI,TTM TECHNOLOGIES INC,Nasdaq,sec,ttm technologies
PAA,PLAINS ALL AMERICAN PIPELINE LP,Nasdaq,sec,plains all american pipeline lp
ZBH,"ZIMMER BIOMET HOLDINGS, INC.",NYSE,sec,zimmer biomet
WPC,W. P. Carey Inc.,NYSE,sec,w p carey
EWBC,EAST WEST BANCORP INC,Nasdaq,sec,east west bancorp
LI,Li Auto Inc.,Nasdaq,sec,li auto
WY,WEYERHAEUSER CO,NYSE,sec,weyerhaeuser
THC,TENET HEALTHCARE CORP,NYSE,sec,tenet healthcare
WCC,WESCO INTERNATIONAL INC,NYSE,sec,wesco international
CG,Carlyle Group Inc.,Nasdaq,sec,carlyle
ARNNY,ASR Nederland N.V./ADR,OTC,sec,asr nederland n v
TSCO,TRACTOR SUPPLY CO /DE/,Nasdaq,sec,tractor supply de
AGI,ALAMOS GOLD INC,NYSE,sec,alamos gold
AMKR,"AMKOR TECHNOLOGY, INC.",Nasdaq,sec,amkor technology
MGA,MAGNA INTERNATIONAL INC,NYSE,sec,magna international
PHYS,Sprott Physical Gold Trust,NYSE,sec,sprott physical gold trust
EMA,EMERA INC,NYSE,sec,emera
BEN,FRANKLIN RESOURCES INC,NYSE,sec,franklin resources
SSNC,SS&C Technologies Holdings Inc,Nasdaq,sec,ss c technologies
YUMC,"Yum China Holdings, Inc.",NYSE,sec,yum china
RTO,RENTOKIL INITIAL PLC /FI,NYSE,sec,rentokil initial fi
PTCAY,PT Chandra Asri Petrochemical Tbk/ADR,OTC,sec,pt chandra asri petrochemical tbk
LDOS,"Leidos Holdings, Inc.",NYSE,sec,leidos
GMAB,GENMAB A/S,Nasdaq,sec,genmab a s
KIM,KIMCO REALTY CORP,NYSE,sec,kimco realty
WSO,WATSCO INC,NYSE,sec,watsco
DOCN,"DigitalOcean Holdings, Inc.",NYSE,sec,digitalocean
NLY,ANNALY CAPITAL MANAGEMENT INC,NYSE,sec,annaly capital management
SUI,SUN COMMUNITIES INC,NYSE,sec,sun communities
NVR,NVR INC,NYSE,sec,nvr
IP,INTERNATIONAL PAPER CO /NEW/,NYSE,sec,international paper new
NBIX,NEUROCRINE BIOSCIENCES INC,Nasdaq,sec,neurocrine biosciences
PUGBY,Puig Brands S.A./ADR,OTC,sec,puig brands s a
H,Hyatt Hotels Corp,NYSE,sec,hyatt hotels
TPG,TPG Inc.,Nasdaq,sec,tpg
CLH,CLEAN HARBORS INC,NYSE,sec,clean harbors
TXT,TEXTRON INC,NYSE,sec,textron
MAA,MID AMERICA APARTMENT COMMUNITIES INC.,NYSE,sec,mid america apartment communities
DTM,"DT Midstream, Inc.",NYSE,sec,dt midstream
PS,PERSHING SQUARE INC.,NYSE,sec,pershing square
OHI,OMEGA HEALTHCARE INVESTORS INC,NYSE,sec,omega healthcare investors
PSLV,Sprott Physical Silver Trust,NYSE,sec,sprott physical silver trust
IEX,IDEX CORP /DE/,NYSE,sec,idex de
LAMR,LAMAR ADVERTISING CO/NEW,Nasdaq,sec,lamar advertising new
NDSN,NORDSON CORP,Nasdaq,sec,nordson
HST,"HOST HOTELS & RESORTS, INC.",Nasdaq,sec,host hotels resorts
CIB,Grupo Cibest S.A.,NYSE,sec,grupo cibest s a
NVMI,NOVA LTD.,Nasdaq,sec,nova
OKTA,"Okta, Inc.",Nasdaq,sec,okta
TME,Tencent Music Entertainment Group,NYSE,sec,tencent music entertainment
JAZZ,Jazz Pharmaceuticals plc,Nasdaq,sec,jazz pharmaceuticals
LOGI,LOGITECH INTERNATIONAL S.A.,Nasdaq,sec,logitech international s a
PL,Planet Labs PBC,NYSE,sec,planet labs pbc
WF,WOORI FINANCIAL GROUP INC.,NYSE,sec,woori financial
PFGC,Performance Food Group Co,NYSE,sec,performance food
GEN,Gen Digital Inc.,Nasdaq,sec,gen digital
ASND,Ascendis Pharma A/S,Nasdaq,sec,ascendis pharma a s
OWL,BLUE OWL CAPITAL INC.,NYSE,sec,blue owl capital
YARIY,YARA INTERNATIONAL ASA,OTC,sec,yara international asa
BALL,BALL Corp,NYSE,sec,ball
PAC,Pacific Airport Group,NYSE,sec,pacific airport
MLI,MUELLER INDUSTRIES INC,NYSE,sec,mueller industries
TKO,"TKO Group Holdings, Inc.",NYSE,sec,tko
REG,REGENCY CENTERS CORP,Nasdaq,sec,regency centers
APA,APA Corp,Nasdaq,sec,apa
SN,"SharkNinja, Inc.",NYSE,sec,sharkninja
NIO,NIO Inc.,NYSE,sec,nio
TLN,Talen Energy Corp,Nasdaq,sec,talen energy
CRRFY,CARREFOUR SA,OTC,sec,carrefour sa
GNRC,GENERAC HOLDINGS INC.,NYSE,sec,generac
NWSA,NEWS CORP,Nasdaq,sec,news
GRAB,Grab Holdings Ltd,Nasdaq,sec,grab
XPEV,XPENG INC.,NYSE,sec,xpeng
BSAC,BANCO SANTANDER CHILE,NYSE,sec,banco santander chile
SKM,SK TELECOM CO LTD,NYSE,sec,sk telecom
PNFP,"Pinnacle Financial Partners, Inc.",NYSE,sec,pinnacle financial partners
LULU,lululemon athletica inc.,Nasdaq,sec,lululemon athletica
HTHT,H World Group Ltd,Nasdaq,sec,h world
EG,"EVEREST GROUP, LTD.",NYSE,sec,everest
ARXS,"Arxis, Inc.",Nasdaq,sec,arxis
LECO,LINCOLN ELECTRIC HOLDINGS INC,Nasdaq,sec,lincoln electric
UDR,"UDR, Inc.",NYSE,sec,udr
CSGP,"COSTAR GROUP, INC.",Nasdaq,sec,costar
RGA,REINSURANCE GROUP OF AMERICA INC,NYSE,sec,reinsurance of america
HAS,"HASBRO, INC.",Nasdaq,sec,hasbro
AUR,"Aurora Innovation, Inc.",Nasdaq,sec,aurora innovation
BAWAY,BAWAG Group AG/ADR,OTC,sec,bawag ag
SCRNY,"SCREEN Holdings Co., Ltd./ADR",OTC,sec,screen
AAOI,"APPLIED OPTOELECTRONICS, INC.",Nasdaq,sec,applied optoelectronics
ARMK,Aramark,NYSE,sec,aramark
SUN,Sunoco LP,NYSE,sec,sunoco lp
TIGO,MILLICOM INTERNATIONAL CELLULAR SA,Nasdaq,sec,millicom international cellular sa
GIB,CGI INC,NYSE,sec,cgi
LTM,LATAM AIRLINES GROUP S.A.,NYSE,sec,latam airlines s a
TOST,"Toast, Inc.",NYSE,sec,toast
GLPI,"Gaming & Leisure Properties, Inc.",Nasdaq,sec,gaming leisure properties
LYTHF,Lytus Technologies Holdings PTV. Ltd.,OTC,sec,lytus technologies ptv
JBS,JBS N.V.,NYSE,sec,jbs n v
DECK,DECKERS OUTDOOR CORP,NYSE,sec,deckers outdoor
CDW,CDW Corp,Nasdaq,sec,cdw
ARCC,ARES CAPITAL CORP,Nasdaq,sec,ares capital
RGC,Regencell Bioscience Holdings Ltd,Nasdaq,sec,regencell bioscience
J,JACOBS SOLUTIONS INC.,NYSE,sec,jacobs solutions
DOC,"HEALTHPEAK PROPERTIES, INC.",NYSE,sec,healthpeak properties
GFL,GFL Environmental Inc.,NYSE,sec,gfl environmental
JLL,JONES LANG LASALLE INC,NYSE,sec,jones lang lasalle
TYL,TYLER TECHNOLOGIES INC,NYSE,sec,tyler technologies
RBRK,"Rubrik, Inc.",NYSE,sec,rubrik
LGN,Legence Corp.,Nasdaq,sec,legence
RMBS,RAMBUS INC,Nasdaq,sec,rambus
CSL,CARLISLE COMPANIES INC,NYSE,sec,carlisle companies
FNF,"Fidelity National Financial, Inc.",NYSE,sec,fidelity national financial
SNN,SMITH & NEPHEW PLC,NYSE,sec,smith nephew
UNM,Unum Group,NYSE,sec,unum
CHKP,CHECK POINT SOFTWARE TECHNOLOGIES LTD,Nasdaq,sec,check point software technologies
TMTNY,Toromont Industries Ltd./ADR,OTC,sec,toromont industries
GH,"Guardant Health, Inc.",Nasdaq,sec,guardant health
MAS,MASCO CORP /DE/,NYSE,sec,masco de
NTNX,"Nutanix, Inc.",Nasdaq,sec,nutanix
AMH,American Homes 4 Rent,NYSE,sec,american homes 4 rent
DSEEY,Daiwa Securities Group Inc.,OTC,sec,daiwa securities
FPS,"Forgent Power Solutions, Inc.",NYSE,sec,forgent power solutions
PAYP,PayPay Corp,Nasdaq,sec,paypay
DINO,HF Sinclair Corp,NYSE,sec,hf sinclair
SOLV,Solventum Corp,NYSE,sec,solventum
SGI,SOMNIGROUP INTERNATIONAL INC.,NYSE,sec,somnigroup international
BBIO,"BridgeBio Pharma, Inc.",Nasdaq,sec,bridgebio pharma
MOD,MODINE MANUFACTURING CO,NYSE,sec,modine manufacturing
RNR,RENAISSANCERE HOLDINGS LTD,NYSE,sec,renaissancere
GPC,GENUINE PARTS CO,NYSE,sec,genuine parts
PEN,Penumbra Inc,NYSE,sec,penumbra
HII,"HUNTINGTON INGALLS INDUSTRIES, INC.",NYSE,sec,huntington ingalls industries
LPGCY,Laopu Gold Co. Ltd./ADR,OTC,sec,laopu gold
TRU,TransUnion,NYSE,sec,transunion
IESC,"IES Holdings, Inc.",Nasdaq,sec,ies
TRMB,TRIMBLE INC.,Nasdaq,sec,trimble
AIZ,"ASSURANT, INC.",NYSE,sec,assurant
MKC,MCCORMICK & CO INC,NYSE,sec,mccormick
CNH,CNH Industrial N.V.,NYSE,sec,cnh industrial n v
AEG,AEGON LTD.,NYSE,sec,aegon
SOLS,Solstice Advanced Materials Inc.,Nasdaq,sec,solstice advanced materials
DKNG,DraftKings Inc.,Nasdaq,sec,draftkings
ELS,EQUITY LIFESTYLE PROPERTIES INC,NYSE,sec,equity lifestyle properties
SMTC,SEMTECH CORP,Nasdaq,sec,semtech
BBY,BEST BUY CO INC,NYSE,sec,best buy
ALLY,Ally Financial Inc.,NYSE,sec,ally financial
GGG,GRACO INC,NYSE,sec,graco
EVR,Evercore Inc.,NYSE,sec,evercore
BJ,"BJ's Wholesale Club Holdings, Inc.",NYSE,sec,bj s wholesale club
DVA,DAVITA INC.,NYSE,sec,davita
VARRY,Var Energi ASA/ADR,OTC,sec,var energi asa
BWA,BORGWARNER INC,NYSE,sec,borgwarner
ONON,On Holding AG,NYSE,sec,on ag
RRX,REGAL REXNORD CORP,NYSE,sec,regal rexnord
DY,DYCOM INDUSTRIES INC,NYSE,sec,dycom industries
WSE,Wise Group plc,Nasdaq,sec,wise
ONTO,ONTO INNOVATION INC.,NYSE,sec,onto innovation
SMMT,Summit Therapeutics Inc.,Nasdaq,sec,summit therapeutics
PNW,PINNACLE WEST CAPITAL CORP,NYSE,sec,pinnacle west capital
FIG,"Figma, Inc.",NYSE,sec,figma
EXEL,"EXELIXIS, INC.",Nasdaq,sec,exelixis
IONS,IONIS PHARMACEUTICALS INC,Nasdaq,sec,ionis pharmaceuticals
CRBG,"Corebridge Financial, Inc.",NYSE,sec,corebridge financial
BNT,Brookfield Wealth Solutions Ltd.,NYSE,sec,brookfield wealth solutions
NYT,NEW YORK TIMES CO,NYSE,sec,new york times
BF-A,BROWN FORMAN CORP,NYSE,sec,brown forman
RPM,RPM INTERNATIONAL INC/DE/,NYSE,sec,rpm international de
AR,ANTERO RESOURCES Corp,NYSE,sec,antero resources
SANM,SANMINA CORP,Nasdaq,sec,sanmina
MEDP,"Medpace Holdings, Inc.",Nasdaq,sec,medpace
COO,"COOPER COMPANIES, INC.",Nasdaq,sec,cooper companies
GDDY,GoDaddy Inc.,NYSE,sec,godaddy
CNA,CNA FINANCIAL CORP,NYSE,sec,cna financial
SAIA,SAIA INC,Nasdaq,sec,saia
BLMOY,BELIMO Holding AG/ADR,OTC,sec,belimo ag
GWRE,"Guidewire Software, Inc.",NYSE,sec,guidewire software
ENLT,Enlight Renewable Energy Ltd.,Nasdaq,sec,enlight renewable energy
FMS,Fresenius Medical Care AG,NYSE,sec,fresenius medical care ag
FIVE,"FIVE BELOW, INC",Nasdaq,sec,five below
MDGL,"MADRIGAL PHARMACEUTICALS, INC.",Nasdaq,sec,madrigal pharmaceuticals
AVY,Avery Dennison Corp,NYSE,sec,avery dennison
ZBRA,ZEBRA TECHNOLOGIES CORP,Nasdaq,sec,zebra technologies
DT,"Dynatrace, Inc.",NYSE,sec,dynatrace
TOL,"Toll Brothers, Inc.",NYSE,sec,toll brothers
IVZ,Invesco Ltd.,NYSE,sec,invesco
CONE,"Compass Sub North, Inc.",None,sec,compass sub north
ERIE,ERIE INDEMNITY CO,Nasdaq,sec,erie indemnity
AXSM,"Axsome Therapeutics, Inc.",Nasdaq,sec,axsome therapeutics
VIRT,"Virtu Financial, Inc.",NYSE,sec,virtu financial
AGNC,AGNC Investment Corp.,Nasdaq,sec,agnc investment
GL,GLOBE LIFE INC.,NYSE,sec,globe life
PNR,PENTAIR plc,NYSE,sec,pentair
WBS,WEBSTER FINANCIAL CORP,NYSE,sec,webster financial
EQH,"Equitable Holdings, Inc.",NYSE,sec,equitable
QXO,"QXO, Inc.",NYSE,sec,qxo
TFII,TFI International Inc.,NYSE,sec,tfi international
COKE,"Coca-Cola Consolidated, Inc.",Nasdaq,sec,coca cola consolidated
OBICY,"OBIC Co., Ltd./ADR",OTC,sec,obic
VIAV,VIAVI SOLUTIONS INC.,Nasdaq,sec,viavi solutions
SWK,"STANLEY BLACK & DECKER, INC.",NYSE,sec,stanley black decker
AEIS,ADVANCED ENERGY INDUSTRIES INC,Nasdaq,sec,advanced energy industries
U,Unity Software Inc.,NYSE,sec,unity software
TXRH,"Texas Roadhouse, Inc.",Nasdaq,sec,texas roadhouse
DRS,"Leonardo DRS, Inc.",Nasdaq,sec,leonardo drs
WLK,WESTLAKE CORP,NYSE,sec,westlake
AFG,AMERICAN FINANCIAL GROUP INC,NYSE,sec,american financial
RDY,DR REDDYS LABORATORIES LTD,NYSE,sec,dr reddys laboratories
HRL,HORMEL FOODS CORP /DE/,NYSE,sec,hormel foods de
FHN,FIRST HORIZON CORP,NYSE,sec,first horizon
BLD,TopBuild Corp,NYSE,sec,topbuild
CLX,CLOROX CO /DE/,NYSE,sec,clorox de
AIT,APPLIED INDUSTRIAL TECHNOLOGIES INC,NYSE,sec,applied industrial technologies
SF,STIFEL FINANCIAL CORP,NYSE,sec,stifel financial
APTV,Aptiv PLC,NYSE,sec,aptiv
ALGN,ALIGN TECHNOLOGY INC,Nasdaq,sec,align technology
KNX,Knight-Swift Transportation Holdings Inc.,NYSE,sec,knight swift transportation
VICR,VICOR CORP,Nasdaq,sec,vicor
PSKY,Paramount Skydance Corp,Nasdaq,sec,paramount skydance
SJM,J M SMUCKER Co,NYSE,sec,j m smucker
BTSG,"BrightSpring Health Services, Inc.",Nasdaq,sec,brightspring health services
HL,HECLA MINING CO/DE/,NYSE,sec,hecla mining de
SEIC,SEI INVESTMENTS CO,Nasdaq,sec,sei investments
EGP,EASTGROUP PROPERTIES INC,NYSE,sec,eastgroup properties
LFUS,LITTELFUSE INC /DE,Nasdaq,sec,littelfuse de
ALLE,Allegion plc,NYSE,sec,allegion
CACI,CACI INTERNATIONAL INC /DE/,NYSE,sec,caci international de
GMED,GLOBUS MEDICAL INC,NYSE,sec,globus medical
JHX,James Hardie Industries plc,NYSE,sec,james hardie industries
DLAKY,DEUTSCHE LUFTHANSA A G /FI,OTC,sec,deutsche lufthansa a g fi
AAON,"AAON, INC.",Nasdaq,sec,aaon
SCI,SERVICE CORP INTERNATIONAL,NYSE,sec,service international
GLXY,Galaxy Digital Inc.,Nasdaq,sec,galaxy digital
PODD,INSULET CORP,Nasdaq,sec,insulet
RVTY,"REVVITY, INC.",NYSE,sec,revvity
HUBS,HUBSPOT INC,NYSE,sec,hubspot
CCK,"CROWN HOLDINGS, INC.",NYSE,sec,crown
AM,Antero Midstream Corp,NYSE,sec,antero midstream
BMNR,"BITMINE IMMERSION TECHNOLOGIES, INC.",NYSE,sec,bitmine immersion technologies
SWKS,"SKYWORKS SOLUTIONS, INC.",Nasdaq,sec,skyworks solutions
WULF,TERAWULF INC.,Nasdaq,sec,terawulf
TIMB,TIM S.A.,NYSE,sec,tim s a
PINS,"PINTEREST, INC.",NYSE,sec,pinterest
GSAT,"Globalstar, Inc.",Nasdaq,sec,globalstar
WTRG,"Essential Utilities, Inc.",NYSE,sec,essential utilities
APLD,Applied Digital Corp.,Nasdaq,sec,applied digital
MUSA,Murphy USA Inc.,NYSE,sec,murphy usa
HUT,Hut 8 Corp.,Nasdaq,sec,hut 8
ARW,"ARROW ELECTRONICS, INC.",NYSE,sec,arrow electronics
BXP,"BXP, Inc.",NYSE,sec,bxp
JEF,Jefferies Financial Group Inc.,NYSE,sec,jefferies financial
CPT,CAMDEN PROPERTY TRUST,NYSE,sec,camden property trust
DPZ,DOMINOS PIZZA INC,Nasdaq,sec,dominos pizza
EHC,Encompass Health Corp,NYSE,sec,encompass health
CYTK,CYTOKINETICS INC,Nasdaq,sec,cytokinetics
AES,AES CORP,NYSE,sec,aes
BZLFY,BUNZL PLC,OTC,sec,bunzl
HMY,HARMONY GOLD MINING CO LTD,NYSE,sec,harmony gold mining
IT,GARTNER INC,NYSE,sec,gartner
ARWR,"ARROWHEAD PHARMACEUTICALS, INC.",Nasdaq,sec,arrowhead pharmaceuticals
FRVO,Fervo Energy Co,Nasdaq,sec,fervo energy
PAG,"PENSKE AUTOMOTIVE GROUP, INC.",NYSE,sec,penske automotive
ENSG,"ENSIGN GROUP, INC",Nasdaq,sec,ensign
SFD,SMITHFIELD FOODS INC,Nasdaq,sec,smithfield foods
WMS,"ADVANCED DRAINAGE SYSTEMS, INC.",NYSE,sec,advanced drainage systems
HLI,"HOULIHAN LOKEY, INC.",NYSE,sec,houlihan lokey
RRC,RANGE RESOURCES CORP,NYSE,sec,range resources
GIL,Gildan Activewear Inc.,NYSE,sec,gildan activewear
CGNX,COGNEX CORP,Nasdaq,sec,cognex
UHS,UNIVERSAL HEALTH SERVICES INC,NYSE,sec,universal health services
SUZ,Suzano S.A.,NYSE,sec,suzano s a
BSY,BENTLEY SYSTEMS INC,Nasdaq,sec,bentley systems
KTOS,"KRATOS DEFENSE & SECURITY SOLUTIONS, INC.",Nasdaq,sec,kratos defense security solutions
JKHY,JACK HENRY & ASSOCIATES INC,Nasdaq,sec,jack henry associates
FRT,FEDERAL REALTY INVESTMENT TRUST,NYSE,sec,federal realty investment trust
TTD,"Trade Desk, Inc.",Nasdaq,sec,trade desk
GTLS,CHART INDUSTRIES INC,NYSE,sec,chart industries
OGE,OGE ENERGY CORP.,NYSE,sec,oge energy
GME,GameStop Corp.,NYSE,sec,gamestop
FCFS,"FirstCash Holdings, Inc.",Nasdaq,sec,firstcash
ELAN,Elanco Animal Health Inc,NYSE,sec,elanco animal health
WTS,WATTS WATER TECHNOLOGIES INC,NYSE,sec,watts water technologies
WTFC,WINTRUST FINANCIAL CORP,Nasdaq,sec,wintrust financial
WYNN,WYNN RESORTS LTD,Nasdaq,sec,wynn resorts
JOBY,"Joby Aviation, Inc.",NYSE,sec,joby aviation
MINBY,MINEBEA MITSUMI Inc.,OTC,sec,minebea mitsumi
SPXC,"SPX Technologies, Inc.",NYSE,sec,spx technologies
MP,MP Materials Corp. / DE,NYSE,sec,mp materials de
AHR,"American Healthcare REIT, Inc.",NYSE,sec,american healthcare reit
CTRE,"CareTrust REIT, Inc.",NYSE,sec,caretrust reit
OKLO,Oklo Inc.,NYSE,sec,oklo
CR,Crane Co,NYSE,sec,crane
EMBJ,EMBRAER S.A.,NYSE,sec,embraer s a
BMRN,BIOMARIN PHARMACEUTICAL INC,Nasdaq,sec,biomarin pharmaceutical
EQX,Equinox Gold Corp.,NYSE,sec,equinox gold
ORI,OLD REPUBLIC INTERNATIONAL CORP,NYSE,sec,old republic international
VSAT,VIASAT INC,Nasdaq,sec,viasat
MOG-A,MOOG INC.,NYSE,sec,moog
ESI,Element Solutions Inc,NYSE,sec,element solutions
CART,Maplebear Inc.,Nasdaq,sec,maplebear
LINE,"Lineage, Inc.",Nasdaq,sec,lineage
MOH,"MOLINA HEALTHCARE, INC.",NYSE,sec,molina healthcare
DOCU,"DOCUSIGN, INC.",Nasdaq,sec,docusign
UMBF,UMB FINANCIAL CORP,Nasdaq,sec,umb financial
VMI,VALMONT INDUSTRIES INC,NYSE,sec,valmont industries
POWL,POWELL INDUSTRIES INC,Nasdaq,sec,powell industries
DAR,DARLING INGREDIENTS INC.,NYSE,sec,darling ingredients
HBM,Hudbay Minerals Inc.,NYSE,sec,hudbay minerals
MICC,Magnum Ice Cream Co N.V.,NYSE,sec,magnum ice cream n v
LUMN,"Lumen Technologies, Inc.",NYSE,sec,lumen technologies
BAX,BAXTER INTERNATIONAL INC,NYSE,sec,baxter international
DCI,DONALDSON Co INC,NYSE,sec,donaldson
BPOP,"POPULAR, INC.",Nasdaq,sec,popular
MASI,MASIMO CORP,Nasdaq,sec,masimo
PMDIY,Pro Medicus Ltd./ADR,OTC,sec,pro medicus
AG,FIRST MAJESTIC SILVER CORP,NYSE,sec,first majestic silver
IAG,IAMGOLD CORP,NYSE,sec,iamgold
BAH,Booz Allen Hamilton Holding Corp,NYSE,sec,booz allen hamilton
UHAL,U-Haul Holding Co /NV/,NYSE,sec,u haul nv
MGM,MGM Resorts International,NYSE,sec,mgm resorts international
BROS,Dutch Bros Inc.,NYSE,sec,dutch bros
SNAP,Snap Inc,NYSE,sec,snap
BRX,Brixmor Property Group Inc.,NYSE,sec,brixmor property
FORM,FORMFACTOR INC,Nasdaq,sec,formfactor
PSO,PEARSON PLC,NYSE,sec,pearson
ACM,AECOM,NYSE,sec,aecom
ADC,AGREE REALTY CORP,NYSE,sec,agree realty
CAVA,"CAVA GROUP, INC.",NYSE,sec,cava
ABVX,Abivax S.A.,Nasdaq,sec,abivax s a
GWKSY,GAMES WORKSHOP GROUP PLC/ADR,OTC,sec,games workshop
KT,KT CORP,NYSE,sec,kt
ASR,SOUTHEAST AIRPORT GROUP,NYSE,sec,southeast airport
LKNCY,Luckin Coffee Inc.,OTC,sec,luckin coffee
GGB,GERDAU S.A.,NYSE,sec,gerdau s a
SSB,SouthState Bank Corp,NYSE,sec,southstate bank
FRHC,Freedom Holding Corp.,Nasdaq,sec,freedom
ONB,OLD NATIONAL BANCORP /IN/,Nasdaq,sec,old national bancorp in
PRAX,"Praxis Precision Medicines, Inc.",Nasdaq,sec,praxis precision medicines
ALSN,Allison Transmission Holdings Inc,NYSE,sec,allison transmission
AGX,ARGAN INC,NYSE,sec,argan
RYAN,"RYAN SPECIALTY HOLDINGS, INC.",NYSE,sec,ryan specialty
CUBE,CubeSmart,NYSE,sec,cubesmart
ZION,"ZIONS BANCORPORATION, NATIONAL ASSOCIATION /UT/",Nasdaq,sec,zions bancorporation national association ut
ICLR,ICON PLC,Nasdaq,sec,icon
R,RYDER SYSTEM INC,NYSE,sec,ryder system
YMM,Full Truck Alliance Co. Ltd.,NYSE,sec,full truck alliance
STN,STANTEC INC,NYSE,sec,stantec
SIRI,SIRIUS XM HOLDINGS INC.,Nasdaq,sec,sirius xm
CNM,"Core & Main, Inc.",NYSE,sec,core main
ELPC,ENERGY CO OF PARANA,NYSE,sec,energy of parana
TTC,TORO CO,NYSE,sec,toro
OC,Owens Corning,NYSE,sec,owens corning
SPIIY,SPIE SA/ADR,OTC,sec,spie sa
PRI,"Primerica, Inc.",NYSE,sec,primerica
CFR,"CULLEN/FROST BANKERS, INC.",NYSE,sec,cullen frost bankers
SNEX,StoneX Group Inc.,Nasdaq,sec,stonex
NE,Noble Corp plc,NYSE,sec,noble
CWEN,"Clearway Energy, Inc.",NYSE,sec,clearway energy
ALV,AUTOLIV INC,NYSE,sec,autoliv
KRYS,"Krystal Biotech, Inc.",Nasdaq,sec,krystal biotech
CEF,Sprott Physical Gold & Silver Trust,NYSE,sec,sprott physical gold silver trust
LLYVA,"Liberty Live Holdings, Inc.",Nasdaq,sec,liberty live
XP,XP Inc.,Nasdaq,sec,xp
SSL,SASOL LTD,NYSE,sec,sasol
NCLTY,"Nitori Holdings Co., Ltd.",OTC,sec,nitori
SIMO,Silicon Motion Technology CORP,Nasdaq,sec,silicon motion technology
RIOT,"Riot Platforms, Inc.",Nasdaq,sec,riot platforms
FROG,JFrog Ltd,Nasdaq,sec,jfrog
NNN,"NNN REIT, INC.",NYSE,sec,nnn reit
ACI,"Albertsons Companies, Inc.",NYSE,sec,albertsons companies
MSGS,Madison Square Garden Sports Corp.,NYSE,sec,madison square garden sports
KRMN,Karman Holdings Inc.,NYSE,sec,karman
MXL,"MAXLINEAR, INC",Nasdaq,sec,maxlinear
CAE,CAE INC,NYSE,sec,cae
SFM,"Sprouts Farmers Market, Inc.",Nasdaq,sec,sprouts farmers market
FR,FIRST INDUSTRIAL REALTY TRUST INC,NYSE,sec,first industrial realty trust
EDU,New Oriental Education & Technology Group Inc.,NYSE,sec,new oriental education technology
CHRD,Chord Energy Corp,Nasdaq,sec,chord energy
HESM,Hess Midstream LP,NYSE,sec,hess midstream lp
ICL,ICL Group Ltd.,NYSE,sec,icl
SARO,"StandardAero, Inc.",NYSE,sec,standardaero
BILI,Bilibili Inc.,Nasdaq,sec,bilibili
VIST,"Vista Energy, S.A.B. de C.V.",NYSE,sec,vista energy s a b de c v
BVN,BUENAVENTURA MINING CO INC,NYSE,sec,buenaventura mining
ZG,"ZILLOW GROUP, INC.",Nasdaq,sec,zillow
FRO,Frontline plc,NYSE,sec,frontline
QRVO,"Qorvo, Inc.",Nasdaq,sec,qorvo
RIG,Transocean Ltd.,NYSE,sec,transocean
COLB,"COLUMBIA BANKING SYSTEM, INC.",Nasdaq,sec,columbia banking system
WAL,WESTERN ALLIANCE BANCORPORATION,NYSE,sec,western alliance bancorporation
HSIC,HENRY SCHEIN INC,Nasdaq,sec,henry schein
TX,Ternium S.A.,NYSE,sec,ternium s a
DDS,"DILLARD'S, INC.",NYSE,sec,dillard s
VFS,VinFast Auto Ltd.,Nasdaq,sec,vinfast auto
SBSW,Sibanye Stillwater Ltd,NYSE,sec,sibanye stillwater
MTCH,"Match Group, Inc.",Nasdaq,sec,match
AYI,ACUITY INC. (DE),NYSE,sec,acuity de
SM,SM Energy Co,NYSE,sec,sm energy
FLS,FLOWSERVE CORP,NYSE,sec,flowserve
CRUS,"CIRRUS LOGIC, INC.",Nasdaq,sec,cirrus logic
GKOS,GLAUKOS Corp,NYSE,sec,glaukos
SAIL,"SailPoint, Inc.",Nasdaq,sec,sailpoint
TEM,"Tempus AI, Inc.",Nasdaq,sec,tempus ai
CHWY,"Chewy, Inc.",NYSE,sec,chewy
PRMB,Primo Brands Corp,NYSE,sec,primo brands
HALO,"HALOZYME THERAPEUTICS, INC.",Nasdaq,sec,halozyme therapeutics
MBLY,Mobileye Global Inc.,Nasdaq,sec,mobileye global
IBRX,"ImmunityBio, Inc.",Nasdaq,sec,immunitybio
AVAV,AeroVironment Inc,Nasdaq,sec,aerovironment
FNMA,FEDERAL NATIONAL MORTGAGE ASSOCIATION FANNIE MAE,OTC,sec,federal national mortgage association fannie mae
AGCO,AGCO CORP /DE,NYSE,sec,agco de
REXR,"Rexford Industrial Realty, Inc.",NYSE,sec,rexford industrial realty
GDS,GDS Holdings Ltd,Nasdaq,sec,gds
FDS,FACTSET RESEARCH SYSTEMS INC,NYSE,sec,factset research systems
NFG,NATIONAL FUEL GAS CO,NYSE,sec,national fuel gas
YOU,"Clear Secure, Inc.",NYSE,sec,clear secure
ORA,"ORMAT TECHNOLOGIES, INC.",NYSE,sec,ormat technologies
ENS,EnerSys,NYSE,sec,enersys
MANH,MANHATTAN ASSOCIATES INC,Nasdaq,sec,manhattan associates
FIGR,"Figure Technology Solutions, Inc.",Nasdaq,sec,figure technology solutions
LEVI,LEVI STRAUSS & CO,NYSE,sec,levi strauss
ARE,"ALEXANDRIA REAL ESTATE EQUITIES, INC.",NYSE,sec,alexandria real estate equities
AAL,American Airlines Group Inc.,Nasdaq,sec,american airlines
JHG,JANUS HENDERSON GROUP PLC,NYSE,sec,janus henderson
NUVL,"Nuvalent, Inc.",Nasdaq,sec,nuvalent
WNRS,"WINNERS, INC.",OTC,sec,winners
VBREY,Vibra Energia S.A./ADR,OTC,sec,vibra energia s a
EGO,ELDORADO GOLD CORP /FI,NYSE,sec,eldorado gold fi
TAP,MOLSON COORS BEVERAGE CO,NYSE,sec,molson coors beverage
IDA,IDACORP INC,NYSE,sec,idacorp
WFRD,Weatherford International plc,Nasdaq,sec,weatherford international
KEX,KIRBY CORP,NYSE,sec,kirby
SOBO,South Bow Corp,NYSE,sec,south bow
EMN,EASTMAN CHEMICAL CO,NYSE,sec,eastman chemical
ZWS,Zurn Elkay Water Solutions Corp,NYSE,sec,zurn elkay water solutions
AMG,"AFFILIATED MANAGERS GROUP, INC.",NYSE,sec,affiliated managers
AOS,SMITH A O CORP,NYSE,sec,smith a o
BOKF,BOK FINANCIAL CORP,Nasdaq,sec,bok financial
CIFR,Cipher Digital Inc.,Nasdaq,sec,cipher digital
ALGM,"ALLEGRO MICROSYSTEMS, INC.",Nasdaq,sec,allegro microsystems
VAL,Valaris Ltd,NYSE,sec,valaris
CMC,COMMERCIAL METALS Co,NYSE,sec,commercial metals
MTDR,Matador Resources Co,NYSE,sec,matador resources
KGS,"Kodiak Gas Services, Inc.",NYSE,sec,kodiak gas services
ESE,ESCO TECHNOLOGIES INC,NYSE,sec,esco technologies
MWH,"SOLV Energy, Inc.",Nasdaq,sec,solv energy
PDI,PIMCO Dynamic Income Fund,NYSE,sec,pimco dynamic income fund
TKR,TIMKEN CO,NYSE,sec,timken
GAP,GAP INC,NYSE,sec,gap
W,Wayfair Inc.,NYSE,sec,wayfair
CBSH,COMMERCE BANCSHARES INC /MO/,Nasdaq,sec,commerce bancshares mo
JXN,Jackson Financial Inc.,NYSE,sec,jackson financial
BIO,"BIO-RAD LABORATORIES, INC.",NYSE,sec,bio rad laboratories
NOV,NOV Inc.,NYSE,sec,nov
UGI,UGI CORP /PA/,NYSE,sec,ugi pa
ECG,"Everus Construction Group, Inc.",NYSE,sec,everus construction
CELH,"Celsius Holdings, Inc.",Nasdaq,sec,celsius
OSK,OSHKOSH CORP,NYSE,sec,oshkosh
OSCR,"Oscar Health, Inc.",NYSE,sec,oscar health
AXTI,AXT INC,Nasdaq,sec,axt
STAG,"STAG Industrial, Inc.",NYSE,sec,stag industrial
AXS,AXIS CAPITAL HOLDINGS LTD,NYSE,sec,axis capital
CRL,"CHARLES RIVER LABORATORIES INTERNATIONAL, INC.",NYSE,sec,charles river laboratories international
SSD,"Simpson Manufacturing Co., Inc.",NYSE,sec,simpson manufacturing
XE,"X-Energy, Inc.",Nasdaq,sec,x energy
LTH,"Life Time Group Holdings, Inc.",NYSE,sec,life time
CORZ,"Core Scientific, Inc./tx",Nasdaq,sec,core scientific tx
CWAN,"Clearwater Analytics Holdings, Inc.",NYSE,sec,clearwater analytics
VOYA,"Voya Financial, Inc.",NYSE,sec,voya financial
ATR,"APTARGROUP, INC.",NYSE,sec,aptargroup
KNSL,"Kinsale Capital Group, Inc.",NYSE,sec,kinsale capital
VLY,VALLEY NATIONAL BANCORP,Nasdaq,sec,valley national bancorp
PCOR,"PROCORE TECHNOLOGIES, INC.",NYSE,sec,procore technologies
SLAB,SILICON LABORATORIES INC.,Nasdaq,sec,silicon laboratories
BLDR,"Builders FirstSource, Inc.",NYSE,sec,builders firstsource
TECH,BIO-TECHNE Corp,Nasdaq,sec,bio techne
HQY,"HEALTHEQUITY, INC.",Nasdaq,sec,healthequity
HR,Healthcare Realty Trust Inc,NYSE,sec,healthcare realty trust
TTEK,TETRA TECH INC,Nasdaq,sec,tetra tech
QGEN,QIAGEN N.V.,NYSE,sec,qiagen n v
SGHC,Super Group (SGHC) Ltd,NYSE,sec,super sghc
PCVX,"Vaxcyte, Inc.",Nasdaq,sec,vaxcyte
CAMT,CAMTEK LTD,Nasdaq,sec,camtek
RCWLY,Rockwool A/S/ADR,OTC,sec,rockwool a s
NXE,NexGen Energy Ltd.,NYSE,sec,nexgen energy
LOTMY,Lottomatica Group S.p.A./ADR,OTC,sec,lottomatica s p a
FAF,First American Financial Corp,NYSE,sec,first american financial
RHP,"Ryman Hospitality Properties, Inc.",NYSE,sec,ryman hospitality properties
MYRG,MYR GROUP INC.,Nasdaq,sec,myr
TRNO,Terreno Realty Corp,NYSE,sec,terreno realty
PB,PROSPERITY BANCSHARES INC,NYSE,sec,prosperity bancshares
IDCC,"InterDigital, Inc.",Nasdaq,sec,interdigital
QMMM,QMMM Holdings Ltd,Nasdaq,sec,qmmm
FLY,Firefly Aerospace Inc.,Nasdaq,sec,firefly aerospace
MOS,MOSAIC CO,NYSE,sec,mosaic
NCLH,Norwegian Cruise Line Holdings Ltd.,NYSE,sec,norwegian cruise line
THG,"HANOVER INSURANCE GROUP, INC.",NYSE,sec,hanover insurance
VIPS,Vipshop Holdings Ltd,NYSE,sec,vipshop
GGAL,GRUPO FINANCIERO GALICIA SA,Nasdaq,sec,grupo financiero galicia sa
SEI,"Solaris Energy Infrastructure, Inc.",NYSE,sec,solaris energy infrastructure
EPRT,"ESSENTIAL PROPERTIES REALTY TRUST, INC.",NYSE,sec,essential properties realty trust
PPC,PILGRIMS PRIDE CORP,Nasdaq,sec,pilgrims pride
ST,Sensata Technologies Holding plc,NYSE,sec,sensata technologies
AVT,AVNET INC,Nasdaq,sec,avnet
QBTS,D-Wave Quantum Inc.,NYSE,sec,d wave quantum
SHMXY,Shimadzu Corporation/ADR,OTC,sec,shimadzu
PLXS,PLEXUS CORP,Nasdaq,sec,plexus
AROC,"Archrock, Inc.",NYSE,sec,archrock
FSS,FEDERAL SIGNAL CORP /DE/,NYSE,sec,federal signal de
BBUC,Brookfield Business Corp,NYSE,sec,brookfield business
DOX,AMDOCS LTD,Nasdaq,sec,amdocs
HXL,HEXCEL CORP /DE/,NYSE,sec,hexcel de
CAG,CONAGRA BRANDS INC.,NYSE,sec,conagra brands
OR,OR Royalties Inc.,NYSE,sec,or royalties
OGC,OceanaGold Corp,NYSE,sec,oceanagold
CBC,"Central Bancompany, Inc.",Nasdaq,sec,central bancompany
ARSTY,Ariston Holding N.V./ADR,OTC,sec,ariston n v
BEPC,Brookfield Renewable Corp,NYSE,sec,brookfield renewable
PAYC,"Paycom Software, Inc.",NYSE,sec,paycom software
TXNM,TXNM ENERGY INC,NYSE,sec,txnm energy
STEP,StepStone Group Inc.,Nasdaq,sec,stepstone
LNC,LINCOLN NATIONAL CORP,NYSE,sec,lincoln national
RAL,Ralliant Corp,NYSE,sec,ralliant
VFC,V F CORP,NYSE,sec,v f
MORN,"Morningstar, Inc.",Nasdaq,sec,morningstar
JBTM,JBT MAREL Corp,NYSE,sec,jbt marel
POOL,POOL CORP,Nasdaq,sec,pool
BRKR,BRUKER CORP,Nasdaq,sec,bruker
AWI,ARMSTRONG WORLD INDUSTRIES INC,NYSE,sec,armstrong world industries
RSI,"Rush Street Interactive, Inc.",NYSE,sec,rush street interactive
MAC,MACERICH CO,NYSE,sec,macerich
CHYM,"Chime Financial, Inc.",Nasdaq,sec,chime financial
LEA,LEAR CORP,NYSE,sec,lear
SWX,"Southwest Gas Holdings, Inc.",NYSE,sec,southwest gas
NEU,NEWMARKET CORP,NYSE,sec,newmarket
KYMR,"Kymera Therapeutics, Inc.",Nasdaq,sec,kymera therapeutics
DBX,"DROPBOX, INC.",Nasdaq,sec,dropbox
BZ,Kanzhun Ltd,Nasdaq,sec,kanzhun
TAL,TAL Education Group,NYSE,sec,tal education
STWD,"STARWOOD PROPERTY TRUST, INC.",NYSE,sec,starwood property trust
MIDD,MIDDLEBY Corp,Nasdaq,sec,middleby
CELC,Celcuity Inc.,Nasdaq,sec,celcuity
MSA,MSA Safety Inc,NYSE,sec,msa safety
TFPM,Triple Flag Precious Metals Corp.,NYSE,sec,triple flag precious metals
CIG,ENERGY CO OF MINAS GERAIS,NYSE,sec,energy of minas gerais
TEX,TEREX CORP,NYSE,sec,terex
PTGX,"Protagonist Therapeutics, Inc",Nasdaq,sec,protagonist therapeutics
INGR,Ingredion Inc,NYSE,sec,ingredion
NPO,Enpro Inc.,NYSE,sec,enpro
EXP,EAGLE MATERIALS INC,NYSE,sec,eagle materials
PJT,PJT Partners Inc.,NYSE,sec,pjt partners
SFGYY,Sony Financial Group Inc./ADR,OTC,sec,sony financial
LKQ,LKQ CORP,Nasdaq,sec,lkq
CORT,CORCEPT THERAPEUTICS INC,Nasdaq,sec,corcept therapeutics
PNDRY,Pandora A/S / ADR,OTC,sec,pandora a s
ROAD,"Construction Partners, Inc.",Nasdaq,sec,construction partners
VNO,VORNADO REALTY TRUST,NYSE,sec,vornado realty trust
LSTR,LANDSTAR SYSTEM INC,Nasdaq,sec,landstar system
URBN,URBAN OUTFITTERS INC,Nasdaq,sec,urban outfitters
ALKS,Alkermes plc.,Nasdaq,sec,alkermes
ENPH,"Enphase Energy, Inc.",Nasdaq,sec,enphase energy
BTG,B2GOLD CORP,NYSE,sec,b2gold
SSRM,SSR MINING INC.,Nasdaq,sec,ssr mining
CNTA,Centessa Pharmaceuticals plc,Nasdaq,sec,centessa pharmaceuticals
NSA,National Storage Affiliates Trust,NYSE,sec,national storage affiliates trust
RGEN,REPLIGEN CORP,Nasdaq,sec,repligen
OMF,"OneMain Holdings, Inc.",NYSE,sec,onemain
FNB,FNB CORP/PA/,NYSE,sec,fnb pa
GBCI,"GLACIER BANCORP, INC.",NYSE,sec,glacier bancorp
UGP,ULTRAPAR HOLDINGS INC,NYSE,sec,ultrapar
PCTY,Paylocity Holding Corp,Nasdaq,sec,paylocity
DSGX,DESCARTES SYSTEMS GROUP INC,Nasdaq,sec,descartes systems
CHDN,Churchill Downs Inc,Nasdaq,sec,churchill downs
LNTH,"Lantheus Holdings, Inc.",Nasdaq,sec,lantheus
RYN,RAYONIER INC,NYSE,sec,rayonier
TGTX,"TG THERAPEUTICS, INC.",Nasdaq,sec,tg therapeutics
GATX,GATX CORP,NYSE,sec,gatx
S,"SentinelOne, Inc.",NYSE,sec,sentinelone
CPB,CAMPBELL'S Co,Nasdaq,sec,campbell s
VSNT,"Versant Media Group, Inc.",Nasdaq,sec,versant media
AUGO,Aura Minerals Inc.,Nasdaq,sec,aura minerals
BIRK,Birkenstock Holding plc,NYSE,sec,birkenstock
RYTM,"RHYTHM PHARMACEUTICALS, INC.",Nasdaq,sec,rhythm pharmaceuticals
ACT,"Enact Holdings, Inc.",Nasdaq,sec,enact
AN,"AUTONATION, INC.",NYSE,sec,autonation
TTAN,"ServiceTitan, Inc.",Nasdaq,sec,servicetitan
GTES,Gates Industrial Corp plc,NYSE,sec,gates industrial
AXTA,Axalta Coating Systems Ltd.,NYSE,sec,axalta coating systems
FLR,FLUOR CORP,NYSE,sec,fluor
APGE,"Apogee Therapeutics, Inc.",Nasdaq,sec,apogee therapeutics
PAGP,PLAINS GP HOLDINGS LP,Nasdaq,sec,plains gp lp
TKMTY,"Tokyo Metro Co., Ltd./ADR",OTC,sec,tokyo metro
INGM,Ingram Micro Holding Corp,NYSE,sec,ingram micro
TFX,TELEFLEX INC,NYSE,sec,teleflex
NJR,NEW JERSEY RESOURCES CORP,NYSE,sec,new jersey resources
LAD,LITHIA MOTORS INC,NYSE,sec,lithia motors
CE,Celanese Corp,NYSE,sec,celanese
CHE,CHEMED CORP,NYSE,sec,chemed
FSV,FirstService Corp,Nasdaq,sec,firstservice
UEC,URANIUM ENERGY CORP,NYSE,sec,uranium energy
MIRM,"Mirum Pharmaceuticals, Inc.",Nasdaq,sec,mirum pharmaceuticals
PTCT,"PTC THERAPEUTICS, INC.",Nasdaq,sec,ptc therapeutics
LB,LandBridge Co LLC,NYSE,sec,landbridge llc
LW,"Lamb Weston Holdings, Inc.",NYSE,sec,lamb weston
UBSI,UNITED BANKSHARES INC/WV,Nasdaq,sec,united bankshares wv
ENIC,Enel Chile S.A.,NYSE,sec,enel chile s a
SNROY,"Sanrio Company, Ltd./ADR",OTC,sec,sanrio
PACS,"PACS Group, Inc.",NYSE,sec,pacs
BYD,BOYD GAMING CORP,NYSE,sec,boyd gaming
MSM,MSC INDUSTRIAL DIRECT CO INC,NYSE,sec,msc industrial direct
CLF,CLEVELAND-CLIFFS INC.,NYSE,sec,cleveland cliffs
GVA,GRANITE CONSTRUCTION INC,NYSE,sec,granite construction
SYRE,"Spyre Therapeutics, Inc.",Nasdaq,sec,spyre therapeutics
WH,"WYNDHAM HOTELS & RESORTS, INC.",NYSE,sec,wyndham hotels resorts
MUR,MURPHY OIL CORP,NYSE,sec,murphy oil
ACA,"Arcosa, Inc.",NYSE,sec,arcosa
CENX,CENTURY ALUMINUM CO,Nasdaq,sec,century aluminum
BLCO,Bausch & Lomb Corp,NYSE,sec,bausch lomb
NXST,"NEXSTAR MEDIA GROUP, INC.",Nasdaq,sec,nexstar media
MHK,MOHAWK INDUSTRIES INC,NYSE,sec,mohawk industries
MGY,Magnolia Oil & Gas Corp,NYSE,sec,magnolia oil gas
KLAR,Klarna Group plc,NYSE,sec,klarna
CACC,CREDIT ACCEPTANCE CORP,Nasdaq,sec,credit acceptance
POR,PORTLAND GENERAL ELECTRIC CO /OR/,NYSE,sec,portland general electric or
SRRK,Scholar Rock Holding Corp,Nasdaq,sec,scholar rock
PRIM,Primoris Services Corp,NYSE,sec,primoris services
GLNG,GOLAR LNG LTD,Nasdaq,sec,golar lng
COMP,"Compass, Inc.",NYSE,sec,compass
APPF,APPFOLIO INC,Nasdaq,sec,appfolio
OUT,OUTFRONT Media Inc.,NYSE,sec,outfront media
EQPT,EquipmentShare.com Inc,Nasdaq,sec,equipmentshare com
SNDR,"Schneider National, Inc.",NYSE,sec,schneider national
MCY,MERCURY GENERAL CORP,NYSE,sec,mercury general
ESNT,Essent Group Ltd.,NYSE,sec,essent
CZR,"Caesars Entertainment, Inc.",Nasdaq,sec,caesars entertainment
PEGA,PEGASYSTEMS INC,Nasdaq,sec,pegasystems
AMTM,"Amentum Holdings, Inc.",NYSE,sec,amentum
SLFPY,STANDARD LIFE PLC,OTC,sec,standard life
GTX,Garrett Motion Inc.,Nasdaq,sec,garrett motion
BKH,BLACK HILLS CORP /SD/,NYSE,sec,black hills sd
CGON,"CG Oncology, Inc.",Nasdaq,sec,cg oncology
BLTE,"BELITE BIO, INC",Nasdaq,sec,belite bio
MRCY,MERCURY SYSTEMS INC,Nasdaq,sec,mercury systems
ESTC,Elastic N.V.,NYSE,sec,elastic n v
ABCB,Ameris Bancorp,NYSE,sec,ameris bancorp
CRC,California Resources Corp,NYSE,sec,california resources
LOAR,Loar Holdings Inc.,NYSE,sec,loar
NICE,NICE Ltd.,Nasdaq,sec,nice
OTEX,OPEN TEXT CORP,Nasdaq,sec,open text
FLG,"FLAGSTAR BANK, NATIONAL ASSOCIATION",NYSE,sec,flagstar bank national association
BLSH,Bullish,NYSE,sec,bullish
CWST,CASELLA WASTE SYSTEMS INC,Nasdaq,sec,casella waste systems
MTG,MGIC INVESTMENT CORP,NYSE,sec,mgic investment
IBP,"Installed Building Products, Inc.",NYSE,sec,installed building products
PRM,"Perimeter Solutions, Inc.",NYSE,sec,perimeter solutions
PATH,"UiPath, Inc.",NYSE,sec,uipath
PECO,"Phillips Edison & Company, Inc.",Nasdaq,sec,phillips edison
OBDC,Blue Owl Capital Corp,NYSE,sec,blue owl capital
BXSL,Blackstone Secured Lending Fund,NYSE,sec,blackstone secured lending fund
ETSY,ETSY INC,NYSE,sec,etsy
PSN,PARSONS CORP,NYSE,sec,parsons
MATX,"Matson, Inc.",NYSE,sec,matson
KRG,KITE REALTY GROUP TRUST,NYSE,sec,kite realty trust
EAT,"BRINKER INTERNATIONAL, INC",NYSE,sec,brinker international
MDA,MDA Space Ltd.,NYSE,sec,mda space
LBRT,Liberty Energy Inc.,NYSE,sec,liberty energy
BGC,"BGC Group, Inc.",Nasdaq,sec,bgc
G,Genpact LTD,NYSE,sec,genpact
IMVT,"Immunovant, Inc.",Nasdaq,sec,immunovant
COGT,"Cogent Biosciences, Inc.",Nasdaq,sec,cogent biosciences
HPHTY,Hamamatsu Photonics K.K./ADR,OTC,sec,hamamatsu photonics k k
GRFS,Grifols SA,Nasdaq,sec,grifols sa
LQDA,Liquidia Corp,Nasdaq,sec,liquidia
RUSHA,RUSH ENTERPRISES INC \TX\,Nasdaq,sec,rush enterprises tx
RKGRY,RENK Group AG/ADR,OTC,sec,renk ag
CAR,"AVIS BUDGET GROUP, INC.",Nasdaq,sec,avis budget
DUOL,"Duolingo, Inc.",Nasdaq,sec,duolingo
WTM,WHITE MOUNTAINS INSURANCE GROUP LTD,NYSE,sec,white mountains insurance
RGTI,"Rigetti Computing, Inc.",Nasdaq,sec,rigetti computing
HWC,HANCOCK WHITNEY CORP,Nasdaq,sec,hancock whitney
SBRA,"Sabra Health Care REIT, Inc.",Nasdaq,sec,sabra health care reit
SIGI,SELECTIVE INSURANCE GROUP INC,Nasdaq,sec,selective insurance
CNX,CNX Resources Corp,NYSE,sec,cnx resources
HOMB,HOME BANCSHARES INC,NYSE,sec,home bancshares
NOVT,NOVANTA INC,Nasdaq,sec,novanta
EPAM,"EPAM Systems, Inc.",NYSE,sec,epam systems
PIPR,PIPER SANDLER COMPANIES,NYSE,sec,piper sandler companies
AUB,Atlantic Union Bankshares Corp,NYSE,sec,atlantic union bankshares
GXO,"GXO Logistics, Inc.",NYSE,sec,gxo logistics
ADT,ADT Inc.,NYSE,sec,adt
CPA,"Copa Holdings, S.A.",NYSE,sec,copa s a
RRR,"Red Rock Resorts, Inc.",Nasdaq,sec,red rock resorts
AVTR,"Avantor, Inc.",NYSE,sec,avantor
XENE,Xenon Pharmaceuticals Inc.,Nasdaq,sec,xenon pharmaceuticals
OGS,"ONE Gas, Inc.",NYSE,sec,one gas
LUNR,"Intuitive Machines, Inc.",Nasdaq,sec,intuitive machines
HIMS,"Hims & Hers Health, Inc.",NYSE,sec,hims hers health
IFS,Intercorp Financial Services Inc.,NYSE,sec,intercorp financial services
TKC,TURKCELL ILETISIM HIZMETLERI A S,NYSE,sec,turkcell iletisim hizmetleri a s
TMHC,Taylor Morrison Home Corp,NYSE,sec,taylor morrison home
VCTR,"Victory Capital Holdings, Inc.",Nasdaq,sec,victory capital
KMX,CARMAX INC,NYSE,sec,carmax
SR,SPIRE INC,NYSE,sec,spire
ESAB,ESAB Corp,NYSE,sec,esab
ASB,ASSOCIATED BANC-CORP,NYSE,sec,associated banc
OZK,Bank OZK,Nasdaq,sec,bank ozk
BCPC,BALCHEM CORP,Nasdaq,sec,balchem
GOLF,Acushnet Holdings Corp.,NYSE,sec,acushnet
KLIC,KULICKE & SOFFA INDUSTRIES INC,Nasdaq,sec,kulicke soffa industries
OTF,Blue Owl Technology Finance Corp.,NYSE,sec,blue owl technology finance
HASI,"HA Sustainable Infrastructure Capital, Inc.",NYSE,sec,ha sustainable infrastructure capital
MIAX,"MIAMI INTERNATIONAL HOLDINGS, INC.",NYSE,sec,miami international
PBF,PBF Energy Inc.,NYSE,sec,pbf energy
ATAT,Atour Lifestyle Holdings Ltd,Nasdaq,sec,atour lifestyle
DLB,"Dolby Laboratories, Inc.",NYSE,sec,dolby laboratories
MKTX,MARKETAXESS HOLDINGS INC,Nasdaq,sec,marketaxess
VSH,VISHAY INTERTECHNOLOGY INC,NYSE,sec,vishay intertechnology
IEP,ICAHN ENTERPRISES L.P.,Nasdaq,sec,icahn enterprises l p
BIPC,Brookfield Infrastructure Corp,NYSE,sec,brookfield infrastructure
RITM,Rithm Capital Corp.,NYSE,sec,rithm capital
M,"Macy's, Inc.",NYSE,sec,macy s
LYFT,"Lyft, Inc.",Nasdaq,sec,lyft
LEGN,Legend Biotech Corp,Nasdaq,sec,legend biotech
OMAB,Central North Airport Group,Nasdaq,sec,central north airport
PSMT,PRICESMART INC,Nasdaq,sec,pricesmart
TEO,TELECOM ARGENTINA SA,NYSE,sec,telecom argentina sa
JAN,"Janus Living, Inc.",NYSE,sec,janus living
XXI,"Twenty One Capital, Inc.",NYSE,sec,twenty one capital
RDN,RADIAN GROUP INC,NYSE,sec,radian
CROX,"Crocs, Inc.",Nasdaq,sec,crocs
HRB,H&R BLOCK INC,NYSE,sec,h r block
GBTG,"Global Business Travel Group, Inc.",NYSE,sec,global business travel
SITE,"SiteOne Landscape Supply, Inc.",NYSE,sec,siteone landscape supply
WEX,WEX Inc.,NYSE,sec,wex
ALM,Almonty Industries Inc.,Nasdaq,sec,almonty industries
SXT,SENSIENT TECHNOLOGIES CORP,NYSE,sec,sensient technologies
SPHR,Sphere Entertainment Co.,NYSE,sec,sphere entertainment
OLLI,"Ollie's Bargain Outlet Holdings, Inc.",Nasdaq,sec,ollie s bargain outlet
PTEN,PATTERSON UTI ENERGY INC,Nasdaq,sec,patterson uti energy
CHH,CHOICE HOTELS INTERNATIONAL INC /DE,NYSE,sec,choice hotels international de
GNTX,GENTEX CORP,Nasdaq,sec,gentex
CMBT,CMB.TECH NV,NYSE,sec,cmb tech nv
IPGP,IPG PHOTONICS CORP,Nasdaq,sec,ipg photonics
GLBE,Global-E Online Ltd.,Nasdaq,sec,global e online
AVAL,Grupo Aval Acciones Y Valores S.A.,NYSE,sec,grupo aval acciones y valores s a
MEOH,METHANEX CORP,Nasdaq,sec,methanex
RLI,RLI CORP,NYSE,sec,rli
TDS,TELEPHONE & DATA SYSTEMS INC /DE/,NYSE,sec,telephone data systems de
LBRDA,Liberty Broadband Corp,Nasdaq,sec,liberty broadband
FND,"Floor & Decor Holdings, Inc.",NYSE,sec,floor decor
UNF,UNIFIRST CORP,NYSE,sec,unifirst
SYNA,SYNAPTICS Inc,Nasdaq,sec,synaptics
BC,BRUNSWICK CORP,NYSE,sec,brunswick
NAVN,"Navan, Inc.",Nasdaq,sec,navan
CIGI,Colliers International Group Inc.,Nasdaq,sec,colliers international
HAPVY,Hapvida Participacoes e Investimentos S.A./ADR,OTC,sec,hapvida participacoes e investimentos s a
AX,"Axos Financial, Inc.",NYSE,sec,axos financial
GHC,Graham Holdings Co,NYSE,sec,graham
MARA,"MARA Holdings, Inc.",Nasdaq,sec,mara
STVN,Stevanato Group S.p.A.,NYSE,sec,stevanato s p a
UWMC,UWM Holdings Corp,NYSE,sec,uwm
MAIN,Main Street Capital CORP,NYSE,sec,main street capital
HLNE,Hamilton Lane INC,Nasdaq,sec,hamilton lane
DNTH,"Dianthus Therapeutics, Inc. /DE/",Nasdaq,sec,dianthus therapeutics de
HPP,"Hudson Pacific Properties, Inc.",NYSE,sec,hudson pacific properties
LPX,LOUISIANA-PACIFIC CORP,NYSE,sec,louisiana pacific
MBRFY,MARFRIG GLOBAL FOODS S.A.,OTC,sec,marfrig global foods s a
FCN,"FTI CONSULTING, INC",NYSE,sec,fti consulting
ALH,Alliance Laundry Holdings Inc.,NYSE,sec,alliance laundry
MDU,MDU RESOURCES GROUP INC,NYSE,sec,mdu resources
MC,Moelis & Co,NYSE,sec,moelis
NNI,NELNET INC,NYSE,sec,nelnet
ERELY,Eregli Demir ve Celik Fabrikalari TAS/ADR,OTC,sec,eregli demir ve celik fabrikalari tas
WFG,"WEST FRASER TIMBER CO., LTD",NYSE,sec,west fraser timber
PLUG,PLUG POWER INC,Nasdaq,sec,plug power
ACMR,"ACM Research, Inc.",Nasdaq,sec,acm research
SEB,SEABOARD CORP /DE/,NYSE,sec,seaboard de
IRDM,Iridium Communications Inc.,Nasdaq,sec,iridium communications
LAUR,"LAUREATE EDUCATION, INC.",Nasdaq,sec,laureate education
SIM,"GRUPO SIMEC, S.A.B. de C.V.",NYSE,sec,grupo simec s a b de c v
BTDPY,Barratt Developments PLC/ADR,OTC,sec,barratt developments
CRSP,CRISPR Therapeutics AG,Nasdaq,sec,crispr therapeutics ag
XMTR,"Xometry, Inc.",Nasdaq,sec,xometry
SON,SONOCO PRODUCTS CO,NYSE,sec,sonoco products
NTSK,Netskope Inc,Nasdaq,sec,netskope
ZETA,Zeta Global Holdings Corp.,NYSE,sec,zeta global
NWSGY,CTF Services Ltd,OTC,sec,ctf services
TGS,GAS TRANSPORTER OF THE SOUTH INC,NYSE,sec,gas transporter of south
NVTS,Navitas Semiconductor Corp,Nasdaq,sec,navitas semiconductor
ACHR,Archer Aviation Inc.,NYSE,sec,archer aviation
CRGY,Crescent Energy Co,NYSE,sec,crescent energy
FFIN,FIRST FINANCIAL BANKSHARES INC,Nasdaq,sec,first financial bankshares
ONDS,Ondas Inc.,Nasdaq,sec,ondas
MIR,"Mirion Technologies, Inc.",NYSE,sec,mirion technologies
HCC,"WARRIOR MET COAL, INC.",NYSE,sec,warrior met coal
QS,QuantumScape Corp,Nasdaq,sec,quantumscape
REYN,Reynolds Consumer Products Inc.,Nasdaq,sec,reynolds consumer products
KEN,Kenon Holdings Ltd.,NYSE,sec,kenon
UFPI,UFP INDUSTRIES INC,Nasdaq,sec,ufp industries
LAZ,"Lazard, Inc.",NYSE,sec,lazard
IBOC,INTERNATIONAL BANCSHARES CORP,Nasdaq,sec,international bancshares
USAR,"USA Rare Earth, Inc.",Nasdaq,sec,usa rare earth
CRK,COMSTOCK RESOURCES INC,NYSE,sec,comstock resources
VSEC,VSE CORP,Nasdaq,sec,vse
AQN,ALGONQUIN POWER & UTILITIES CORP.,NYSE,sec,algonquin power utilities
EPR,EPR PROPERTIES,NYSE,sec,epr properties
PAM,Pampa Energy Inc.,NYSE,sec,pampa energy
POST,"Post Holdings, Inc.",NYSE,sec,post
EXLS,"ExlService Holdings, Inc.",Nasdaq,sec,exlservice
MRP,"Millrose Properties, Inc.",NYSE,sec,millrose properties
MTN,VAIL RESORTS INC,NYSE,sec,vail resorts
AD,"ARRAY DIGITAL INFRASTRUCTURE, INC.",NYSE,sec,array digital infrastructure
KVYO,"Klaviyo, Inc.",NYSE,sec,klaviyo
MNSO,MINISO Group Holding Ltd,NYSE,sec,miniso
RELY,"Remitly Global, Inc.",Nasdaq,sec,remitly global
USAC,"USA Compression Partners, LP",NYSE,sec,usa compression partners lp
BMA,Macro Bank Inc.,NYSE,sec,macro bank
PFSI,"PennyMac Financial Services, Inc.",NYSE,sec,pennymac financial services
CNO,"CNO Financial Group, Inc.",NYSE,sec,cno financial
INDV,"Indivior Pharmaceuticals, Inc.",Nasdaq,sec,indivior pharmaceuticals
KC,Kingsoft Cloud Holdings Ltd,Nasdaq,sec,kingsoft cloud
COCO,"Vita Coco Company, Inc.",Nasdaq,sec,vita coco
NWE,"NorthWestern Energy Group, Inc.",Nasdaq,sec,northwestern energy
MAT,MATTEL INC /DE/,Nasdaq,sec,mattel de
ACLS,AXCELIS TECHNOLOGIES INC,Nasdaq,sec,axcelis technologies
FTDR,"Frontdoor, Inc.",Nasdaq,sec,frontdoor
HAFN,Hafnia Ltd,NYSE,sec,hafnia
BJGPY,"Beijing Geekplus Technology Co., Ltd./ADR",OTC,sec,beijing geekplus technology
SHC,Sotera Health Co,Nasdaq,sec,sotera health
TFSL,TFS Financial CORP,Nasdaq,sec,tfs financial
ACIW,"ACI WORLDWIDE, INC.",Nasdaq,sec,aci worldwide
DIOD,DIODES INC /DEL/,Nasdaq,sec,diodes del
GTLB,Gitlab Inc.,Nasdaq,sec,gitlab
CVSA,Covista Inc.,NYSE,sec,covista
BOOT,"Boot Barn Holdings, Inc.",NYSE,sec,boot barn
HRI,HERC HOLDINGS INC,NYSE,sec,herc
TBBB,BBB FOODS INC,NYSE,sec,bbb foods
CUZ,COUSINS PROPERTIES INC,NYSE,sec,cousins properties
CSW,"CSW INDUSTRIALS, INC.",NYSE,sec,csw industrials
CSTM,CONSTELLIUM SE,NYSE,sec,constellium se
HNGE,"Hinge Health, Inc.",NYSE,sec,hinge health
BCO,BRINKS CO,NYSE,sec,brinks
LOPE,"Grand Canyon Education, Inc.",Nasdaq,sec,grand canyon education
TCBI,TEXAS CAPITAL BANCSHARES INC/TX,Nasdaq,sec,texas capital bancshares tx
PHI,PLDT Inc.,NYSE,sec,pldt
CAI,"Caris Life Sciences, Inc.",Nasdaq,sec,caris life sciences
CNR,"Core Natural Resources, Inc.",NYSE,sec,core natural resources
WHD,"Cactus, Inc.",NYSE,sec,cactus
LPL,"LG Display Co., Ltd.",NYSE,sec,lg display
FELE,FRANKLIN ELECTRIC CO INC,Nasdaq,sec,franklin electric
ORLA,Orla Mining Ltd.,NYSE,sec,orla mining
CVLT,COMMVAULT SYSTEMS INC,Nasdaq,sec,commvault systems
RDNT,"RadNet, Inc.",Nasdaq,sec,radnet
MANE,"Veradermics, Inc",NYSE,sec,veradermics
TDW,TIDEWATER INC,NYSE,sec,tidewater
LGND,LIGAND PHARMACEUTICALS INC,Nasdaq,sec,ligand pharmaceuticals
EMAT,Evolution Metals & Technologies Corp.,Nasdaq,sec,evolution metals technologies
OPEN,Opendoor Technologies Inc.,Nasdaq,sec,opendoor technologies
LMND,"Lemonade, Inc.",NYSE,sec,lemonade
WSC,WillScot Holdings Corp,Nasdaq,sec,willscot
SFBS,"ServisFirst Bancshares, Inc.",NYSE,sec,servisfirst bancshares
RMVEY,Rightmove PLC/ADR,OTC,sec,rightmove
EBC,"Eastern Bankshares, Inc.",Nasdaq,sec,eastern bankshares
EE,"Excelerate Energy, Inc.",NYSE,sec,excelerate energy
INSW,"International Seaways, Inc.",NYSE,sec,international seaways
IFHLY,Inficon Holding AG/ADR,OTC,sec,inficon ag
MAUTF,Montage Gold Corp.,OTC,sec,montage gold
SAIC,Science Applications International Corp,Nasdaq,sec,science applications international
LBTYA,Liberty Global Ltd.,Nasdaq,sec,liberty global
KNSA,"Kiniksa Pharmaceuticals International, plc",Nasdaq,sec,kiniksa pharmaceuticals international
PLNT,"Planet Fitness, Inc.",NYSE,sec,planet fitness
VVV,VALVOLINE INC,NYSE,sec,valvoline
OLED,UNIVERSAL DISPLAY CORP \PA\,Nasdaq,sec,universal display pa
HP,"Helmerich & Payne, Inc.",NYSE,sec,helmerich payne
FHI,"FEDERATED HERMES, INC.",NYSE,sec,federated hermes
NGXXF,NGEx Minerals Ltd.,OTC,sec,ngex minerals
FMCC,FEDERAL HOME LOAN MORTGAGE CORP,OTC,sec,federal home loan mortgage
MTH,Meritage Homes CORP,NYSE,sec,meritage homes
CBT,CABOT CORP,NYSE,sec,cabot
FOUR,"Shift4 Payments, Inc.",NYSE,sec,shift4 payments
AZZ,AZZ INC,NYSE,sec,azz
REZI,"RESIDEO TECHNOLOGIES, INC.",NYSE,sec,resideo technologies
BNL,"Broadstone Net Lease, Inc.",NYSE,sec,broadstone net lease
SLM,SLM Corp,Nasdaq,sec,slm
ALK,"ALASKA AIR GROUP, INC.",NYSE,sec,alaska air
PI,IMPINJ INC,Nasdaq,sec,impinj
UUUU,ENERGY FUELS INC,NYSE,sec,energy fuels
DNP,DNP SELECT INCOME FUND INC,NYSE,sec,dnp select income fund
KBR,"KBR, INC.",NYSE,sec,kbr
MTRN,MATERION Corp,NYSE,sec,materion
BRC,BRADY CORP,NYSE,sec,brady
SKT,TANGER INC.,NYSE,sec,tanger
AMVOY,AUMOVIO SE,OTC,sec,aumovio se
MNDY,monday.com Ltd.,Nasdaq,sec,monday com
KNF,Knife River Corp,NYSE,sec,knife river
AIR,AAR CORP,NYSE,sec,aar
COLD,AMERICOLD REALTY TRUST,NYSE,sec,americold realty trust
LIVN,LivaNova PLC,Nasdaq,sec,livanova
STNG,Scorpio Tankers Inc.,NYSE,sec,scorpio tankers
ENVA,"Enova International, Inc.",NYSE,sec,enova international
DOO,BRP Inc.,Nasdaq,sec,brp
IRT,"INDEPENDENCE REALTY TRUST, INC.",NYSE,sec,independence realty trust
FULT,FULTON FINANCIAL CORP,Nasdaq,sec,fulton financial
FBIN,"Fortune Brands Innovations, Inc.",NYSE,sec,fortune brands innovations
XNDU,Xanadu Quantum Technologies Ltd,Nasdaq,sec,xanadu quantum technologies
ANDG,Andersen Group Inc.,NYSE,sec,andersen
ADOOY,Adaro Energy PT/ADR/,OTC,sec,adaro energy pt
BDC,BELDEN INC.,NYSE,sec,belden
WPP,WPP plc,NYSE,sec,wpp
TPC,TUTOR PERINI CORP,NYSE,sec,tutor perini
ATMU,Atmus Filtration Technologies Inc.,NYSE,sec,atmus filtration technologies
NAMS,NewAmsterdam Pharma Co N.V.,Nasdaq,sec,newamsterdam pharma n v
SRAD,Sportradar Group AG,Nasdaq,sec,sportradar ag
MMYT,MakeMyTrip Ltd,Nasdaq,sec,makemytrip
CAAP,CORPORACION AMERICA AIRPORTS S.A.,NYSE,sec,corporacion america airports s a
TVTX,"Travere Therapeutics, Inc.",Nasdaq,sec,travere therapeutics
KRC,KILROY REALTY CORP,NYSE,sec,kilroy realty
LASR,"NLIGHT, INC.",Nasdaq,sec,nlight
SLGN,SILGAN HOLDINGS INC,NYSE,sec,silgan
MRX,Marex Group plc,Nasdaq,sec,marex
VNT,Vontier Corp,NYSE,sec,vontier
TNL,Travel & Leisure Co.,NYSE,sec,travel leisure
MWA,"Mueller Water Products, Inc.",NYSE,sec,mueller water products
NEXHY,"Nippon Express Holdings, Inc./ADR",OTC,sec,nippon express
UCB,UNITED COMMUNITY BANKS INC,NYSE,sec,united community banks
BTE,BAYTEX ENERGY CORP.,NYSE,sec,baytex energy
LRN,"Stride, Inc.",NYSE,sec,stride
TAC,TRANSALTA CORP,NYSE,sec,transalta
CPRX,"CATALYST PHARMACEUTICALS, INC.",Nasdaq,sec,catalyst pharmaceuticals
VEON,VEON Ltd.,Nasdaq,sec,veon
POWI,POWER INTEGRATIONS INC,Nasdaq,sec,power integrations
MMSI,MERIT MEDICAL SYSTEMS INC,Nasdaq,sec,merit medical systems
HGTY,"Hagerty, Inc.",NYSE,sec,hagerty
THO,THOR INDUSTRIES INC,NYSE,sec,thor industries
OII,OCEANEERING INTERNATIONAL INC,NYSE,sec,oceaneering international
BLLN,"BillionToOne, Inc.",Nasdaq,sec,billiontoone
BILL,"BILL Holdings, Inc.",NYSE,sec,bill
CLSK,"CLEANSPARK, INC.",Nasdaq,sec,cleanspark
TREX,TREX CO INC,NYSE,sec,trex
AMRX,"Amneal Pharmaceuticals, Inc.",Nasdaq,sec,amneal pharmaceuticals
WAY,Waystar Holding Corp.,Nasdaq,sec,waystar
CATY,CATHAY GENERAL BANCORP,Nasdaq,sec,cathay general bancorp
NVST,Envista Holdings Corp,NYSE,sec,envista
FRMI,Fermi Inc.,Nasdaq,sec,fermi
IRTC,"iRhythm Holdings, Inc.",Nasdaq,sec,irhythm
KNTK,Kinetik Holdings Inc.,NYSE,sec,kinetik
INDB,INDEPENDENT BANK CORP,Nasdaq,sec,independent bank
BULL,Webull Corp,Nasdaq,sec,webull
SUNC,SunocoCorp LLC,NYSE,sec,sunococorp llc
UTG,REAVES UTILITY INCOME FUND,NYSE,sec,reaves utility income fund
NHI,NATIONAL HEALTH INVESTORS INC,NYSE,sec,national health investors
CALM,CAL-MAINE FOODS INC,Nasdaq,sec,cal maine foods
HHH,Howard Hughes Holdings Inc.,NYSE,sec,howard hughes
NP,Neptune Insurance Holdings Inc.,NYSE,sec,neptune insurance
CNS,"COHEN & STEERS, INC.",NYSE,sec,cohen steers
WSFS,WSFS FINANCIAL CORP,Nasdaq,sec,wsfs financial
CRNX,"Crinetics Pharmaceuticals, Inc.",Nasdaq,sec,crinetics pharmaceuticals
CDP,COPT DEFENSE PROPERTIES,NYSE,sec,copt defense properties
HGV,Hilton Grand Vacations Inc.,NYSE,sec,hilton grand vacations
RNST,RENASANT CORP,NYSE,sec,renasant
GFF,GRIFFON CORP,NYSE,sec,griffon
PVH,PVH CORP. /DE/,NYSE,sec,pvh de
SOUN,"SOUNDHOUND AI, INC.",Nasdaq,sec,soundhound ai
OPLN,"OPENLANE, Inc.",NYSE,sec,openlane
SKY,"Champion Homes, Inc.",NYSE,sec,champion homes
FBP,FIRST BANCORP /PR/,NYSE,sec,first bancorp pr
OTTR,Otter Tail Corp,Nasdaq,sec,otter tail
BANF,BANCFIRST CORP /OK/,Nasdaq,sec,bancfirst ok
MAAS,Maase Inc.,Nasdaq,sec,maase
GPI,GROUP 1 AUTOMOTIVE INC,NYSE,sec,1 automotive
BB,BLACKBERRY Ltd,NYSE,sec,blackberry
AKO-A,ANDINA BOTTLING CO INC,NYSE,sec,andina bottling
JOE,ST JOE Co,NYSE,sec,st joe
DOCS,"Doximity, Inc.",NYSE,sec,doximity
FG,"F&G Annuities & Life, Inc.",NYSE,sec,f g annuities life
ARX,Accelerant Holdings,NYSE,sec,accelerant
PONY,Pony AI Inc.,Nasdaq,sec,pony ai
LION,Lionsgate Studios Corp.,NYSE,sec,lionsgate studios
CVCO,"CAVCO INDUSTRIES, INC.",Nasdaq,sec,cavco industries
VSCO,Victoria's Secret & Co.,NYSE,sec,victoria s secret
SEZL,Sezzle Inc.,Nasdaq,sec,sezzle
KAI,KADANT INC,NYSE,sec,kadant
SKE,Skeena Resources Ltd,NYSE,sec,skeena resources
BHF,"Brighthouse Financial, Inc.",Nasdaq,sec,brighthouse financial
RNG,"RingCentral, Inc.",NYSE,sec,ringcentral
STUB,"StubHub Holdings, Inc.",NYSE,sec,stubhub
ESYJY,easyJet plc,OTC,sec,easyjet
BOX,BOX INC,NYSE,sec,box
KTB,"Kontoor Brands, Inc.",NYSE,sec,kontoor brands
AB,ALLIANCEBERNSTEIN HOLDING L.P.,NYSE,sec,alliancebernstein l p
BFAM,BRIGHT HORIZONS FAMILY SOLUTIONS INC.,NYSE,sec,bright horizons family solutions
ACAD,ACADIA PHARMACEUTICALS INC,Nasdaq,sec,acadia pharmaceuticals
TCGL,TechCreate Group Ltd.,NYSE,sec,techcreate
ARIS,Aris Mining Corp,NYSE,sec,aris mining
QLYS,"QUALYS, INC.",Nasdaq,sec,qualys
OGN,Organon & Co.,NYSE,sec,organon
GNW,GENWORTH FINANCIAL INC,NYSE,sec,genworth financial
CVBF,CVB FINANCIAL CORP,Nasdaq,sec,cvb financial
VRNS,VARONIS SYSTEMS INC,Nasdaq,sec,varonis systems
PTRN,Pattern Group Inc.,Nasdaq,sec,pattern
BETA,"BETA Technologies, Inc.",NYSE,sec,beta technologies
RXO,"RXO, Inc.",NYSE,sec,rxo
DLO,dLocal Ltd,Nasdaq,sec,dlocal
AAUC,Allied Gold Corp,NYSE,sec,allied gold
SMR,NUSCALE POWER Corp,NYSE,sec,nuscale power
GEF,"GREIF, INC",NYSE,sec,greif
DAN,DANA Inc,NYSE,sec,dana
BMI,BADGER METER INC,NYSE,sec,badger meter
NMRK,"NEWMARK GROUP, INC.",Nasdaq,sec,newmark
ORKA,"Oruka Therapeutics, Inc.",Nasdaq,sec,oruka therapeutics
ITRI,"ITRON, INC.",Nasdaq,sec,itron
BATRA,"Atlanta Braves Holdings, Inc.",Nasdaq,sec,atlanta braves
WING,Wingstop Inc.,Nasdaq,sec,wingstop
UCTT,"Ultra Clean Holdings, Inc.",Nasdaq,sec,ultra clean
CVI,CVR ENERGY INC,NYSE,sec,cvr energy
TLX,Telix Pharmaceuticals Ltd,Nasdaq,sec,telix pharmaceuticals
OSIS,OSI SYSTEMS INC,Nasdaq,sec,osi systems
AGO,ASSURED GUARANTY LTD,NYSE,sec,assured guaranty
EFXT,Enerflex Ltd.,NYSE,sec,enerflex
BFH,"BREAD FINANCIAL HOLDINGS, INC.",NYSE,sec,bread financial
PII,Polaris Inc.,NYSE,sec,polaris
KFY,KORN FERRY,NYSE,sec,korn ferry
NG,NOVAGOLD RESOURCES INC,NYSE,sec,novagold resources
SDRL,Seadrill Ltd,NYSE,sec,seadrill
ALHC,"Alignment Healthcare, Inc.",Nasdaq,sec,alignment healthcare
AVA,AVISTA CORP,NYSE,sec,avista
EWTX,"Edgewise Therapeutics, Inc.",Nasdaq,sec,edgewise therapeutics
DORM,"Dorman Products, Inc.",Nasdaq,sec,dorman products
GPOR,GULFPORT ENERGY CORP,NYSE,sec,gulfport energy
HIMX,"Himax Technologies, Inc.",Nasdaq,sec,himax technologies
AMBA,AMBARELLA INC,Nasdaq,sec,ambarella
CLBT,Cellebrite DI Ltd.,Nasdaq,sec,cellebrite di
ZGN,Ermenegildo Zegna N.V.,NYSE,sec,ermenegildo zegna n v
GPGI,"GPGI, Inc.",NYSE,sec,gpgi
FIBK,FIRST INTERSTATE BANCSYSTEM INC,Nasdaq,sec,first interstate bancsystem
VECO,VEECO INSTRUMENTS INC,Nasdaq,sec,veeco instruments
GBDC,"GOLUB CAPITAL BDC, Inc.",Nasdaq,sec,golub capital bdc
VCYT,"VERACYTE, INC.",Nasdaq,sec,veracyte
LEU,CENTRUS ENERGY CORP,NYSE,sec,centrus energy
NEA,Nuveen AMT-Free Quality Municipal Income Fund,NYSE,sec,nuveen amt free quality municipal income fund
SEDG,"SOLAREDGE TECHNOLOGIES, INC.",Nasdaq,sec,solaredge technologies
ABG,ASBURY AUTOMOTIVE GROUP INC,NYSE,sec,asbury automotive
APLE,"Apple Hospitality REIT, Inc.",NYSE,sec,apple hospitality reit
FLNC,"Fluence Energy, Inc.",Nasdaq,sec,fluence energy
VKTX,"Viking Therapeutics, Inc.",Nasdaq,sec,viking therapeutics
CBU,"COMMUNITY FINANCIAL SYSTEM, INC.",NYSE,sec,community financial system
NATL,NCR Atleos Corp,NYSE,sec,ncr atleos
SMG,SCOTTS MIRACLE-GRO CO,NYSE,sec,scotts miracle gro
YSS,York Space Systems Inc.,NYSE,sec,york space systems
OPCH,"Option Care Health, Inc.",Nasdaq,sec,option care health
BKU,"BankUnited, Inc.",NYSE,sec,bankunited
CON,"Concentra Group Holdings Parent, Inc.",NYSE,sec,concentra parent
TRMD,TORM plc,Nasdaq,sec,torm
CC,Chemours Co,NYSE,sec,chemours
ARLP,ALLIANCE RESOURCE PARTNERS LP,Nasdaq,sec,alliance resource partners lp
MSGE,Madison Square Garden Entertainment Corp.,NYSE,sec,madison square garden entertainment
FIZZ,NATIONAL BEVERAGE CORP,Nasdaq,sec,national beverage
BWLP,BW LPG Ltd,NYSE,sec,bw lpg
BBWI,"Bath & Body Works, Inc.",NYSE,sec,bath body works
MCHB,Mechanics Bancorp,Nasdaq,sec,mechanics bancorp
CGAU,Centerra Gold Inc.,NYSE,sec,centerra gold
ANF,ABERCROMBIE & FITCH CO /DE/,NYSE,sec,abercrombie fitch de
BKV,BKV Corp,NYSE,sec,bkv
CSAN,Cosan S.A.,NYSE,sec,cosan s a
WSBC,WESBANCO INC,Nasdaq,sec,wesbanco
FHB,"FIRST HAWAIIAN, INC.",Nasdaq,sec,first hawaiian
SII,SPROTT INC.,NYSE,sec,sprott
ERAS,"Erasca, Inc.",Nasdaq,sec,erasca
HWKN,HAWKINS INC,Nasdaq,sec,hawkins
ASO,"Academy Sports & Outdoors, Inc.",Nasdaq,sec,academy sports outdoors
HG,"Hamilton Insurance Group, Ltd.",NYSE,sec,hamilton insurance
YETI,"YETI Holdings, Inc.",NYSE,sec,yeti
LIF,"Life360, Inc.",Nasdaq,sec,life360
ETOR,eToro Group Ltd.,Nasdaq,sec,etoro
CSQ,CALAMOS STRATEGIC TOTAL RETURN FUND,Nasdaq,sec,calamos strategic total return fund
MHO,"M/I HOMES, INC.",NYSE,sec,m i homes
BKD,Brookdale Senior Living Inc.,NYSE,sec,brookdale senior living
CHEF,"Chefs' Warehouse, Inc.",Nasdaq,sec,chefs warehouse
MMS,"MAXIMUS, INC.",NYSE,sec,maximus
HSAI,Hesai Group,Nasdaq,sec,hesai
RUN,Sunrun Inc.,Nasdaq,sec,sunrun
VTMX,"Vesta Real Estate Corporation, S.A.B. de C.V.",NYSE,sec,vesta real estate s a b de c v
HYPMY,Hypermarcas S.A.,OTC,sec,hypermarcas s a
FFBC,FIRST FINANCIAL BANCORP /OH/,Nasdaq,sec,first financial bancorp oh
WRBY,Warby Parker Inc.,NYSE,sec,warby parker
ELF,"e.l.f. Beauty, Inc.",NYSE,sec,e l f beauty
SLG,SL GREEN REALTY CORP,NYSE,sec,sl green realty
MZTI,MARZETTI CO,Nasdaq,sec,marzetti
BTDR,Bitdeer Technologies Group,Nasdaq,sec,bitdeer technologies
NN,NEXTNAV INC.,Nasdaq,sec,nextnav
SKYW,SKYWEST INC,Nasdaq,sec,skywest
FUL,FULLER H B CO,NYSE,sec,fuller h b
KYIV,Kyivstar Group Ltd.,Nasdaq,sec,kyivstar
ICUI,ICU MEDICAL INC/DE,Nasdaq,sec,icu medical de
PARR,"PAR PACIFIC HOLDINGS, INC.",NYSE,sec,par pacific
TWST,Twist Bioscience Corp,Nasdaq,sec,twist bioscience
PPTA,PERPETUA RESOURCES CORP.,Nasdaq,sec,perpetua resources
ZIM,ZIM Integrated Shipping Services Ltd.,NYSE,sec,zim integrated shipping services
EXTR,EXTREME NETWORKS INC,Nasdaq,sec,extreme networks
ITGR,Integer Holdings Corp,NYSE,sec,integer
TDC,TERADATA CORP /DE/,NYSE,sec,teradata de
TR,TOOTSIE ROLL INDUSTRIES INC,NYSE,sec,tootsie roll industries
CNK,"Cinemark Holdings, Inc.",NYSE,sec,cinemark
UNFI,UNITED NATURAL FOODS INC,NYSE,sec,united natural foods
CPK,CHESAPEAKE UTILITIES CORP,NYSE,sec,chesapeake utilities
NHC,NATIONAL HEALTHCARE CORP,NYSE,sec,national healthcare
MMED,"MiniMed Group, Inc.",Nasdaq,sec,minimed
ATS,ATS Corp /ATS,NYSE,sec,ats ats
AKR,ACADIA REALTY TRUST,NYSE,sec,acadia realty trust
DBRG,"DigitalBridge Group, Inc.",NYSE,sec,digitalbridge
GEO,GEO GROUP INC,NYSE,sec,geo
DAVE,Dave Inc./DE,Nasdaq,sec,dave de
PAY,"Paymentus Holdings, Inc.",NYSE,sec,paymentus
LXP,LXP Industrial Trust,NYSE,sec,lxp industrial trust
HYMC,HYCROFT MINING HOLDING CORP,Nasdaq,sec,hycroft mining
SFNC,SIMMONS FIRST NATIONAL CORP,Nasdaq,sec,simmons first national
VGNT,Versigent PLC,NYSE,sec,versigent
PTXKY,PT XLSMART Telecom Sejahtera Tbk/ADR,OTC,sec,pt xlsmart telecom sejahtera tbk
PRK,PARK NATIONAL CORP /OH/,NYSE,sec,park national oh
BOH,BANK OF HAWAII CORP,NYSE,sec,bank of hawaii
CRVL,CORVEL CORP,Nasdaq,sec,corvel
ADX,"ADAMS DIVERSIFIED EQUITY FUND, INC.",NYSE,sec,adams diversified equity fund
PLMR,"Palomar Holdings, Inc.",Nasdaq,sec,palomar
BSM,"Black Stone Minerals, L.P.",NYSE,sec,black stone minerals l p
BXMT,"BLACKSTONE MORTGAGE TRUST, INC.",NYSE,sec,blackstone mortgage trust
COLM,COLUMBIA SPORTSWEAR CO,Nasdaq,sec,columbia sportswear
IAC,IAC Inc.,Nasdaq,sec,iac
AVNT,AVIENT CORP,NYSE,sec,avient
MPT,MEDICAL PROPERTIES TRUST INC,NYSE,sec,medical properties trust
AAP,ADVANCE AUTO PARTS INC,NYSE,sec,advance auto parts
UTF,COHEN & STEERS INFRASTRUCTURE FUND INC,NYSE,sec,cohen steers infrastructure fund
SA,SEABRIDGE GOLD INC,NYSE,sec,seabridge gold
FSK,FS KKR Capital Corp,NYSE,sec,fs kkr capital
SXI,STANDEX INTERNATIONAL CORP/DE/,NYSE,sec,standex international de
SBLK,Star Bulk Carriers Corp.,Nasdaq,sec,star bulk carriers
NIC,NICOLET BANKSHARES INC,NYSE,sec,nicolet bankshares
AWR,AMERICAN STATES WATER CO,NYSE,sec,american states water
OLN,OLIN Corp,NYSE,sec,olin
QTWO,"Q2 Holdings, Inc.",NYSE,sec,q2
LFST,"LifeStance Health Group, Inc.",Nasdaq,sec,lifestance health
CWK,Cushman & Wakefield Ltd.,NYSE,sec,cushman wakefield
SIG,SIGNET JEWELERS LTD,NYSE,sec,signet jewelers
USLM,UNITED STATES LIME & MINERALS INC,Nasdaq,sec,united states lime minerals
FLOC,Flowco Holdings Inc.,NYSE,sec,flowco
TNGX,"Tango Therapeutics, Inc.",Nasdaq,sec,tango therapeutics
PRVA,"Privia Health Group, Inc.",Nasdaq,sec,privia health
CURB,Curbline Properties Corp.,NYSE,sec,curbline properties
CTRI,"Centuri Holdings, Inc.",NYSE,sec,centuri
PATK,PATRICK INDUSTRIES INC,Nasdaq,sec,patrick industries
ADEA,Adeia Inc.,Nasdaq,sec,adeia
KN,Knowles Corp,NYSE,sec,knowles
BGSI,Boyd Group Services Inc.,NYSE,sec,boyd services
BHE,BENCHMARK ELECTRONICS INC,NYSE,sec,benchmark electronics
CAKE,CHEESECAKE FACTORY INC,Nasdaq,sec,cheesecake factory
SBCF,SEACOAST BANKING CORP OF FLORIDA,Nasdaq,sec,seacoast banking of florida
UE,Urban Edge Properties,NYSE,sec,urban edge properties
INOD,INNODATA INC,Nasdaq,sec,innodata
BTU,PEABODY ENERGY CORP,NYSE,sec,peabody energy
DNLI,Denali Therapeutics Inc.,Nasdaq,sec,denali therapeutics
WT,"WisdomTree, Inc.",NYSE,sec,wisdomtree
VNET,"VNET Group, Inc.",Nasdaq,sec,vnet
NMIH,"NMI Holdings, Inc.",Nasdaq,sec,nmi
JOYY,JOYY Inc.,Nasdaq,sec,joyy
HTGC,"Hercules Capital, Inc.",NYSE,sec,hercules capital
DNN,DENISON MINES CORP.,NYSE,sec,denison mines
RCUS,"Arcus Biosciences, Inc.",NYSE,sec,arcus biosciences
MGEE,MGE ENERGY INC,Nasdaq,sec,mge energy
BBAR,Banco BBVA Argentina S.A.,NYSE,sec,banco bbva argentina s a
WOLF,"WOLFSPEED, INC.",NYSE,sec,wolfspeed
BANC,"BANC OF CALIFORNIA, INC.",NYSE,sec,banc of california
ATRO,ASTRONICS CORP,Nasdaq,sec,astronics
HAYW,"Hayward Holdings, Inc.",NYSE,sec,hayward
JPC,Nuveen Preferred & Income Opportunities Fund,NYSE,sec,nuveen preferred income opportunities fund
DHT,"DHT Holdings, Inc.",NYSE,sec,dht
TXG,"10x Genomics, Inc.",Nasdaq,sec,10x genomics
EXG,Eaton Vance Tax-Managed Global Diversified Equity Income Fund,NYSE,sec,eaton vance tax managed global diversified equity income fund
PFS,PROVIDENT FINANCIAL SERVICES INC,NYSE,sec,provident financial services
HIW,"HIGHWOODS PROPERTIES, INC.",NYSE,sec,highwoods properties
GPK,GRAPHIC PACKAGING HOLDING CO,NYSE,sec,graphic packaging
BELFA,BEL FUSE INC /NJ,Nasdaq,sec,bel fuse nj
KBH,KB HOME,NYSE,sec,kb home
WTTR,"Select Water Solutions, Inc.",NYSE,sec,select water solutions
CECO,CECO ENVIRONMENTAL CORP,Nasdaq,sec,ceco environmental
CLMT,"Calumet, Inc. /DE",Nasdaq,sec,calumet de
VC,VISTEON CORP,Nasdaq,sec,visteon
TMC,TMC the metals Co Inc.,Nasdaq,sec,tmc metals
SHOO,"STEVEN MADDEN, LTD.",Nasdaq,sec,steven madden
DK,"Delek US Holdings, Inc.",NYSE,sec,delek us
TTAM,Titan America SA,NYSE,sec,titan america sa
WK,WORKIVA INC,NYSE,sec,workiva
NTCT,NETSCOUT SYSTEMS INC,Nasdaq,sec,netscout systems
SPNT,SiriusPoint Ltd,NYSE,sec,siriuspoint
TENB,"Tenable Holdings, Inc.",Nasdaq,sec,tenable
FSM,FORTUNA MINING CORP.,NYSE,sec,fortuna mining
IHS,IHS Holding Ltd,NYSE,sec,ihs
DKL,"Delek Logistics Partners, LP",NYSE,sec,delek logistics partners lp
IPAR,INTERPARFUMS INC,Nasdaq,sec,interparfums
TALO,TALOS ENERGY INC.,NYSE,sec,talos energy
RDW,Redwire Corp,NYSE,sec,redwire
EXPO,EXPONENT INC,Nasdaq,sec,exponent
SUPN,"SUPERNUS PHARMACEUTICALS, INC.",Nasdaq,sec,supernus pharmaceuticals
ERO,Ero Copper Corp.,NYSE,sec,ero copper
DX,DYNEX CAPITAL INC,NYSE,sec,dynex capital
WDFC,WD 40 CO,Nasdaq,sec,wd 40
ALMS,ALUMIS INC.,Nasdaq,sec,alumis
SHAK,Shake Shack Inc.,NYSE,sec,shake shack
HAWK,"HawkEye 360, Inc.",NYSE,sec,hawkeye 360
GRBK,"Green Brick Partners, Inc.",NYSE,sec,green brick partners
FXCNY,FIH Mobile Ltd,OTC,sec,fih mobile
SVM,SILVERCORP METALS INC,NYSE,sec,silvercorp metals
FCPT,"Four Corners Property Trust, Inc.",NYSE,sec,four corners property trust
KD,"Kyndryl Holdings, Inc.",NYSE,sec,kyndryl
BEAM,Beam Therapeutics Inc.,Nasdaq,sec,beam therapeutics
CCC,CCC Intelligent Solutions Holdings Inc.,Nasdaq,sec,ccc intelligent solutions
MGRC,MCGRATH RENTCORP,Nasdaq,sec,mcgrath rentcorp
PLAB,PHOTRONICS INC,Nasdaq,sec,photronics
UPST,"Upstart Holdings, Inc.",Nasdaq,sec,upstart
CALY,Callaway Golf Co,NYSE,sec,callaway golf
BW,"Babcock & Wilcox Enterprises, Inc.",NYSE,sec,babcock wilcox enterprises
NAD,Nuveen Quality Municipal Income Fund,NYSE,sec,nuveen quality municipal income fund
NSIT,INSIGHT ENTERPRISES INC,Nasdaq,sec,insight enterprises
EBOSY,EBOS Group Limited/ADR,OTC,sec,ebos
KALU,KAISER ALUMINUM CORP,Nasdaq,sec,kaiser aluminum
EXK,ENDEAVOUR SILVER CORP,NYSE,sec,endeavour silver
FBK,FB Financial Corp,NYSE,sec,fb financial
WOR,"WORTHINGTON ENTERPRISES, INC.",NYSE,sec,worthington enterprises
PHIN,PHINIA INC.,NYSE,sec,phinia
ARCB,ARCBEST CORP /DE/,Nasdaq,sec,arcbest de
WHR,WHIRLPOOL CORP /DE/,NYSE,sec,whirlpool de
TRN,TRINITY INDUSTRIES INC,NYSE,sec,trinity industries
HAE,HAEMONETICS CORP,NYSE,sec,haemonetics
TARS,"Tarsus Pharmaceuticals, Inc.",Nasdaq,sec,tarsus pharmaceuticals
KMT,KENNAMETAL INC,NYSE,sec,kennametal
NOG,"NORTHERN OIL & GAS, INC.",NYSE,sec,northern oil gas
TNK,TEEKAY TANKERS LTD.,NYSE,sec,teekay tankers
DYN,"Dyne Therapeutics, Inc.",Nasdaq,sec,dyne therapeutics
RHI,ROBERT HALF INC.,NYSE,sec,robert half
GRAL,"GRAIL, Inc.",Nasdaq,sec,grail
LCII,LCI INDUSTRIES,NYSE,sec,lci industries
SMSGY,Samsonite International SA/ADR,OTC,sec,samsonite international sa
WU,Western Union CO,NYSE,sec,western union
UNIT,Uniti Group Inc.,Nasdaq,sec,uniti
NVG,Nuveen AMT-Free Municipal Credit Income Fund,NYSE,sec,nuveen amt free municipal credit income fund
TSAT,Telesat Corp,Nasdaq,sec,telesat
AEO,AMERICAN EAGLE OUTFITTERS INC,NYSE,sec,american eagle outfitters
WAFD,WAFD INC,Nasdaq,sec,wafd
HLIO,"HELIOS TECHNOLOGIES, INC.",NYSE,sec,helios technologies
APAM,Artisan Partners Asset Management Inc.,NYSE,sec,artisan partners asset management
CWT,CALIFORNIA WATER SERVICE GROUP,NYSE,sec,california water service
TRMK,TRUSTMARK CORP,Nasdaq,sec,trustmark
RLX,RLX Technology Inc.,NYSE,sec,rlx technology
NESR,National Energy Services Reunited Corp.,Nasdaq,sec,national energy services reunited
CARG,"CarGurus, Inc.",Nasdaq,sec,cargurus
FSLY,"Fastly, Inc.",Nasdaq,sec,fastly
CURLF,"Curaleaf Holdings, Inc.",OTC,sec,curaleaf
EEFT,"EURONET WORLDWIDE, INC.",Nasdaq,sec,euronet worldwide
FA,FIRST ADVANTAGE CORP,Nasdaq,sec,first advantage
GPCR,Structure Therapeutics Inc.,Nasdaq,sec,structure therapeutics
INTR,"Inter & Co, Inc.",Nasdaq,sec,inter
KEEL,Keel Infrastructure Corp.,Nasdaq,sec,keel infrastructure
KLRA,"Kailera Therapeutics, Inc.",Nasdaq,sec,kailera therapeutics
CDLR,Cadeler A/S,NYSE,sec,cadeler a s
CALX,"CALIX, INC",NYSE,sec,calix
AEHR,AEHR TEST SYSTEMS,Nasdaq,sec,aehr test systems
NIQ,NIQ Global Intelligence plc,NYSE,sec,niq global intelligence
IVT,InvenTrust Properties Corp.,NYSE,sec,inventrust properties
FRSH,Freshworks Inc.,Nasdaq,sec,freshworks
VISN,"Vistance Networks, Inc.",Nasdaq,sec,vistance networks
PLBL,Polibeli Group Ltd,Nasdaq,sec,polibeli
GDV,GABELLI DIVIDEND & INCOME TRUST,NYSE,sec,gabelli dividend income trust
ASH,ASHLAND INC.,NYSE,sec,ashland
MNR,MACH NATURAL RESOURCES LP,NYSE,sec,mach natural resources lp
NYAX,Nayax Ltd.,Nasdaq,sec,nayax
STNE,StoneCo Ltd.,Nasdaq,sec,stoneco
PAGS,PagSeguro Digital Ltd.,NYSE,sec,pagseguro digital
SPGNY,Springer Nature AG & Co. KGaA/ADR,OTC,sec,springer nature ag kgaa
FRME,FIRST MERCHANTS CORP,Nasdaq,sec,first merchants
IDYA,"IDEAYA Biosciences, Inc.",Nasdaq,sec,ideaya biosciences
CUBI,"Customers Bancorp, Inc.",NYSE,sec,customers bancorp
PTY,PIMCO CORPORATE & INCOME OPPORTUNITY FUND,NYSE,sec,pimco corporate income opportunity fund
BRZE,"Braze, Inc.",Nasdaq,sec,braze
BKE,BUCKLE INC,NYSE,sec,buckle
KYN,"Kayne Anderson Energy Infrastructure Fund, Inc.",NYSE,sec,kayne anderson energy infrastructure fund
HOG,"HARLEY-DAVIDSON, INC.",NYSE,sec,harley davidson
IRON,"Disc Medicine, Inc.",Nasdaq,sec,disc medicine
ELVN,"Enliven Therapeutics, Inc.",Nasdaq,sec,enliven therapeutics
TSCFY,Tisco Financial Group Public Co Limited/ADR,OTC,sec,tisco financial public
ARQT,"Arcutis Biotherapeutics, Inc.",Nasdaq,sec,arcutis biotherapeutics
PENG,"Penguin Solutions, Inc.",Nasdaq,sec,penguin solutions
AAMI,Acadian Asset Management Inc.,NYSE,sec,acadian asset management
ATKR,Atkore Inc.,NYSE,sec,atkore
VAC,MARRIOTT VACATIONS WORLDWIDE Corp,NYSE,sec,marriott vacations worldwide
CMPR,CIMPRESS plc,Nasdaq,sec,cimpress
AYR,Aircastle LTD,None,sec,aircastle
FBNC,FIRST BANCORP /NC/,Nasdaq,sec,first bancorp nc
CENT,CENTRAL GARDEN & PET CO,Nasdaq,sec,central garden pet
AEGXF,Aecon Group Inc.,OTC,sec,aecon
AESI,Atlas Energy Solutions Inc.,NYSE,sec,atlas energy solutions
VERA,"Vera Therapeutics, Inc.",Nasdaq,sec,vera therapeutics
DBD,"DIEBOLD NIXDORF, Inc",NYSE,sec,diebold nixdorf
ANDE,"Andersons, Inc.",Nasdaq,sec,andersons
DNOW,DNOW Inc.,NYSE,sec,dnow
NEXT,NextDecade Corp,Nasdaq,sec,nextdecade
OSW,ONESPAWORLD HOLDINGS Ltd,Nasdaq,sec,onespaworld
CLDX,"Celldex Therapeutics, Inc.",Nasdaq,sec,celldex therapeutics
DAC,Danaos Corp,NYSE,sec,danaos
AMBP,Ardagh Metal Packaging S.A.,NYSE,sec,ardagh metal packaging s a
HTO,H2O AMERICA,Nasdaq,sec,h2o america
AYA,Aya Gold & Silver Inc.,Nasdaq,sec,aya gold silver
SOC,Sable Offshore Corp.,NYSE,sec,sable offshore
HUBG,"Hub Group, Inc.",Nasdaq,sec,hub
NZF,Nuveen Municipal Credit Income Fund,NYSE,sec,nuveen municipal credit income fund
BBT,Beacon Financial Corp,NYSE,sec,beacon financial
ETY,Eaton Vance Tax-Managed Diversified Equity Income Fund,NYSE,sec,eaton vance tax managed diversified equity income fund
GOF,GUGGENHEIM STRATEGIC OPPORTUNITIES FUND,NYSE,sec,guggenheim strategic opportunities fund
TGB,TASEKO MINES LTD,NYSE,sec,taseko mines
EOSE,"Eos Energy Enterprises, Inc.",Nasdaq,sec,eos energy enterprises
ROG,ROGERS CORP,NYSE,sec,rogers
HE,HAWAIIAN ELECTRIC INDUSTRIES INC,NYSE,sec,hawaiian electric industries
HUN,Huntsman CORP,NYSE,sec,huntsman
NBTB,NBT BANCORP INC,Nasdaq,sec,nbt bancorp
FRPT,"Freshpet, Inc.",Nasdaq,sec,freshpet
MTX,MINERALS TECHNOLOGIES INC,NYSE,sec,minerals technologies
KWR,QUAKER CHEMICAL CORP,NYSE,sec,quaker chemical
GRND,Grindr Inc.,NYSE,sec,grindr
INFQ,"Infleqtion, Inc.",NYSE,sec,infleqtion
DGII,DIGI INTERNATIONAL INC,Nasdaq,sec,digi international
LMAT,LEMAITRE VASCULAR INC,Nasdaq,sec,lemaitre vascular
RLAY,"Relay Therapeutics, Inc.",Nasdaq,sec,relay therapeutics
RH,RH,NYSE,sec,rh
BCC,BOISE CASCADE Co,NYSE,sec,boise cascade
SAH,SONIC AUTOMOTIVE INC,NYSE,sec,sonic automotive
GRDN,"Guardian Pharmacy Services, Inc.",NYSE,sec,guardian pharmacy services
HTFL,"Heartflow, Inc.",Nasdaq,sec,heartflow
TMDX,"TransMedics Group, Inc.",Nasdaq,sec,transmedics
ACHC,"Acadia Healthcare Company, Inc.",Nasdaq,sec,acadia healthcare
DEI,Douglas Emmett Inc,NYSE,sec,douglas emmett
NKTR,NEKTAR THERAPEUTICS,Nasdaq,sec,nektar therapeutics
ABM,ABM INDUSTRIES INC /DE/,NYSE,sec,abm industries de
PTON,"PELOTON INTERACTIVE, INC.",Nasdaq,sec,peloton interactive
WERN,WERNER ENTERPRISES INC,Nasdaq,sec,werner enterprises
RAMP,"LiveRamp Holdings, Inc.",NYSE,sec,liveramp
MH,"McGraw Hill, Inc.",NYSE,sec,mcgraw hill
NGVT,Ingevity Corp,NYSE,sec,ingevity
AXGN,"Axogen, Inc.",Nasdaq,sec,axogen
VVX,"V2X, Inc.",NYSE,sec,v2x
ICHR,"ICHOR HOLDINGS, LTD.",Nasdaq,sec,ichor
NBTX,Nanobiotix S.A.,Nasdaq,sec,nanobiotix s a
AMR,"Alpha Metallurgical Resources, Inc.",NYSE,sec,alpha metallurgical resources
WIX,Wix.com Ltd.,Nasdaq,sec,wix com
AMSC,AMERICAN SUPERCONDUCTOR CORP /DE/,Nasdaq,sec,american superconductor de
TBBK,"Bancorp, Inc.",Nasdaq,sec,bancorp
BCRX,BIOCRYST PHARMACEUTICALS INC,Nasdaq,sec,biocryst pharmaceuticals
DRD,DRDGOLD LTD,NYSE,sec,drdgold
IMNM,Immunome Inc.,Nasdaq,sec,immunome
VOYG,"Voyager Technologies, Inc./DE",NYSE,sec,voyager technologies de
CHRN,ChronoScale Corp,Nasdaq,sec,chronoscale
PCT,"PureCycle Technologies, Inc.",Nasdaq,sec,purecycle technologies
WRD,WeRide Inc.,Nasdaq,sec,weride
CLM,"Cornerstone Strategic Investment Fund, Inc.",NYSE,sec,cornerstone strategic investment fund
DJT,Trump Media & Technology Group Corp.,Nasdaq,sec,trump media technology
BUSE,FIRST BUSEY CORP /NV/,Nasdaq,sec,first busey nv
FORTY,FORMULA SYSTEMS (1985) LTD,Nasdaq,sec,formula systems 1985
PK,Park Hotels & Resorts Inc.,NYSE,sec,park hotels resorts
BMRRY,B&M European Value Retail S.A./ADR,OTC,sec,b m european value retail s a
RARE,Ultragenyx Pharmaceutical Inc.,Nasdaq,sec,ultragenyx pharmaceutical
AGYS,AGILYSYS INC,Nasdaq,sec,agilysys
PBH,Prestige Consumer Healthcare Inc.,NYSE,sec,prestige consumer healthcare
NTB,Bank of N.T. Butterfield & Son Ltd,NYSE,sec,bank of n t butterfield son
PUMP,ProPetro Holding Corp.,NYSE,sec,propetro
AMPX,"Amprius Technologies, Inc.",NYSE,sec,amprius technologies
LCID,"Lucid Group, Inc.",Nasdaq,sec,lucid
UAA,"Under Armour, Inc.",NYSE,sec,under armour
CXT,"Crane NXT, Co.",NYSE,sec,crane nxt
DFTX,"Definium Therapeutics, Inc.",Nasdaq,sec,definium therapeutics
DXPE,DXP ENTERPRISES INC,Nasdaq,sec,dxp enterprises
DRVN,Driven Brands Holdings Inc.,Nasdaq,sec,driven brands
EFSC,ENTERPRISE FINANCIAL SERVICES CORP,Nasdaq,sec,enterprise financial services
AVPT,"AvePoint, Inc.",Nasdaq,sec,avepoint
PLUS,EPLUS INC,Nasdaq,sec,eplus
RVT,"ROYCE SMALL-CAP TRUST, INC.",NYSE,sec,royce small cap trust
NGL,NGL Energy Partners LP,NYSE,sec,ngl energy partners lp
PENN,"PENN Entertainment, Inc.",Nasdaq,sec,penn entertainment
DRH,DiamondRock Hospitality Co,Nasdaq,sec,diamondrock hospitality
BANR,BANNER CORP,Nasdaq,sec,banner
WLY,"JOHN WILEY & SONS, INC.",NYSE,sec,john wiley sons
ALRM,"Alarm.com Holdings, Inc.",Nasdaq,sec,alarm com
KOD,Kodiak Sciences Inc.,Nasdaq,sec,kodiak sciences
AERO,"Grupo Aeromexico, S.A.B. de C.V.",NYSE,sec,grupo aeromexico s a b de c v
MLYS,"Mineralys Therapeutics, Inc.",Nasdaq,sec,mineralys therapeutics
DCO,DUCOMMUN INC /DE/,NYSE,sec,ducommun de
NMM,Navios Maritime Partners L.P.,NYSE,sec,navios maritime partners l p
INVX,"Innovex International, Inc.",NYSE,sec,innovex international
HTH,Hilltop Holdings Inc.,NYSE,sec,hilltop
PIII,P3 Health Partners Inc.,Nasdaq,sec,p3 health partners
VERX,"Vertex, Inc.",Nasdaq,sec,vertex
PRDO,PERDOCEO EDUCATION Corp,Nasdaq,sec,perdoceo education
ECO,Okeanis Eco Tankers Corp.,NYSE,sec,okeanis eco tankers
SLDE,"Slide Insurance Holdings, Inc.",Nasdaq,sec,slide insurance
PBI,PITNEY BOWES INC /DE/,NYSE,sec,pitney bowes de
NWN,Northwest Natural Holding Co,NYSE,sec,northwest natural
MLCO,Melco Resorts & Entertainment LTD,Nasdaq,sec,melco resorts entertainment
CCU,UNITED BREWERIES CO INC,NYSE,sec,united breweries
HNI,HNI CORP,NYSE,sec,hni
CTOS,"Custom Truck One Source, Inc.",NYSE,sec,custom truck one source
MCRI,MONARCH CASINO & RESORT INC,Nasdaq,sec,monarch casino resort
CEPU,CENTRAL PUERTO S.A.,NYSE,sec,central puerto s a
THR,"Thermon Group Holdings, Inc.",NYSE,sec,thermon
QUBT,Quantum Computing Inc.,Nasdaq,sec,quantum computing
CXW,"CoreCivic, Inc.",NYSE,sec,corecivic
ADPT,Adaptive Biotechnologies Corp,Nasdaq,sec,adaptive biotechnologies
DHC,DIVERSIFIED HEALTHCARE TRUST,Nasdaq,sec,diversified healthcare trust
HCM,HUTCHMED (China) Ltd,Nasdaq,sec,hutchmed china
SYBT,"Stock Yards Bancorp, Inc.",Nasdaq,sec,stock yards bancorp
ZLAB,Zai Lab Ltd,Nasdaq,sec,zai lab
MBIN,Merchants Bancorp,Nasdaq,sec,merchants bancorp
SEM,SELECT MEDICAL HOLDINGS CORP,NYSE,sec,select medical
ARR,"Armour Residential REIT, Inc.",NYSE,sec,armour residential reit
CLBK,"Columbia Financial, Inc.",Nasdaq,sec,columbia financial
BLBD,Blue Bird Corp,Nasdaq,sec,blue bird
STC,STEWART INFORMATION SERVICES CORP,NYSE,sec,stewart information services
CPRI,Capri Holdings Ltd,NYSE,sec,capri
ATEN,"A10 Networks, Inc.",NYSE,sec,a10 networks
WB,WEIBO Corp,Nasdaq,sec,weibo
PHVS,Pharvaris N.V.,Nasdaq,sec,pharvaris n v
VET,VERMILION ENERGY INC.,NYSE,sec,vermilion energy
CMRE,Costamare Inc.,NYSE,sec,costamare
PAEXY,Parex Resources Inc./ADR,OTC,sec,parex resources
COHU,COHU INC,Nasdaq,sec,cohu
VRRM,VERRA MOBILITY Corp,Nasdaq,sec,verra mobility
TYRA,"Tyra Biosciences, Inc.",Nasdaq,sec,tyra biosciences
AUPH,Aurinia Pharmaceuticals Inc.,Nasdaq,sec,aurinia pharmaceuticals
GEL,GENESIS ENERGY LP,NYSE,sec,genesis energy lp
PLGO,Pelagos Insurance Capital Ltd,NYSE,sec,pelagos insurance capital
NTST,NETSTREIT Corp.,NYSE,sec,netstreit
NWBI,"Northwest Bancshares, Inc.",Nasdaq,sec,northwest bancshares
POET,POET TECHNOLOGIES INC.,Nasdaq,sec,poet technologies
FUN,Six Flags Entertainment Corporation/NEW,NYSE,sec,six flags entertainment new
BVENY,Brava Energia S.A.,OTC,sec,brava energia s a
OMCL,"OMNICELL, INC.",Nasdaq,sec,omnicell
BHC,Bausch Health Companies Inc.,NYSE,sec,bausch health companies
UTI,UNIVERSAL TECHNICAL INSTITUTE INC,NYSE,sec,universal technical institute
HCI,"HCI Group, Inc.",NYSE,sec,hci
ADMA,"ADMA BIOLOGICS, INC.",Nasdaq,sec,adma biologics
KOZAY,Turk Altin Isletmeleri A.S./ADR,OTC,sec,turk altin isletmeleri a s
BLX,"FOREIGN TRADE BANK OF LATIN AMERICA, INC.",NYSE,sec,foreign trade bank of latin america
PSNY,Polestar Automotive Holding UK PLC,Nasdaq,sec,polestar automotive uk
GNL,"Global Net Lease, Inc.",NYSE,sec,global net lease
LTC,LTC PROPERTIES INC,NYSE,sec,ltc properties
GTY,GETTY REALTY CORP /MD/,NYSE,sec,getty realty md
NVCR,NovoCure Ltd,Nasdaq,sec,novocure
BRSL,Brightstar Lottery PLC,NYSE,sec,brightstar lottery
EZPW,EZCORP INC,Nasdaq,sec,ezcorp
TNET,"TRINET GROUP, INC.",NYSE,sec,trinet
FLYW,Flywire Corp,Nasdaq,sec,flywire
ASTH,"Astrana Health, Inc.",Nasdaq,sec,astrana health
XRAY,DENTSPLY SIRONA Inc.,Nasdaq,sec,dentsply sirona
RNW,ReNew Energy Global plc,Nasdaq,sec,renew energy global
VRE,"Veris Residential, Inc.",NYSE,sec,veris residential
GUYGF,G2 Goldfields Inc.,OTC,sec,g2 goldfields
CHA,Chagee Holdings Ltd.,Nasdaq,sec,chagee
BWIN,"Baldwin Insurance Group, Inc.",Nasdaq,sec,baldwin insurance
BXDC,Blackstone Digital Infrastructure Trust Inc.,NYSE,sec,blackstone digital infrastructure trust
ATHM,Autohome Inc.,NYSE,sec,autohome
EVT,Eaton Vance Tax-Advantaged Dividend Income Fund,NYSE,sec,eaton vance tax advantaged dividend income fund
ESTA,ESTABLISHMENT LABS HOLDINGS INC.,Nasdaq,sec,establishment labs
SPSC,SPS COMMERCE INC,Nasdaq,sec,sps commerce
PGNY,"Progyny, Inc.",Nasdaq,sec,progyny
BAK,BRASKEM SA,NYSE,sec,braskem sa
SKWD,"Skyward Specialty Insurance Group, Inc.",Nasdaq,sec,skyward specialty insurance
AGRO,Adecoagro S.A.,NYSE,sec,adecoagro s a
TE,T1 Energy Inc.,NYSE,sec,t1 energy
MGNI,"MAGNITE, INC.",Nasdaq,sec,magnite
SHO,"Sunstone Hotel Investors, Inc.",NYSE,sec,sunstone hotel investors
FIGS,"FIGS, Inc.",NYSE,sec,figs
WS,"Worthington Steel, Inc.",NYSE,sec,worthington steel
NEXA,Nexa Resources S.A.,NYSE,sec,nexa resources s a
BORR,Borr Drilling Ltd,NYSE,sec,borr drilling
IOSP,INNOSPEC INC.,Nasdaq,sec,innospec
OUST,"Ouster, Inc.",Nasdaq,sec,ouster
TIC,"TIC Solutions, Inc.",NYSE,sec,tic solutions
CYD,CHINA YUCHAI INTERNATIONAL LTD,NYSE,sec,china yuchai international
MD,"Pediatrix Medical Group, Inc.",NYSE,sec,pediatrix medical
KOS,Kosmos Energy Ltd.,NYSE,sec,kosmos energy
EYUBY,Electricity Generating Public Co Limited/ADR,OTC,sec,electricity generating public
OFG,OFG BANCORP,NYSE,sec,ofg bancorp
ALGT,Allegiant Travel CO,Nasdaq,sec,allegiant travel
STEL,"Stellar Bancorp, Inc.",NYSE,sec,stellar bancorp
MESO,MESOBLAST LTD,Nasdaq,sec,mesoblast
TRVI,"Trevi Therapeutics, Inc.",Nasdaq,sec,trevi therapeutics
NUV,NUVEEN MUNICIPAL VALUE FUND INC,NYSE,sec,nuveen municipal value fund
GRC,GORMAN RUPP CO,NYSE,sec,gorman rupp
STOK,"Stoke Therapeutics, Inc.",Nasdaq,sec,stoke therapeutics
FCF,FIRST COMMONWEALTH FINANCIAL CORP /PA/,NYSE,sec,first commonwealth financial pa
HMN,HORACE MANN EDUCATORS CORP /DE/,NYSE,sec,horace mann educators de
BSTZ,BlackRock Science & Technology Term Trust,NYSE,sec,blackrock science technology term trust
AGM,FEDERAL AGRICULTURAL MORTGAGE CORP,NYSE,sec,federal agricultural mortgage
SAM,BOSTON BEER CO INC,NYSE,sec,boston beer
XPRO,EXPRO GROUP HOLDINGS N.V.,NYSE,sec,expro n v
BBAI,"BigBear.ai Holdings, Inc.",NYSE,sec,bigbear ai
NBHC,National Bank Holdings Corp,NYSE,sec,national bank
CLOV,"CLOVER HEALTH INVESTMENTS, CORP. /DE",Nasdaq,sec,clover health investments de
TH,Target Hospitality Corp.,Nasdaq,sec,target hospitality
USAS,Americas Gold & Silver Corp,NYSE,sec,americas gold silver
IE,Ivanhoe Electric Inc.,NYSE,sec,ivanhoe electric
ABTC,American Bitcoin Corp.,Nasdaq,sec,american bitcoin
LNXSY,LANXESS AG,OTC,sec,lanxess ag
TY,TRI-CONTINENTAL Corp,NYSE,sec,tri continental
ANIP,ANI PHARMACEUTICALS INC,Nasdaq,sec,ani pharmaceuticals
NAC,Nuveen California Quality Municipal Income Fund,NYSE,sec,nuveen california quality municipal income fund
ALG,ALAMO GROUP INC,NYSE,sec,alamo
STRA,"Strategic Education, Inc.",Nasdaq,sec,strategic education
IMAX,IMAX CORP,NYSE,sec,imax
NEOG,NEOGEN CORP,Nasdaq,sec,neogen
LIFE,Ethos Technologies Inc.,Nasdaq,sec,ethos technologies
PDO,PIMCO Dynamic Income Opportunities Fund,NYSE,sec,pimco dynamic income opportunities fund
LPG,DORIAN LPG LTD.,NYSE,sec,dorian lpg
WMK,WEIS MARKETS INC,NYSE,sec,weis markets
SXGCF,Southern Cross Gold Consolidated Ltd.,OTC,sec,southern cross gold consolidated
ZYME,Zymeworks Inc.,Nasdaq,sec,zymeworks
ALKT,"ALKAMI TECHNOLOGY, INC.",Nasdaq,sec,alkami technology
SGRY,"Surgery Partners, Inc.",Nasdaq,sec,surgery partners
AAPG,ASCENTAGE PHARMA GROUP INTERNATIONAL,Nasdaq,sec,ascentage pharma international
EVCM,EverCommerce Inc.,Nasdaq,sec,evercommerce
LWLG,"Lightwave Logic, Inc.",Nasdaq,sec,lightwave logic
PDFS,PDF SOLUTIONS INC,Nasdaq,sec,pdf solutions
WLTH,WEALTHFRONT CORP,Nasdaq,sec,wealthfront
BL,"BLACKLINE, INC.",Nasdaq,sec,blackline
VRDN,"Viridian Therapeutics, Inc.\DE",Nasdaq,sec,viridian therapeutics de
HRMY,"Harmony Biosciences Holdings, Inc.",Nasdaq,sec,harmony biosciences
VCEL,Vericel Corp,Nasdaq,sec,vericel
FLNG,Flex LNG Ltd.,NYSE,sec,flex lng
LC,LendingClub Corp,NYSE,sec,lendingclub
SONO,Sonos Inc,Nasdaq,sec,sonos
SRPT,"Sarepta Therapeutics, Inc.",Nasdaq,sec,sarepta therapeutics
RQI,COHEN & STEERS QUALITY INCOME REALTY FUND INC,NYSE,sec,cohen steers quality income realty fund
LKFT,Lakefront Biotherapeutics NV,Nasdaq,sec,lakefront biotherapeutics nv
MGRT,Mega Fortune Co Ltd,Nasdaq,sec,mega fortune
HURN,Huron Consulting Group Inc.,Nasdaq,sec,huron consulting
OCUL,"OCULAR THERAPEUTIX, INC",Nasdaq,sec,ocular therapeutix
EPAC,ENERPAC TOOL GROUP CORP,NYSE,sec,enerpac tool
ANAB,"ANAPTYSBIO, INC",Nasdaq,sec,anaptysbio
PAX,Patria Investments Ltd,Nasdaq,sec,patria investments
SRCE,1ST SOURCE CORP,Nasdaq,sec,1st source
GLOB,Globant S.A.,NYSE,sec,globant s a
BAND,Bandwidth Inc.,Nasdaq,sec,bandwidth
CHCO,CITY HOLDING CO,Nasdaq,sec,city
KRP,"Kimbell Royalty Partners, LP",NYSE,sec,kimbell royalty partners lp
APC,ARKO Petroleum Corp.,Nasdaq,sec,arko petroleum
TGLS,Tecnoglass Inc.,NYSE,sec,tecnoglass
ADUS,Addus HomeCare Corp,Nasdaq,sec,addus homecare
TPB,"Turning Point Brands, Inc.",NYSE,sec,turning point brands
USA,LIBERTY ALL STAR EQUITY FUND,NYSE,sec,liberty all star equity fund
PLSE,"PULSE BIOSCIENCES, INC.",Nasdaq,sec,pulse biosciences
ECPG,ENCORE CAPITAL GROUP INC,Nasdaq,sec,encore capital
FIVN,"Five9, Inc.",Nasdaq,sec,five9
GAB,GABELLI EQUITY TRUST INC,NYSE,sec,gabelli equity trust
KMPR,KEMPER Corp,NYSE,sec,kemper
AIN,ALBANY INTERNATIONAL CORP /DE/,NYSE,sec,albany international de
SNDX,Syndax Pharmaceuticals Inc,Nasdaq,sec,syndax pharmaceuticals
SNDA,"SONIDA SENIOR LIVING, INC.",NYSE,sec,sonida senior living
AVVSY,Avio S.p.A./ADR,OTC,sec,avio s p a
ETG,Eaton Vance Tax-Advantaged Global Dividend Income Fund,NYSE,sec,eaton vance tax advantaged global dividend income fund
ABXXF,Abaxx Technologies Inc.,OTC,sec,abaxx technologies
GLP,GLOBAL PARTNERS LP,NYSE,sec,global partners lp
IMOS,CHIPMOS TECHNOLOGIES INC,Nasdaq,sec,chipmos technologies
COTY,COTY INC.,NYSE,sec,coty
SION,"Sionna Therapeutics, Inc.",Nasdaq,sec,sionna therapeutics
CASH,"PATHWARD FINANCIAL, INC.",Nasdaq,sec,pathward financial
ARCO,Arcos Dorados Holdings Inc.,NYSE,sec,arcos dorados
STEW,"SRH Total Return Fund, Inc.",NYSE,sec,srh total return fund
SPB,"Spectrum Brands Holdings, Inc.",NYSE,sec,spectrum brands
RUPRF,RUPERT RESOURCES LTD,OTC,sec,rupert resources
OCS,Oculis Holding AG,Nasdaq,sec,oculis ag
SILA,"Sila Realty Trust, Inc.",NYSE,sec,sila realty trust
SKYT,"SkyWater Technology, Inc",Nasdaq,sec,skywater technology
UFPT,UFP TECHNOLOGIES INC,Nasdaq,sec,ufp technologies
MQ,"Marqeta, Inc.",Nasdaq,sec,marqeta
LOB,"Live Oak Bancshares, Inc.",NYSE,sec,live oak bancshares
EFC,Ellington Financial Inc.,NYSE,sec,ellington financial
ETV,Eaton Vance Tax-Managed Buy-Write Opportunities Fund,NYSE,sec,eaton vance tax managed buy write opportunities fund
TSLX,"Sixth Street Specialty Lending, Inc.",NYSE,sec,sixth street specialty lending
BKSY,BlackSky Technology Inc.,NYSE,sec,blacksky technology
PRLB,Proto Labs Inc,NYSE,sec,proto labs
NTLA,"Intellia Therapeutics, Inc.",Nasdaq,sec,intellia therapeutics
IMKTA,INGLES MARKETS INC,Nasdaq,sec,ingles markets
SGML,Sigma Lithium Corp,Nasdaq,sec,sigma lithium
ESRT,"Empire State Realty Trust, Inc.",NYSE,sec,empire state realty trust
WD,"Walker & Dunlop, Inc.",NYSE,sec,walker dunlop
AVAH,"Aveanna Healthcare Holdings, Inc.",Nasdaq,sec,aveanna healthcare
SFL,SFL Corp Ltd.,NYSE,sec,sfl
BVC,BitVentures Ltd,Nasdaq,sec,bitventures
CBZ,"CBIZ, Inc.",NYSE,sec,cbiz
AGIO,"AGIOS PHARMACEUTICALS, INC.",Nasdaq,sec,agios pharmaceuticals
FSUN,FIRSTSUN CAPITAL BANCORP,Nasdaq,sec,firstsun capital bancorp
AZLUY,AZUL SA,OTC,sec,azul sa
PRKS,United Parks & Resorts Inc.,NYSE,sec,united parks resorts
AAT,"American Assets Trust, Inc.",NYSE,sec,american assets trust
RAPP,"Rapport Therapeutics, Inc.",Nasdaq,sec,rapport therapeutics
SMA,"SmartStop Self Storage REIT, Inc.",NYSE,sec,smartstop self storage reit
MDCOY,PT Medco Energi Internasional Tbk/ADR,OTC,sec,pt medco energi internasional tbk
NCNO,"nCino, Inc.",Nasdaq,sec,ncino
CTS,CTS CORP,NYSE,sec,cts
LAC,LITHIUM AMERICAS CORP.,NYSE,sec,lithium americas
JBLU,JETBLUE AIRWAYS CORP,Nasdaq,sec,jetblue airways
REX,REX AMERICAN RESOURCES Corp,NYSE,sec,rex american resources
STAA,STAAR SURGICAL CO,Nasdaq,sec,staar surgical
PWP,Perella Weinberg Partners,Nasdaq,sec,perella weinberg partners
PEB,Pebblebrook Hotel Trust,NYSE,sec,pebblebrook hotel trust
CNXN,PC CONNECTION INC,Nasdaq,sec,pc connection
PLPC,PREFORMED LINE PRODUCTS CO,Nasdaq,sec,preformed line products
GT,GOODYEAR TIRE & RUBBER CO /OH/,Nasdaq,sec,goodyear tire rubber oh
PAYO,Payoneer Global Inc.,Nasdaq,sec,payoneer global
INBX,"Inhibrx Biosciences, Inc.",Nasdaq,sec,inhibrx biosciences
INVA,"Innoviva, Inc.",Nasdaq,sec,innoviva
BFC,Bank First Corp,Nasdaq,sec,bank first
GABC,"GERMAN AMERICAN BANCORP, INC.",Nasdaq,sec,german american bancorp
NBR,NABORS INDUSTRIES LTD,NYSE,sec,nabors industries
XHR,"Xenia Hotels & Resorts, Inc.",NYSE,sec,xenia hotels resorts
APPN,APPIAN CORP,Nasdaq,sec,appian
FMC,FMC CORP,NYSE,sec,fmc
GENB,"Generate Biomedicines, Inc.",Nasdaq,sec,generate biomedicines
AIIR,AIR Global PLC,Nasdaq,sec,air global
BDJ,BlackRock Enhanced Equity Dividend Trust,NYSE,sec,blackrock enhanced equity dividend trust
TCBK,TRICO BANCSHARES /,Nasdaq,sec,trico bancshares
TILE,INTERFACE INC,Nasdaq,sec,interface
STBA,S&T BANCORP INC,Nasdaq,sec,s t bancorp
BCAT,BlackRock Capital Allocation Term Trust,NYSE,sec,blackrock capital allocation term trust
RES,RPC INC,NYSE,sec,rpc
NVRI,ENVIRI Corp,NYSE,sec,enviri
CLVT,CLARIVATE PLC,NYSE,sec,clarivate
INTA,"Intapp, Inc.",Nasdaq,sec,intapp
AIP,"Arteris, Inc.",Nasdaq,sec,arteris
NRIX,"Nurix Therapeutics, Inc.",Nasdaq,sec,nurix therapeutics
ASAN,"Asana, Inc.",NYSE,sec,asana
DCOM,"Dime Community Bancshares, Inc. /NY/",NYSE,sec,dime community bancshares ny
SLSR,Solaris Resources Inc.,NYSE,sec,solaris resources
SID,NATIONAL STEEL CO,NYSE,sec,national steel
PVLA,"PALVELLA THERAPEUTICS, INC.",Nasdaq,sec,palvella therapeutics
GTBIF,Green Thumb Industries Inc.,OTC,sec,green thumb industries
IIPR,INNOVATIVE INDUSTRIAL PROPERTIES INC,NYSE,sec,innovative industrial properties
VSTS,Vestis Corp,NYSE,sec,vestis
CET,CENTRAL SECURITIES CORP,NYSE,sec,central securities
RMIX,"Suncrete, Inc.",Nasdaq,sec,suncrete
STGW,Stagwell Inc,Nasdaq,sec,stagwell
CAPR,"CAPRICOR THERAPEUTICS, INC.",Nasdaq,sec,capricor therapeutics
ADNT,Adient plc,NYSE,sec,adient
QURE,uniQure N.V.,Nasdaq,sec,uniqure n v
SHLS,"Shoals Technologies Group, Inc.",Nasdaq,sec,shoals technologies
HTZ,"HERTZ GLOBAL HOLDINGS, INC",Nasdaq,sec,hertz global
MRVI,"MARAVAI LIFESCIENCES HOLDINGS, INC.",Nasdaq,sec,maravai lifesciences
QFIN,"Qfin Holdings, Inc.",Nasdaq,sec,qfin
HOPE,HOPE BANCORP INC,Nasdaq,sec,hope bancorp
ESBA,"Empire State Realty OP, L.P.",NYSE,sec,empire state realty op l p
WEN,Wendy's Co,Nasdaq,sec,wendy s
ZD,"ZIFF DAVIS, INC.",Nasdaq,sec,ziff davis
COUR,"Coursera, Inc.",NYSE,sec,coursera
IOVA,"IOVANCE BIOTHERAPEUTICS, INC.",Nasdaq,sec,iovance biotherapeutics
LU,Lufax Holding Ltd,NYSE,sec,lufax
OPRA,Opera Ltd,Nasdaq,sec,opera
FDP,FRESH DEL MONTE PRODUCE INC,NYSE,sec,fresh del monte produce
WBTN,WEBTOON Entertainment Inc.,Nasdaq,sec,webtoon entertainment
ECVT,Ecovyst Inc.,NYSE,sec,ecovyst
TBLA,Taboola.com Ltd.,Nasdaq,sec,taboola com
LILA,Liberty Latin America Ltd.,Nasdaq,sec,liberty latin america
BST,BlackRock Science & Technology Trust,NYSE,sec,blackrock science technology trust
KW,"Kennedy-Wilson Holdings, Inc.",NYSE,sec,kennedy wilson
RUM,Rumble Inc.,Nasdaq,sec,rumble
AMRC,"Ameresco, Inc.",NYSE,sec,ameresco
FLO,FLOWERS FOODS INC,NYSE,sec,flowers foods
RBCAA,REPUBLIC BANCORP INC /KY/,Nasdaq,sec,republic bancorp ky
AMBQ,"Ambiq Micro, Inc.",NYSE,sec,ambiq micro
BOBS,"Bob's Discount Furniture, Inc.",NYSE,sec,bob s discount furniture
RXRX,"RECURSION PHARMACEUTICALS, INC.",Nasdaq,sec,recursion pharmaceuticals
NWL,NEWELL BRANDS INC.,Nasdaq,sec,newell brands
GAM,GENERAL AMERICAN INVESTORS CO INC,NYSE,sec,general american investors
LINC,LINCOLN EDUCATIONAL SERVICES CORP,Nasdaq,sec,lincoln educational services
HLX,HELIX ENERGY SOLUTIONS GROUP INC,NYSE,sec,helix energy solutions
ARDX,"ARDELYX, INC.",Nasdaq,sec,ardelyx
GHRS,GH Research PLC,Nasdaq,sec,gh research
EVTC,"EVERTEC, Inc.",NYSE,sec,evertec
ECAT,BlackRock ESG Capital Allocation Term Trust,NYSE,sec,blackrock esg capital allocation term trust
TRIN,Trinity Capital Inc.,Nasdaq,sec,trinity capital
TSHA,"Taysha Gene Therapies, Inc.",Nasdaq,sec,taysha gene therapies
TFIN,"Triumph Financial, Inc.",NYSE,sec,triumph financial
GLUE,"Monte Rosa Therapeutics, Inc.",Nasdaq,sec,monte rosa therapeutics
NXRT,"NexPoint Residential Trust, Inc.",NYSE,sec,nexpoint residential trust
PGEN,"PRECIGEN, INC.",Nasdaq,sec,precigen
ENOV,Enovis CORP,NYSE,sec,enovis
MOVE,"Corvex, Inc.",Nasdaq,sec,corvex
CNXC,Concentrix Corp,Nasdaq,sec,concentrix
TV,"GRUPO TELEVISA, S.A.B.",NYSE,sec,grupo televisa s a b
DMRA,"Damora Therapeutics, Inc.",Nasdaq,sec,damora therapeutics
NUVB,Nuvation Bio Inc.,NYSE,sec,nuvation bio
NVGS,Navigator Holdings Ltd.,NYSE,sec,navigator
PRCT,PROCEPT BioRobotics Corp,Nasdaq,sec,procept biorobotics
GBX,GREENBRIER COMPANIES INC,NYSE,sec,greenbrier companies
AHG,Akso Health Group,Nasdaq,sec,akso health
IMCR,Immunocore Holdings plc,Nasdaq,sec,immunocore
GSHD,"Goosehead Insurance, Inc.",Nasdaq,sec,goosehead insurance
AGL,"agilon health, inc.",NYSE,sec,agilon health
LAR,Lithium Argentina AG,NYSE,sec,lithium argentina ag
ACDC,ProFrac Holding Corp.,Nasdaq,sec,profrac
PRGO,PERRIGO Co plc,NYSE,sec,perrigo
WKC,WORLD KINECT CORP,NYSE,sec,world kinect
BY,"BYLINE BANCORP, INC.",NYSE,sec,byline bancorp
NVAX,NOVAVAX INC,Nasdaq,sec,novavax
IMTX,Immatics N.V.,Nasdaq,sec,immatics n v
DAO,"Youdao, Inc.",NYSE,sec,youdao
DXC,DXC Technology Co,NYSE,sec,dxc technology
CNOB,"ConnectOne Bancorp, Inc.",Nasdaq,sec,connectone bancorp
QCRH,QCR HOLDINGS INC,Nasdaq,sec,qcr
QQQX,Nuveen NASDAQ 100 Dynamic Overwrite Fund,Nasdaq,sec,nuveen nasdaq 100 dynamic overwrite fund
TCNNF,Trulieve Cannabis Corp.,OTC,sec,trulieve cannabis
ATRC,"AtriCure, Inc.",Nasdaq,sec,atricure
ATAI,AtaiBeckley Inc.,Nasdaq,sec,ataibeckley
DXYZ,Destiny Tech100 Inc.,NYSE,sec,destiny tech100
GSL,"Global Ship Lease, Inc.",NYSE,sec,global ship lease
LKFN,LAKELAND FINANCIAL CORP,Nasdaq,sec,lakeland financial
DV,"DoubleVerify Holdings, Inc.",NYSE,sec,doubleverify
ELVR,Elevra Lithium Ltd,Nasdaq,sec,elevra lithium
MBX,"MBX Biosciences, Inc.",Nasdaq,sec,mbx biosciences
WBI,WaterBridge Infrastructure LLC,NYSE,sec,waterbridge infrastructure llc
BLKB,BLACKBAUD INC,Nasdaq,sec,blackbaud
BRAI,Braiin Ltd,Nasdaq,sec,braiin
NOMD,Nomad Foods Ltd,NYSE,sec,nomad foods
VIR,"Vir Biotechnology, Inc.",Nasdaq,sec,vir biotechnology
CRML,Critical Metals Corp.,Nasdaq,sec,critical metals
ARI,"Apollo Commercial Real Estate Finance, Inc.",NYSE,sec,apollo commercial real estate finance
PBT,PERMIAN BASIN ROYALTY TRUST,NYSE,sec,permian basin royalty trust
KARO,Karooooo Ltd.,Nasdaq,sec,karooooo
CNL,Collective Mining Ltd.,NYSE,sec,collective mining
BTT,BlackRock Municipal 2030 Target Term Trust,NYSE,sec,blackrock municipal 2030 target term trust
SATL,Satellogic Inc.,Nasdaq,sec,satellogic
HCSG,HEALTHCARE SERVICES GROUP INC,Nasdaq,sec,healthcare services
ALMR,"Alamar Biosciences, Inc.",Nasdaq,sec,alamar biosciences
CBL,CBL & ASSOCIATES PROPERTIES INC,NYSE,sec,cbl associates properties
KALV,"KalVista Pharmaceuticals, Inc.",Nasdaq,sec,kalvista pharmaceuticals
SLVM,Sylvamo Corp,NYSE,sec,sylvamo
PICS,PicS N.V.,Nasdaq,sec,pics n v
NNNN,Anbio Biotechnology,Nasdaq,sec,anbio biotechnology
KDK,"Kodiak AI, Inc.",Nasdaq,sec,kodiak ai
OBK,"Origin Bancorp, Inc.",NYSE,sec,origin bancorp
AMLX,"Amylyx Pharmaceuticals, Inc.",Nasdaq,sec,amylyx pharmaceuticals
SLS,"SELLAS Life Sciences Group, Inc.",Nasdaq,sec,sellas life sciences
LZB,LA-Z-BOY INC,NYSE,sec,la z boy
ARDT,"Ardent Health, Inc.",NYSE,sec,ardent health
CSWC,CAPITAL SOUTHWEST CORP,Nasdaq,sec,capital southwest
AHCO,AdaptHealth Corp.,Nasdaq,sec,adapthealth
TTI,TETRA TECHNOLOGIES INC,NYSE,sec,tetra technologies
RLJ,RLJ Lodging Trust,NYSE,sec,rlj lodging trust
CCS,"Century Communities, Inc.",NYSE,sec,century communities
ARLO,"Arlo Technologies, Inc.",NYSE,sec,arlo technologies
DMLP,"DORCHESTER MINERALS, L.P.",Nasdaq,sec,dorchester minerals l p
RVI,Robinhood Ventures Fund I,NYSE,sec,robinhood ventures fund i
HLMN,Hillman Solutions Corp.,Nasdaq,sec,hillman solutions
HBNB,Hotel101 Global Holdings Corp.,Nasdaq,sec,hotel101 global
SMNR,"Semnur Pharmaceuticals, Inc.",OTC,sec,semnur pharmaceuticals
WLFC,WILLIS LEASE FINANCE CORP,Nasdaq,sec,willis lease finance
URGN,UroGen Pharma Ltd.,Nasdaq,sec,urogen pharma
PAHC,PHIBRO ANIMAL HEALTH CORP,Nasdaq,sec,phibro animal health
TNC,TENNANT CO,NYSE,sec,tennant
HYT,"BLACKROCK CORPORATE HIGH YIELD FUND, INC.",NYSE,sec,blackrock corporate high yield fund
SFDMY,Shanghai Fudan Microelectronics Co Limited/ADR/,OTC,sec,shanghai fudan microelectronics
OLPX,"OLAPLEX HOLDINGS, INC.",Nasdaq,sec,olaplex
JJSF,J&J SNACK FOODS CORP,Nasdaq,sec,j j snack foods
CMPS,COMPASS Pathways plc,Nasdaq,sec,compass pathways
NRP,NATURAL RESOURCE PARTNERS LP,NYSE,sec,natural resource partners lp
SPH,SUBURBAN PROPANE PARTNERS LP,NYSE,sec,suburban propane partners lp
UVV,UNIVERSAL CORP /VA/,NYSE,sec,universal va
EYE,"National Vision Holdings, Inc.",Nasdaq,sec,national vision
MAZE,"Maze Therapeutics, Inc.",Nasdaq,sec,maze therapeutics
ORC,"Orchid Island Capital, Inc.",NYSE,sec,orchid island capital
DOLE,Dole plc,NYSE,sec,dole
TRS,TRIMAS CORP,Nasdaq,sec,trimas
UAN,"CVR PARTNERS, LP",NYSE,sec,cvr partners lp
WLDN,"Willdan Group, Inc.",Nasdaq,sec,willdan
EBCRY,Embracer Group AB/ADR,OTC,sec,embracer ab
PLTK,Playtika Holding Corp.,Nasdaq,sec,playtika
NFJ,"Virtus Dividend, Interest & Premium Strategy Fund",NYSE,sec,virtus dividend interest premium strategy fund
AVEX,AEVEX Corp.,NYSE,sec,aevex
GENI,Genius Sports Ltd,NYSE,sec,genius sports
HLIT,HARMONIC INC.,Nasdaq,sec,harmonic
DCH,Dauch Corp,NYSE,sec,dauch
IDT,IDT CORP,NYSE,sec,idt
PRG,"PROG Holdings, Inc.",NYSE,sec,prog
KSS,KOHLS Corp,NYSE,sec,kohls
OI,"O-I Glass, Inc. /DE/",NYSE,sec,o i glass de
MRTN,MARTEN TRANSPORT LTD,Nasdaq,sec,marten transport
CRI,CARTERS INC,NYSE,sec,carters
RVLV,"Revolve Group, Inc.",NYSE,sec,revolve
TWO,TWO HARBORS INVESTMENT CORP.,NYSE,sec,two harbors investment
BCAX,Bicara Therapeutics Inc.,Nasdaq,sec,bicara therapeutics
CXM,"Sprinklr, Inc.",NYSE,sec,sprinklr
GCT,GigaCloud Technology Inc,Nasdaq,sec,gigacloud technology
VPG,"Vishay Precision Group, Inc.",NYSE,sec,vishay precision
FTRE,Fortrea Holdings Inc.,Nasdaq,sec,fortrea
PDS,PRECISION DRILLING Corp,NYSE,sec,precision drilling
UMH,"UMH PROPERTIES, INC.",NYSE,sec,umh properties
TEN,TSAKOS ENERGY NAVIGATION LTD,NYSE,sec,tsakos energy navigation
NPKI,NPK International Inc.,NYSE,sec,npk international
FOR,Forestar Group Inc.,NYSE,sec,forestar
AI,"C3.ai, Inc.",NYSE,sec,c3 ai
TUYA,Tuya Inc.,NYSE,sec,tuya
WABC,WESTAMERICA BANCORPORATION,Nasdaq,sec,westamerica bancorporation
NSSC,"NAPCO SECURITY TECHNOLOGIES, INC",Nasdaq,sec,napco security technologies
COPR,Idaho Copper Corp,OTC,sec,idaho copper
PRA,PROASSURANCE CORP,NYSE,sec,proassurance
LADR,Ladder Capital Corp,NYSE,sec,ladder capital
MAN,ManpowerGroup Inc.,NYSE,sec,manpowergroup
ATEC,"Alphatec Holdings, Inc.",Nasdaq,sec,alphatec
IAUX,i-80 Gold Corp.,NYSE,sec,i 80 gold
BHVN,Biohaven Ltd.,NYSE,sec,biohaven
LEG,LEGGETT & PLATT INC,NYSE,sec,leggett platt
RYZ,Ryerson Holding Corp,NYSE,sec,ryerson
CDRE,"Cadre Holdings, Inc.",NYSE,sec,cadre
HLF,HERBALIFE LTD.,NYSE,sec,herbalife
CCEC,Capital Clean Energy Carriers Corp.,Nasdaq,sec,capital clean energy carriers
AVLN,Avalyn Pharma Inc.,Nasdaq,sec,avalyn pharma
WINA,WINMARK CORP,Nasdaq,sec,winmark
RCAT,"Red Cat Holdings, Inc.",Nasdaq,sec,red cat
BLDP,Ballard Power Systems Inc.,Nasdaq,sec,ballard power systems
AFYA,Afya Ltd,Nasdaq,sec,afya
WGS,GeneDx Holdings Corp.,Nasdaq,sec,genedx
MSDL,Morgan Stanley Direct Lending Fund,NYSE,sec,morgan stanley direct lending fund
DSGR,"Distribution Solutions Group, Inc.",Nasdaq,sec,distribution solutions
BHRB,Burke & Herbert Financial Services Corp.,Nasdaq,sec,burke herbert financial services
XZO,"Exzeo Group, Inc.",NYSE,sec,exzeo
VTOL,Bristow Group Inc.,NYSE,sec,bristow
YELP,YELP INC,NYSE,sec,yelp
MUX,McEwen Inc.,NYSE,sec,mcewen
ARRY,"Array Technologies, Inc.",Nasdaq,sec,array technologies
UFCS,UNITED FIRE GROUP INC,Nasdaq,sec,united fire
ABCL,AbCellera Biologics Inc.,Nasdaq,sec,abcellera biologics
MPLT,"MapLight Therapeutics, Inc.",Nasdaq,sec,maplight therapeutics
TROX,Tronox Holdings plc,NYSE,sec,tronox
SBET,"Sharplink, Inc.",Nasdaq,sec,sharplink
DSL,DoubleLine Income Solutions Fund,NYSE,sec,doubleline income solutions fund
INSP,"Inspire Medical Systems, Inc.",NYSE,sec,inspire medical systems
PRGS,PROGRESS SOFTWARE CORP /MA,Nasdaq,sec,progress software ma
AVBP,"ArriVent BioPharma, Inc.",Nasdaq,sec,arrivent biopharma
CCO,"Clear Channel Outdoor Holdings, Inc.",NYSE,sec,clear channel outdoor
PNTG,"Pennant Group, Inc.",Nasdaq,sec,pennant
LOMA,Loma Negra Compania Industrial Argentina Sociedad Anonima,NYSE,sec,loma negra compania industrial argentina sociedad anonima
DEC,Diversified Energy Co,NYSE,sec,diversified energy
LIND,"LINDBLAD EXPEDITIONS HOLDINGS, INC.",Nasdaq,sec,lindblad expeditions
BRUN,Boost Run Inc.,Nasdaq,sec,boost run
ABR,ARBOR REALTY TRUST INC,NYSE,sec,arbor realty trust
PEBO,PEOPLES BANCORP INC,Nasdaq,sec,peoples bancorp
JFR,NUVEEN FLOATING RATE INCOME FUND,NYSE,sec,nuveen floating rate income fund
ALX,ALEXANDERS INC,NYSE,sec,alexanders
ENVX,Enovix Corp,Nasdaq,sec,enovix
WWW,WOLVERINE WORLD WIDE INC /DE/,NYSE,sec,wolverine world wide de
MLTX,MoonLake Immunotherapeutics,Nasdaq,sec,moonlake immunotherapeutics
ICFI,"ICF International, Inc.",Nasdaq,sec,icf international
OPFI,OppFi Inc.,NYSE,sec,oppfi
NSP,"INSPERITY, INC.",NYSE,sec,insperity
AMAL,Amalgamated Financial Corp.,Nasdaq,sec,amalgamated financial
TMP,TOMPKINS FINANCIAL CORP,NYSE,sec,tompkins financial
GIII,G III APPAREL GROUP LTD /DE/,Nasdaq,sec,g iii apparel de
SEPN,"Septerna, Inc.",Nasdaq,sec,septerna
VIA,"Via Transportation, Inc.",NYSE,sec,via transportation
TDOC,"Teladoc Health, Inc.",NYSE,sec,teladoc health
AEVA,"Aeva Technologies, Inc.",Nasdaq,sec,aeva technologies
RDWR,RADWARE LTD,Nasdaq,sec,radware
XPEL,"XPEL, Inc.",Nasdaq,sec,xpel
NBXG,Neuberger Next Generation Connectivity Fund Inc.,NYSE,sec,neuberger next generation connectivity fund
LSPD,Lightspeed Commerce Inc.,NYSE,sec,lightspeed commerce
COAG,"Hemab Therapeutics Holdings, Inc.",Nasdaq,sec,hemab therapeutics
CTBI,COMMUNITY TRUST BANCORP INC /KY/,Nasdaq,sec,community trust bancorp ky
CMP,COMPASS MINERALS INTERNATIONAL INC,NYSE,sec,compass minerals international
WVE,Wave Life Sciences Ltd.,Nasdaq,sec,wave life sciences
ADTN,"ADTRAN Holdings, Inc.",Nasdaq,sec,adtran
ATLC,Atlanticus Holdings Corp,Nasdaq,sec,atlanticus
EOS,Eaton Vance Enhanced Equity Income Fund II,NYSE,sec,eaton vance enhanced equity income fund ii
CSR,CENTERSPACE,NYSE,sec,centerspace
NMZ,NUVEEN MUNICIPAL HIGH INCOME OPPORTUNITY FUND,NYSE,sec,nuveen municipal high income opportunity fund
VMET,Versamet Royalties Corp,Nasdaq,sec,versamet royalties
PRSU,"Pursuit Attractions & Hospitality, Inc.",NYSE,sec,pursuit attractions hospitality
ASST,"Strive, Inc.",Nasdaq,sec,strive
RXT,"Rackspace Technology, Inc.",Nasdaq,sec,rackspace technology
CPPKF,Faraday Copper Corp.,OTC,sec,faraday copper
NAT,NORDIC AMERICAN TANKERS Ltd,NYSE,sec,nordic american tankers
TK,TEEKAY CORP LTD,NYSE,sec,teekay
JKS,"JinkoSolar Holding Co., Ltd.",NYSE,sec,jinkosolar
BRELY,Brazilian Rare Earths Limited/ADR,OTC,sec,brazilian rare earths
NNE,Nano Nuclear Energy Inc.,Nasdaq,sec,nano nuclear energy
IPX,IPERIONX Ltd,Nasdaq,sec,iperionx
AVNS,"AVANOS MEDICAL, INC.",NYSE,sec,avanos medical
DQ,DAQO NEW ENERGY CORP.,NYSE,sec,daqo new energy
FINV,FinVolution Group,NYSE,sec,finvolution
KMTS,"KESTRA MEDICAL TECHNOLOGIES, LTD.",Nasdaq,sec,kestra medical technologies
SBH,"Sally Beauty Holdings, Inc.",NYSE,sec,sally beauty
AOSL,ALPHA & OMEGA SEMICONDUCTOR Ltd,Nasdaq,sec,alpha omega semiconductor
SIFY,SIFY TECHNOLOGIES LTD,Nasdaq,sec,sify technologies
BFS,"SAUL CENTERS, INC.",NYSE,sec,saul centers
MNSKY,MoneySupermarket.com Group PLC/ADR,OTC,sec,moneysupermarket com
GOLD,"Gold.com, Inc.",NYSE,sec,gold com
DFH,"Dream Finders Homes, Inc.",NYSE,sec,dream finders homes
ASA,ASA Gold & Precious Metals Ltd,NYSE,sec,asa gold precious metals
CRF,CORNERSTONE TOTAL RETURN FUND INC,NYSE,sec,cornerstone total return fund
SBR,SABINE ROYALTY TRUST,NYSE,sec,sabine royalty trust
OLMA,"Olema Pharmaceuticals, Inc.",Nasdaq,sec,olema pharmaceuticals
HROW,"HARROW, INC.",Nasdaq,sec,harrow
VZLA,Vizsla Silver Corp.,NYSE,sec,vizsla silver
LNN,LINDSAY CORP,NYSE,sec,lindsay
RIOFF,Rio2 Ltd,OTC,sec,rio2
DEA,"Easterly Government Properties, Inc.",NYSE,sec,easterly government properties
GPRE,Green Plains Inc.,Nasdaq,sec,green plains
FMBH,"FIRST MID BANCSHARES, INC.",Nasdaq,sec,first mid bancshares
GILT,GILAT SATELLITE NETWORKS LTD,Nasdaq,sec,gilat satellite networks
ITRN,Ituran Location & Control Ltd.,Nasdaq,sec,ituran location control
ZBIO,"Zenas BioPharma, Inc.",Nasdaq,sec,zenas biopharma
SCL,STEPAN CO,NYSE,sec,stepan
GTM,ZoomInfo Technologies Inc.,Nasdaq,sec,zoominfo technologies
CMRF,"CIM REAL ESTATE FINANCE TRUST, INC.",OTC,sec,cim real estate finance trust
LUCK,Lucky Strike Entertainment Corp,NYSE,sec,lucky strike entertainment
BLFS,BIOLIFE SOLUTIONS INC,Nasdaq,sec,biolife solutions
HQH,abrdn Healthcare Investors,NYSE,sec,abrdn healthcare investors
IART,INTEGRA LIFESCIENCES HOLDINGS CORP,Nasdaq,sec,integra lifesciences
BV,"BrightView Holdings, Inc.",NYSE,sec,brightview
IRMD,IRADIMED CORP,Nasdaq,sec,iradimed
RERE,ATRenew Inc.,NYSE,sec,atrenew
ENR,"ENERGIZER HOLDINGS, INC.",NYSE,sec,energizer
EDN,EDENOR,NYSE,sec,edenor
AORT,"ARTIVION, INC.",NYSE,sec,artivion
TDAY,"USA TODAY Co., Inc.",NYSE,sec,usa today
AGBK,AGI Inc,NYSE,sec,agi
NHP,"National Healthcare Properties, Inc.",Nasdaq,sec,national healthcare properties
UAMY,UNITED STATES ANTIMONY CORP,NYSE,sec,united states antimony
ASM,AVINO SILVER & GOLD MINES LTD,NYSE,sec,avino silver gold mines
UVE,"UNIVERSAL INSURANCE HOLDINGS, INC.",NYSE,sec,universal insurance
IRS,IRSA INVESTMENTS & REPRESENTATIONS INC,NYSE,sec,irsa investments representations
PZZA,PAPA JOHNS INTERNATIONAL INC,Nasdaq,sec,papa johns international
DBVT,DBV Technologies S.A.,Nasdaq,sec,dbv technologies s a
MCB,Metropolitan Bank Holding Corp.,NYSE,sec,metropolitan bank
GIC,GLOBAL INDUSTRIAL Co,NYSE,sec,global industrial
HFWA,HERITAGE FINANCIAL CORP /WA/,Nasdaq,sec,heritage financial wa
ATEX,Anterix Inc.,Nasdaq,sec,anterix
AOD,abrdn Total Dynamic Dividend Fund,NYSE,sec,abrdn total dynamic dividend fund
LZ,"LEGALZOOM.COM, INC.",Nasdaq,sec,legalzoom com
SVV,"Savers Value Village, Inc.",NYSE,sec,savers value village
NEO,NEOGENOMICS INC,Nasdaq,sec,neogenomics
CNMD,CONMED Corp,NYSE,sec,conmed
COLL,"COLLEGIUM PHARMACEUTICAL, INC",Nasdaq,sec,collegium pharmaceutical
PFBC,Preferred Bank,Nasdaq,sec,preferred bank
CIM,CHIMERA INVESTMENT CORP,NYSE,sec,chimera investment
FPF,First Trust Intermediate Duration Preferred & Income Fund,NYSE,sec,first trust intermediate duration preferred income fund
TRIP,"TripAdvisor, Inc.",Nasdaq,sec,tripadvisor
HTLD,HEARTLAND EXPRESS INC,Nasdaq,sec,heartland express
REAL,"TheRealReal, Inc.",Nasdaq,sec,therealreal
JBIO,"Jade Biosciences, Inc.",Nasdaq,sec,jade biosciences
ASTE,ASTEC INDUSTRIES INC,Nasdaq,sec,astec industries
PSEC,PROSPECT CAPITAL CORP,Nasdaq,sec,prospect capital
CSIQ,Canadian Solar Inc.,Nasdaq,sec,canadian solar
MALG,MICROALLIANCE GROUP INC.,OTC,sec,microalliance
BFLY,"Butterfly Network, Inc.",NYSE,sec,butterfly network
IQ,"iQIYI, Inc.",Nasdaq,sec,iqiyi
UVSP,UNIVEST FINANCIAL Corp,Nasdaq,sec,univest financial
ODC,Oil-Dri Corp of America,NYSE,sec,oil dri of america
OSBC,OLD SECOND BANCORP INC,Nasdaq,sec,old second bancorp
PRCH,"Porch Group, Inc.",Nasdaq,sec,porch
DLX,DELUXE CORP,NYSE,sec,deluxe
SAFT,SAFETY INSURANCE GROUP INC,Nasdaq,sec,safety insurance
IGIC,International General Insurance Holdings Ltd.,Nasdaq,sec,international general insurance
HSLV,Highlander Silver Corp.,NYSE,sec,highlander silver
MMI,"Marcus & Millichap, Inc.",NYSE,sec,marcus millichap
OCFC,OCEANFIRST FINANCIAL CORP,Nasdaq,sec,oceanfirst financial
PTA,Cohen & Steers Tax-Advantaged Preferred Securities & Income Fund,NYSE,sec,cohen steers tax advantaged preferred securities income fund
EVV,Eaton Vance Ltd Duration Income Fund,NYSE,sec,eaton vance duration income fund
SVC,Service Properties Trust,Nasdaq,sec,service properties trust
LQDT,LIQUIDITY SERVICES INC,Nasdaq,sec,liquidity services
CDNA,"CareDx, Inc.",Nasdaq,sec,caredx
AMN,AMN HEALTHCARE SERVICES INC,NYSE,sec,amn healthcare services
SMPL,Simply Good Foods Co,Nasdaq,sec,simply good foods
EMO,ClearBridge Energy Midstream Opportunity Fund Inc.,NYSE,sec,clearbridge energy midstream opportunity fund
PXED,"Phoenix Education Partners, Inc.",NYSE,sec,phoenix education partners
CCB,COASTAL FINANCIAL CORP,Nasdaq,sec,coastal financial
NAK,NORTHERN DYNASTY MINERALS LTD,NYSE,sec,northern dynasty minerals
PGY,Pagaya Technologies Ltd.,Nasdaq,sec,pagaya technologies
TBN,Tamboran Resources Corp,NYSE,sec,tamboran resources
UPWK,"UPWORK, INC",Nasdaq,sec,upwork
XIFR,"XPLR Infrastructure, LP",NYSE,sec,xplr infrastructure lp
TIGR,UP Fintech Holding Ltd,Nasdaq,sec,up fintech
ACVA,ACV Auctions Inc.,NYSE,sec,acv auctions
OCSL,Oaktree Specialty Lending Corp,Nasdaq,sec,oaktree specialty lending
NWPX,"NWPX Infrastructure, Inc.",Nasdaq,sec,nwpx infrastructure
GNK,GENCO SHIPPING & TRADING LTD,NYSE,sec,genco shipping trading
BRBR,"BELLRING BRANDS, INC.",NYSE,sec,bellring brands
GHM,GRAHAM CORP,NYSE,sec,graham
AMC,"AMC ENTERTAINMENT HOLDINGS, INC.",NYSE,sec,amc entertainment
HMH,HMH Holding Inc,Nasdaq,sec,hmh
EVLV,"Evolv Technologies Holdings, Inc.",Nasdaq,sec,evolv technologies
HPK,"HighPeak Energy, Inc.",Nasdaq,sec,highpeak energy
IVA,Inventiva S.A.,Nasdaq,sec,inventiva s a
SG,"Sweetgreen, Inc.",NYSE,sec,sweetgreen
AKTS,"Aktis Oncology, Inc.",Nasdaq,sec,aktis oncology
ALNT,ALLIENT INC,Nasdaq,sec,allient
FSCO,FS Credit Opportunities Corp.,NYSE,sec,fs credit opportunities
XERS,"Xeris Biopharma Holdings, Inc.",Nasdaq,sec,xeris biopharma
ELE,Elemental Royalty Corp,Nasdaq,sec,elemental royalty
NPK,NATIONAL PRESTO INDUSTRIES INC,NYSE,sec,national presto industries
ALVO,Alvotech,Nasdaq,sec,alvotech
SAFE,Safehold Inc.,NYSE,sec,safehold
CEVA,CEVA INC,Nasdaq,sec,ceva
GLIBA,"GCI Liberty, Inc.",Nasdaq,sec,gci liberty
HBT,"HBT Financial, Inc.",Nasdaq,sec,hbt financial
ROCK,"GIBRALTAR INDUSTRIES, INC.",Nasdaq,sec,gibraltar industries
CII,"BlackRock Enhanced Large Cap Core Fund, Inc.",NYSE,sec,blackrock enhanced large cap core fund
ETW,Eaton Vance Tax-Managed Global Buy-Write Opportunities Fund,NYSE,sec,eaton vance tax managed global buy write opportunities fund
ASIC,Ategrity Specialty Insurance Co Holdings,NYSE,sec,ategrity specialty insurance
UPBD,"UPBOUND GROUP, INC.",Nasdaq,sec,upbound
OPY,OPPENHEIMER HOLDINGS INC,NYSE,sec,oppenheimer
PLOW,"DOUGLAS DYNAMICS, INC",NYSE,sec,douglas dynamics
TYG,TORTOISE ENERGY INFRASTRUCTURE CORP,NYSE,sec,tortoise energy infrastructure
EYPT,"EyePoint, Inc.",Nasdaq,sec,eyepoint
RNP,COHEN & STEERS REIT & PREFERRED & INCOME FUND INC,NYSE,sec,cohen steers reit preferred income fund
MUC,"BLACKROCK MUNIHOLDINGS CALIFORNIA QUALITY FUND, INC.",NYSE,sec,blackrock muniholdings california quality fund
EEX,"Emerald Holding, Inc.",NYSE,sec,emerald
EVO,Evotec SE,Nasdaq,sec,evotec se
WSR,Whitestone REIT,NYSE,sec,whitestone reit
OMDA,"Omada Health, Inc.",Nasdaq,sec,omada health
LXU,"LSB INDUSTRIES, INC.",NYSE,sec,lsb industries
GSBD,"Goldman Sachs BDC, Inc.",NYSE,sec,goldman sachs bdc
WYFI,"WhiteFiber, Inc.",Nasdaq,sec,whitefiber
APEI,AMERICAN PUBLIC EDUCATION INC,Nasdaq,sec,american public education
PDM,"Piedmont Realty Trust, Inc.",NYSE,sec,piedmont realty trust
INNV,InnovAge Holding Corp.,Nasdaq,sec,innovage
BTX,BlackRock Technology & Private Equity Term Trust,NYSE,sec,blackrock technology private equity term trust
SBGI,"Sinclair, Inc.",Nasdaq,sec,sinclair
KRNGY,Karoon Gas Australia Ltd /ADR/,OTC,sec,karoon gas australia
ULCC,"Frontier Group Holdings, Inc.",Nasdaq,sec,frontier
CRON,Cronos Group Inc.,Nasdaq,sec,cronos
HEPS,D-MARKET Electronic Services & Trading,Nasdaq,sec,d market electronic services trading
CHY,CALAMOS CONVERTIBLE & HIGH INCOME FUND,Nasdaq,sec,calamos convertible high income fund
EVEX,"Eve Holding, Inc.",NYSE,sec,eve
MLKN,"MILLERKNOLL, INC.",Nasdaq,sec,millerknoll
RZLV,REZOLVE AI PLC,Nasdaq,sec,rezolve ai
SVRA,Savara Inc,Nasdaq,sec,savara
CRVS,"Corvus Pharmaceuticals, Inc.",Nasdaq,sec,corvus pharmaceuticals
PURR,Hyperliquid Strategies Inc,Nasdaq,sec,hyperliquid strategies
JCAP,"Jefferson Capital, Inc. / DE",Nasdaq,sec,jefferson capital de
TRUP,"TRUPANION, INC.",Nasdaq,sec,trupanion
KBDC,"Kayne Anderson BDC, Inc.",NYSE,sec,kayne anderson bdc
YALA,Yalla Group Ltd,NYSE,sec,yalla
DFIN,"Donnelley Financial Solutions, Inc.",NYSE,sec,donnelley financial solutions
PDX,PIMCO Dynamic Income Strategy Fund,NYSE,sec,pimco dynamic income strategy fund
BBN,BlackRock Taxable Municipal Bond Trust,NYSE,sec,blackrock taxable municipal bond trust
ACEL,"Accel Entertainment, Inc.",NYSE,sec,accel entertainment
OXLC,Oxford Lane Capital Corp.,Nasdaq,sec,oxford lane capital
MFA,"MFA FINANCIAL, INC.",NYSE,sec,mfa financial
SBSI,SOUTHSIDE BANCSHARES INC,NYSE,sec,southside bancshares
TNDM,TANDEM DIABETES CARE INC,Nasdaq,sec,tandem diabetes care
MSEX,MIDDLESEX WATER CO,Nasdaq,sec,middlesex water
CFFN,"Capitol Federal Financial, Inc.",Nasdaq,sec,capitol federal financial
LXRX,"LEXICON PHARMACEUTICALS, INC.",Nasdaq,sec,lexicon pharmaceuticals
SENEB,Seneca Foods Corp,Nasdaq,sec,seneca foods
LUXE,LuxExperience B.V.,NYSE,sec,luxexperience b v
LGIH,"LGI Homes, Inc.",Nasdaq,sec,lgi homes
CHI,CALAMOS CONVERTIBLE OPPORTUNITIES & INCOME FUND,Nasdaq,sec,calamos convertible opportunities income fund
BTGO,"BITGO HOLDINGS, INC.",NYSE,sec,bitgo
BOW,Bowhead Specialty Holdings Inc.,NYSE,sec,bowhead specialty
DRTS,Alpha Tau Medical Ltd.,Nasdaq,sec,alpha tau medical
BUR,Burford Capital Ltd,NYSE,sec,burford capital
ESQ,"Esquire Financial Holdings, Inc.",Nasdaq,sec,esquire financial
USPH,U S PHYSICAL THERAPY INC /NV,NYSE,sec,u s physical therapy nv
CRAI,"CRA INTERNATIONAL, INC.",Nasdaq,sec,cra international
FUEMF,Fuerte Metals Corp,OTC,sec,fuerte metals
DAKT,DAKTRONICS INC /SD/,Nasdaq,sec,daktronics sd
LTGHY,Life Healthcare Group Holdings Limited/ADR,OTC,sec,life healthcare
EQBK,EQUITY BANCSHARES INC,NYSE,sec,equity bancshares
SYNSY,Syensqo SA/ADR,OTC,sec,syensqo sa
CPAC,CEMENTOS PACASMAYO SAA,NYSE,sec,cementos pacasmayo saa
KODK,EASTMAN KODAK CO,NYSE,sec,eastman kodak
BTZ,BLACKROCK CREDIT ALLOCATION INCOME TRUST,NYSE,sec,blackrock credit allocation income trust
HBNC,HORIZON BANCORP INC /IN/,Nasdaq,sec,horizon bancorp in
FCEL,FUELCELL ENERGY INC,Nasdaq,sec,fuelcell energy
UTL,UNITIL CORP,NYSE,sec,unitil
THRM,Gentherm Inc,Nasdaq,sec,gentherm
BCX,BlackRock Resources & Commodities Strategy Trust,NYSE,sec,blackrock resources commodities strategy trust
FMCB,FARMERS & MERCHANTS BANCORP,OTC,sec,farmers merchants bancorp
MCBS,"MetroCity Bankshares, Inc.",Nasdaq,sec,metrocity bankshares
AIAI,AIAI Holdings Corp,Nasdaq,sec,aiai
MNKD,MANNKIND CORP,Nasdaq,sec,mannkind
TRON,Tron Inc.,Nasdaq,sec,tron
SHEN,SHENANDOAH TELECOMMUNICATIONS CO/VA/,Nasdaq,sec,shenandoah telecommunications va
PHAT,"Phathom Pharmaceuticals, Inc.",Nasdaq,sec,phathom pharmaceuticals
NMAX,Newsmax Inc.,NYSE,sec,newsmax
GOOS,Canada Goose Holdings Inc.,NYSE,sec,canada goose
RPC,"Ridgepost Capital, Inc.",NYSE,sec,ridgepost capital
ETON,"Eton Pharmaceuticals, Inc.",Nasdaq,sec,eton pharmaceuticals
LOT,Lotus Technology Inc.,Nasdaq,sec,lotus technology
CVLG,"COVENANT LOGISTICS GROUP, INC.",NYSE,sec,covenant logistics
NRK,NUVEEN NEW YORK AMT-FREE QUALITY MUNICIPAL INCOME FUND,NYSE,sec,nuveen new york amt free quality municipal income fund
PMT,PennyMac Mortgage Investment Trust,NYSE,sec,pennymac mortgage investment trust
MOMO,Hello Group Inc.,Nasdaq,sec,hello
CODI,Compass Diversified Holdings,NYSE,sec,compass diversified
SDGR,"Schrodinger, Inc.",Nasdaq,sec,schrodinger
BH-A,Biglari Holdings Inc.,NYSE,sec,biglari
REPX,"Riley Exploration Permian, Inc.",NYSE,sec,riley exploration permian
VYX,NCR Voyix Corp,NYSE,sec,ncr voyix
HTD,JOHN HANCOCK TAX-ADVANTAGED DIVIDEND INCOME FUND,NYSE,sec,john hancock tax advantaged dividend income fund
PHAR,Pharming Group N.V.,Nasdaq,sec,pharming n v
LMB,"Limbach Holdings, Inc.",Nasdaq,sec,limbach
METC,"Ramaco Resources, Inc.",Nasdaq,sec,ramaco resources
CPF,CENTRAL PACIFIC FINANCIAL CORP,NYSE,sec,central pacific financial
BJRI,BJs RESTAURANTS INC,Nasdaq,sec,bjs restaurants
CCNE,CNB FINANCIAL CORP/PA,Nasdaq,sec,cnb financial pa
VRTS,"VIRTUS INVESTMENT PARTNERS, INC.",NYSE,sec,virtus investment partners
BFST,"Business First Bancshares, Inc.",Nasdaq,sec,business first bancshares
RHLD,"Resolute Holdings Management, Inc.",NYSE,sec,resolute management
CCOI,"COGENT COMMUNICATIONS HOLDINGS, INC.",Nasdaq,sec,cogent communications
RJET,REPUBLIC AIRWAYS HOLDINGS INC.,Nasdaq,sec,republic airways
BBDC,"Barings BDC, Inc.",NYSE,sec,barings bdc
JBSS,SANFILIPPO JOHN B & SON INC,Nasdaq,sec,sanfilippo john b son
MBWM,MERCANTILE BANK CORP,Nasdaq,sec,mercantile bank
CAPL,CrossAmerica Partners LP,NYSE,sec,crossamerica partners lp
AEBI,Aebi Schmidt Holding AG,Nasdaq,sec,aebi schmidt ag
PCRX,"Pacira BioSciences, Inc.",Nasdaq,sec,pacira biosciences
NANO,ATII Holdings Inc.,None,sec,atii
HAFC,HANMI FINANCIAL CORP,Nasdaq,sec,hanmi financial
FSBC,FIVE STAR BANCORP,Nasdaq,sec,five star bancorp
NEWP,NEW PACIFIC METALS CORP,NYSE,sec,new pacific metals
AMTB,Amerant Bancorp Inc.,NYSE,sec,amerant bancorp
SLI,STANDARD LITHIUM LTD.,NYSE,sec,standard lithium
LPTH,LIGHTPATH TECHNOLOGIES INC,Nasdaq,sec,lightpath technologies
ODV,Osisko Development Corp.,NYSE,sec,osisko development
TALK,"Talkspace, Inc.",Nasdaq,sec,talkspace
CGEM,"Cullinan Therapeutics, Inc.",Nasdaq,sec,cullinan therapeutics
STK,"Columbia Seligman Premium Technology Growth Fund, Inc.",NYSE,sec,columbia seligman premium technology growth fund
NUTX,Nutex Health Inc.,Nasdaq,sec,nutex health
OPK,"OPKO HEALTH, INC.",Nasdaq,sec,opko health
MFIC,MidCap Financial Investment Corp,Nasdaq,sec,midcap financial investment
MBC,"MasterBrand, Inc.",NYSE,sec,masterbrand
AIO,Virtus Artificial Intelligence & Technology Opportunities Fund,NYSE,sec,virtus artificial intelligence technology opportunities fund
OMER,OMEROS CORP,Nasdaq,sec,omeros
BMEZ,BlackRock Health Sciences Term Trust,NYSE,sec,blackrock health sciences term trust
GLASF,Glass House Brands Inc.,OTC,sec,glass house brands
AVO,"Mission Produce, Inc.",Nasdaq,sec,mission produce
AWF,ALLIANCEBERNSTEIN GLOBAL HIGH INCOME FUND INC,NYSE,sec,alliancebernstein global high income fund
SCSC,"SCANSOURCE, INC.",Nasdaq,sec,scansource
TRST,TRUSTCO BANK CORP N Y,Nasdaq,sec,trustco bank n y
CRTO,Criteo S.A.,Nasdaq,sec,criteo s a
JBGS,JBG SMITH Properties,NYSE,sec,jbg smith properties
AVTX,"Avalo Therapeutics, Inc.",Nasdaq,sec,avalo therapeutics
NBBK,"NB Bancorp, Inc.",Nasdaq,sec,nb bancorp
OBE,OBSIDIAN ENERGY LTD.,NYSE,sec,obsidian energy
JMIA,Jumia Technologies AG,NYSE,sec,jumia technologies ag
SHAZ,SharonAI Holdings Inc.,Nasdaq,sec,sharonai
GDRX,"GoodRx Holdings, Inc.",Nasdaq,sec,goodrx
PCN,PIMCO CORPORATE & INCOME STRATEGY FUND,NYSE,sec,pimco corporate income strategy fund
ABX,"Abacus Global Management, Inc.",NYSE,sec,abacus global management
BCSF,"Bain Capital Specialty Finance, Inc.",NYSE,sec,bain capital specialty finance
SANA,"Sana Biotechnology, Inc.",Nasdaq,sec,sana biotechnology
INMD,InMode Ltd.,Nasdaq,sec,inmode
HNRG,HALLADOR ENERGY CO,Nasdaq,sec,hallador energy
ROOT,"Root, Inc.",Nasdaq,sec,root
HIVE,HIVE Digital Technologies Ltd.,Nasdaq,sec,hive digital technologies
MGTX,MeiraGTx Holdings plc,Nasdaq,sec,meiragtx
AMPL,"Amplitude, Inc.",Nasdaq,sec,amplitude
NRGV,"Energy Vault Holdings, Inc.",NYSE,sec,energy vault
JANX,"Janux Therapeutics, Inc.",Nasdaq,sec,janux therapeutics
CRCT,"Cricut, Inc.",Nasdaq,sec,cricut
MATW,MATTHEWS INTERNATIONAL CORP,Nasdaq,sec,matthews international
PSIX,"POWER SOLUTIONS INTERNATIONAL, INC.",Nasdaq,sec,power solutions international
TBPH,"Theravance Biopharma, Inc.",Nasdaq,sec,theravance biopharma
PHK,PIMCO HIGH INCOME FUND,NYSE,sec,pimco high income fund
LYTS,LSI INDUSTRIES INC,Nasdaq,sec,lsi industries
NLST,NETLIST INC,OTC,sec,netlist
SPTX,"Seaport Therapeutics, Inc.",Nasdaq,sec,seaport therapeutics
ORIC,"Oric Pharmaceuticals, Inc.",Nasdaq,sec,oric pharmaceuticals
ABUS,Arbutus Biopharma Corp,Nasdaq,sec,arbutus biopharma
FMNB,FARMERS NATIONAL BANC CORP /OH/,Nasdaq,sec,farmers national banc oh
HDL,SUPER HI INTERNATIONAL HOLDING LTD.,Nasdaq,sec,super hi international
PFLT,PennantPark Floating Rate Capital Ltd.,NYSE,sec,pennantpark floating rate capital
ARHS,"Arhaus, Inc.",Nasdaq,sec,arhaus
CAC,CAMDEN NATIONAL CORP,Nasdaq,sec,camden national
PSTL,"Postal Realty Trust, Inc.",NYSE,sec,postal realty trust
AZTA,"Azenta, Inc.",Nasdaq,sec,azenta
IMSR,Terrestrial Energy Inc. /DE/,Nasdaq,sec,terrestrial energy de
GGN,"GAMCO Global Gold, Natural Resources & Income Trust",NYSE,sec,gamco global gold natural resources income trust
ESPR,"Esperion Therapeutics, Inc.",Nasdaq,sec,esperion therapeutics
SMP,"STANDARD MOTOR PRODUCTS, INC.",NYSE,sec,standard motor products
MYE,MYERS INDUSTRIES INC,NYSE,sec,myers industries
GO,Grocery Outlet Holding Corp.,Nasdaq,sec,grocery outlet
ANNX,"Annexon, Inc.",Nasdaq,sec,annexon
ARKO,ARKO Corp.,Nasdaq,sec,arko
MPB,MID PENN BANCORP INC,Nasdaq,sec,mid penn bancorp
SSII,"SS Innovations International, Inc.",Nasdaq,sec,ss innovations international
EOI,Eaton Vance Enhanced Equity Income Fund,NYSE,sec,eaton vance enhanced equity income fund
RHNO,RHINO BITCOIN INC.,OTC,sec,rhino bitcoin
KOPN,KOPIN CORP,Nasdaq,sec,kopin
ODTX,"Odyssey Therapeutics, Inc.",Nasdaq,sec,odyssey therapeutics
INDI,"indie Semiconductor, Inc.",Nasdaq,sec,indie semiconductor
WOOF,"Petco Health & Wellness Company, Inc.",Nasdaq,sec,petco health wellness
WGO,WINNEBAGO INDUSTRIES INC,NYSE,sec,winnebago industries
KURA,"Kura Oncology, Inc.",Nasdaq,sec,kura oncology
MQY,"BLACKROCK MUNIYIELD QUALITY FUND, INC.",NYSE,sec,blackrock muniyield quality fund
CTMX,"CytomX Therapeutics, Inc.",Nasdaq,sec,cytomx therapeutics
FCBC,FIRST COMMUNITY BANKSHARES INC /VA/,Nasdaq,sec,first community bankshares va
WLKP,Westlake Chemical Partners LP,NYSE,sec,westlake chemical partners lp
GFR,Greenfire Resources Ltd.,NYSE,sec,greenfire resources
GROY,Gold Royalty Corp.,NYSE,sec,gold royalty
EIG,"Employers Holdings, Inc.",NYSE,sec,employers
THFF,FIRST FINANCIAL CORP /IN/,Nasdaq,sec,first financial in
WEST,Westrock Coffee Co,Nasdaq,sec,westrock coffee
MEGI,NYLI CBRE Global Infrastructure Megatrends Term Fund,NYSE,sec,nyli cbre global infrastructure megatrends term fund
CCBG,CAPITAL CITY BANK GROUP INC,Nasdaq,sec,capital city bank
ADAM,"ADAMAS TRUST, INC.",Nasdaq,sec,adamas trust
AMPH,"Amphastar Pharmaceuticals, Inc.",Nasdaq,sec,amphastar pharmaceuticals
GERN,GERON CORP,Nasdaq,sec,geron
LBRX,LB PHARMACEUTICALS INC,Nasdaq,sec,lb pharmaceuticals
NXDR,"Nextdoor Holdings, Inc.",NYSE,sec,nextdoor
IBTA,"Ibotta, Inc.",NYSE,sec,ibotta
AGNT,"eXp World Holdings, Inc.",Nasdaq,sec,exp world
QDEL,QuidelOrtho Corp,Nasdaq,sec,quidelortho
NAVI,NAVIENT CORP,Nasdaq,sec,navient
VTS,"Vitesse Energy, Inc.",NYSE,sec,vitesse energy
KRO,KRONOS WORLDWIDE INC,NYSE,sec,kronos worldwide
XNCR,Xencor Inc,Nasdaq,sec,xencor
EFOR,Everforth Inc,NYSE,sec,everforth
CD,Chaince Digital Holdings Inc.,Nasdaq,sec,chaince digital
ASC,Ardmore Shipping Corp,NYSE,sec,ardmore shipping
THQ,abrdn Healthcare Opportunities Fund,NYSE,sec,abrdn healthcare opportunities fund
SPFI,"SOUTH PLAINS FINANCIAL, INC.",Nasdaq,sec,south plains financial
VOR,Vor Biopharma Inc.,Nasdaq,sec,vor biopharma
HTB,"HomeTrust Bancshares, Inc.",NYSE,sec,hometrust bancshares
EGBN,EAGLE BANCORP INC,Nasdaq,sec,eagle bancorp
AURA,"Aura Biosciences, Inc.",Nasdaq,sec,aura biosciences
EVMN,"Evommune, Inc.",NYSE,sec,evommune
SCZM,Santacruz Silver Mining Ltd.,Nasdaq,sec,santacruz silver mining
BBSI,BARRETT BUSINESS SERVICES INC,Nasdaq,sec,barrett business services
NX,Quanex Building Products CORP,NYSE,sec,quanex building products
GRNT,"Granite Ridge Resources, Inc.",NYSE,sec,granite ridge resources
HBIA,HILLS BANCORPORATION,OTC,sec,hills bancorporation
FFC,Flaherty & Crumrine PREFERRED & INCOME SECURITIES FUND INC,NYSE,sec,flaherty crumrine preferred income securities fund
ASGI,abrdn Global Infrastructure Income Fund,NYSE,sec,abrdn global infrastructure income fund
AVR,Anteris Technologies Global Corp.,Nasdaq,sec,anteris technologies global
CGBD,"Carlyle Secured Lending, Inc.",Nasdaq,sec,carlyle secured lending
NMFC,New Mountain Finance Corp,Nasdaq,sec,new mountain finance
CDNL,Cardinal Infrastructure Group Inc.,Nasdaq,sec,cardinal infrastructure
GSBC,"GREAT SOUTHERN BANCORP, INC.",Nasdaq,sec,great southern bancorp
PGC,PEAPACK GLADSTONE FINANCIAL CORP,Nasdaq,sec,peapack gladstone financial
PEO,"ADAMS NATURAL RESOURCES FUND, INC.",NYSE,sec,adams natural resources fund
SMBC,"SOUTHERN MISSOURI BANCORP, INC.",Nasdaq,sec,southern missouri bancorp
MRAM,EVERSPIN TECHNOLOGIES INC.,Nasdaq,sec,everspin technologies
CRESY,CRESUD INC,Nasdaq,sec,cresud
EVC,ENTRAVISION COMMUNICATIONS CORP,NYSE,sec,entravision communications
TXO,"TXO Partners, L.P.",NYSE,sec,txo partners l p
SPIR,"Spire Global, Inc.",NYSE,sec,spire global
KOP,Koppers Holdings Inc.,NYSE,sec,koppers
SCHL,SCHOLASTIC CORP,Nasdaq,sec,scholastic
RLMD,"RELMADA THERAPEUTICS, INC.",Nasdaq,sec,relmada therapeutics
EPC,EDGEWELL PERSONAL CARE Co,NYSE,sec,edgewell personal care
PSNL,"Personalis, Inc.",Nasdaq,sec,personalis
BRSP,"BrightSpire Capital, Inc.",NYSE,sec,brightspire capital
IVR,Invesco Mortgage Capital Inc.,NYSE,sec,invesco mortgage capital
NFGC,New Found Gold Corp.,NYSE,sec,new found gold
YSWY,"Yesway, Inc.",Nasdaq,sec,yesway
NXP,NUVEEN SELECT TAX FREE INCOME PORTFOLIO,NYSE,sec,nuveen select tax free income portfolio
DRUG,BRIGHT MINDS BIOSCIENCES INC.,Nasdaq,sec,bright minds biosciences
HYLN,Hyliion Holdings Corp.,NYSE,sec,hyliion
MTUS,Metallus Inc.,NYSE,sec,metallus
BIOA,"BioAge Labs, Inc.",Nasdaq,sec,bioage labs
ANL,Adlai Nortye Ltd.,Nasdaq,sec,adlai nortye
CGNT,Cognyte Software Ltd.,Nasdaq,sec,cognyte software
DC,Dakota Gold Corp.,NYSE,sec,dakota gold
STRW,"Strawberry Fields REIT, Inc.",NYSE,sec,strawberry fields reit
NIE,Virtus Equity & Convertible Income Fund,NYSE,sec,virtus equity convertible income fund
ABSI,Absci Corp,Nasdaq,sec,absci
FTK,FLOTEK INDUSTRIES INC/CN/,NYSE,sec,flotek industries cn
KFRC,KFORCE INC,NYSE,sec,kforce
BVS,Bioventus Inc.,Nasdaq,sec,bioventus
DSP,Viant Technology Inc.,Nasdaq,sec,viant technology
GSM,Ferroglobe PLC,Nasdaq,sec,ferroglobe
CRSR,"Corsair Gaming, Inc.",Nasdaq,sec,corsair gaming
GDOT,GREEN DOT CORP,NYSE,sec,green dot
TMCR,Metals Royalty Co Inc.,Nasdaq,sec,metals royalty
HSTM,HEALTHSTREAM INC,Nasdaq,sec,healthstream
EH,EHang Holdings Ltd,Nasdaq,sec,ehang
CERT,"Certara, Inc.",Nasdaq,sec,certara
APOG,"APOGEE ENTERPRISES, INC.",Nasdaq,sec,apogee enterprises
SPRY,"ARS Pharmaceuticals, Inc.",Nasdaq,sec,ars pharmaceuticals
ANRO,"Alto Neuroscience, Inc.",NYSE,sec,alto neuroscience
IHRT,"iHeartMedia, Inc.",Nasdaq,sec,iheartmedia
JQC,Nuveen Credit Strategies Income Fund,NYSE,sec,nuveen credit strategies income fund
SGP,"SpyGlass Pharma, Inc.",Nasdaq,sec,spyglass pharma
WTI,W&T OFFSHORE INC,NYSE,sec,w t offshore
SLRC,SLR Investment Corp.,Nasdaq,sec,slr investment
RDVT,"Red Violet, Inc.",Nasdaq,sec,red violet
VLRS,"Controladora Vuela Compania de Aviacion, S.A.B. de C.V.",NYSE,sec,controladora vuela compania de aviacion s a b de c v
WRLD,WORLD ACCEPTANCE CORP,Nasdaq,sec,world acceptance
MYI,"BLACKROCK MUNIYIELD QUALITY FUND III, INC.",NYSE,sec,blackrock muniyield quality fund iii
ORRF,ORRSTOWN FINANCIAL SERVICES INC,Nasdaq,sec,orrstown financial services
SSYS,STRATASYS LTD.,Nasdaq,sec,stratasys
CAZGF,Catapult Group International Ltd,OTC,sec,catapult international
HRTG,"Heritage Insurance Holdings, Inc.",NYSE,sec,heritage insurance
FPH,"Five Point Holdings, LLC",NYSE,sec,five point llc
FDUS,FIDUS INVESTMENT Corp,Nasdaq,sec,fidus investment
IGR,CBRE GLOBAL REAL ESTATE INCOME FUND,NYSE,sec,cbre global real estate income fund
CTO,"CTO Realty Growth, Inc.",NYSE,sec,cto realty growth
CSV,CARRIAGE SERVICES INC,NYSE,sec,carriage services
BBOT,"BridgeBio Oncology Therapeutics, Inc.",Nasdaq,sec,bridgebio oncology therapeutics
ODD,Oddity Tech Ltd,Nasdaq,sec,oddity tech
ADSE,Ads-Tec Energy Public Ltd Co,Nasdaq,sec,tec energy public
RMT,"ROYCE MICRO-CAP TRUST, INC.",NYSE,sec,royce micro cap trust
BIT,BlackRock Multi-Sector Income Trust,NYSE,sec,blackrock multi sector income trust
HZO,MARINEMAX INC,NYSE,sec,marinemax
SB,"SAFE BULKERS, INC.",NYSE,sec,safe bulkers
MAKO,Mako Mining Corp.,Nasdaq,sec,mako mining
SUPV,Grupo Supervielle S.A.,NYSE,sec,grupo supervielle s a
RBTK,ZHEN DING RESOURCES INC.,OTC,sec,zhen ding resources
SMBK,SMARTFINANCIAL INC.,NYSE,sec,smartfinancial
RA,Brookfield Real Assets Income Fund Inc.,NYSE,sec,brookfield real assets income fund
WDI,Western Asset Diversified Income Fund (WDI),NYSE,sec,western asset diversified income fund wdi
NB,NIOCORP DEVELOPMENTS LTD,Nasdaq,sec,niocorp developments
FBRT,"Franklin BSP Realty Trust, Inc.",NYSE,sec,franklin bsp realty trust
RSKD,RISKIFIED LTD.,NYSE,sec,riskified
MRRDF,Meridian Mining UK Societas,OTC,sec,meridian mining uk societas
VLGEA,VILLAGE SUPER MARKET INC,Nasdaq,sec,village super market
SERV,Serve Robotics Inc. /DE/,Nasdaq,sec,serve robotics de
SKYH,Sky Harbour Group Corp,NYSE,sec,sky harbour
HSHP,Himalaya Shipping Ltd.,NYSE,sec,himalaya shipping
IBCP,INDEPENDENT BANK CORP /MI/,Nasdaq,sec,independent bank mi
ALRS,ALERUS FINANCIAL CORP,Nasdaq,sec,alerus financial
TBLD,Thornburg Income Builder Opportunities Trust,Nasdaq,sec,thornburg income builder opportunities trust
NGVC,"Natural Grocers by Vitamin Cottage, Inc.",NYSE,sec,natural grocers by vitamin cottage
CSHR,CoinShares PLC,Nasdaq,sec,coinshares
OFRM,"Once Upon a Farm, PBC",NYSE,sec,once upon a farm pbc
FISI,FINANCIAL INSTITUTIONS INC,Nasdaq,sec,financial institutions
AXG,"Solowin Holdings, Ltd.",Nasdaq,sec,solowin
NABL,"N-able, Inc.",NYSE,sec,n able
BMM,Blue Moon Metals Inc.,Nasdaq,sec,blue moon metals
VEL,"Velocity Financial, Inc.",NYSE,sec,velocity financial
SWBI,"SMITH & WESSON BRANDS, INC.",Nasdaq,sec,smith wesson brands
BUI,"BlackRock Utilities, Infrastructure & Power Opportunities Trust",NYSE,sec,blackrock utilities infrastructure power opportunities trust
DLY,DoubleLine Yield Opportunities Fund,NYSE,sec,doubleline yield opportunities fund
FOXF,FOX FACTORY HOLDING CORP,Nasdaq,sec,fox factory
LMRI,"Lumexa Imaging Holdings, Inc.",Nasdaq,sec,lumexa imaging
HIPO,Hippo Holdings Inc.,NYSE,sec,hippo
FWRG,"First Watch Restaurant Group, Inc.",Nasdaq,sec,first watch restaurant
NOAH,NOAH HOLDINGS LTD,NYSE,sec,noah
PFN,PIMCO Income Strategy Fund II,NYSE,sec,pimco income strategy fund ii
ACP,abrdn Income Credit Strategies Fund,NYSE,sec,abrdn income credit strategies fund
GMTL,Guardian Metal Resources PLC,NYSE,sec,guardian metal resources
SVMB,"Jingbo Technology, Inc.",OTC,sec,jingbo technology
PKE,PARK AEROSPACE CORP,NYSE,sec,park aerospace
RSVR,"Reservoir Media, Inc.",Nasdaq,sec,reservoir media
CCD,Calamos Dynamic Convertible & Income Fund,Nasdaq,sec,calamos dynamic convertible income fund
GRPN,"Groupon, Inc.",Nasdaq,sec,groupon
UTZ,"Utz Brands, Inc.",NYSE,sec,utz brands
DJCO,DAILY JOURNAL CORP,Nasdaq,sec,daily journal
SIBN,"SI-BONE, Inc.",Nasdaq,sec,si bone
NTGR,"NETGEAR, INC.",Nasdaq,sec,netgear
NKX,NUVEEN CALIFORNIA AMT-FREE QUALITY MUNICIPAL INCOME FUND,NYSE,sec,nuveen california amt free quality municipal income fund
GPRK,GeoPark Ltd,NYSE,sec,geopark
SXC,"SunCoke Energy, Inc.",NYSE,sec,suncoke energy
ALLO,"Allogene Therapeutics, Inc.",Nasdaq,sec,allogene therapeutics
VINP,Vinci Compass Investments Ltd.,Nasdaq,sec,vinci compass investments
CYRX,"Cryoport, Inc.",Nasdaq,sec,cryoport
RWT,REDWOOD TRUST INC,NYSE,sec,redwood trust
GMRS,GMR Solutions Inc.,NYSE,sec,gmr solutions
DSGN,"Design Therapeutics, Inc.",Nasdaq,sec,design therapeutics
EVER,"EverQuote, Inc.",Nasdaq,sec,everquote
KRNT,Kornit Digital Ltd.,Nasdaq,sec,kornit digital
UMAC,"Unusual Machines, Inc.",NYSE,sec,unusual machines
TMQ,Trilogy Metals Inc.,NYSE,sec,trilogy metals
PAXS,PIMCO Access Income Fund,NYSE,sec,pimco access income fund
QNST,"QUINSTREET, INC",Nasdaq,sec,quinstreet
YB,Yuanbao Inc.,Nasdaq,sec,yuanbao
FBYD,"Falcon's Beyond Global, Inc.",Nasdaq,sec,falcon s beyond global
TRNS,TRANSCAT INC,Nasdaq,sec,transcat
BLMN,"Bloomin' Brands, Inc.",Nasdaq,sec,bloomin brands
FET,"FORUM ENERGY TECHNOLOGIES, INC.",NYSE,sec,forum energy technologies
SPPP,SPROTT PHYSICAL PLATINUM & PALLADIUM TRUST,NYSE,sec,sprott physical platinum palladium trust
KRUS,"KURA SUSHI USA, INC.",Nasdaq,sec,kura sushi usa
JBI,"Janus International Group, Inc.",NYSE,sec,janus international
ALSAF,Alpha Star Acquisition Corp,OTC,sec,alpha star acquisition
BOE,BlackRock Enhanced Global Dividend Trust,NYSE,sec,blackrock enhanced global dividend trust
DGICA,DONEGAL GROUP INC,Nasdaq,sec,donegal
CBRL,"CRACKER BARREL OLD COUNTRY STORE, INC",Nasdaq,sec,cracker barrel old country store
AHRT,"AH Realty Trust, Inc.",NYSE,sec,ah realty trust
CBLL,"Ceribell, Inc.",Nasdaq,sec,ceribell
ENHA,Enhanced Group Inc.,NYSE,sec,enhanced
SHBI,SHORE BANCSHARES INC,Nasdaq,sec,shore bancshares
OIO,OIO Group,Nasdaq,sec,oio
EGY,VAALCO ENERGY INC /DE/,NYSE,sec,vaalco energy de
DMII,Drugs Made In America Acquisition II Corp.,Nasdaq,sec,drugs made in america acquisition ii
MITK,MITEK SYSTEMS INC,Nasdaq,sec,mitek systems
MUJ,"BLACKROCK MUNIHOLDINGS NEW JERSEY QUALITY FUND, INC.",NYSE,sec,blackrock muniholdings new jersey quality fund
HUYA,HUYA Inc.,NYSE,sec,huya
GCMG,GCM Grosvenor Inc.,Nasdaq,sec,gcm grosvenor
NCDL,Nuveen Churchill Direct Lending Corp.,NYSE,sec,nuveen churchill direct lending
THSGF,THESIS GOLD INC.,OTC,sec,thesis gold
CLB,Core Laboratories Inc. /DE/,NYSE,sec,core laboratories de
CWBC,Community West Bancshares,Nasdaq,sec,community west bancshares
TRTX,"TPG RE Finance Trust, Inc.",NYSE,sec,tpg re finance trust
BHK,BLACKROCK CORE BOND TRUST,NYSE,sec,blackrock core bond trust
RGR,STURM RUGER & CO INC,NYSE,sec,sturm ruger
PDT,JOHN HANCOCK PREMIUM DIVIDEND FUND,NYSE,sec,john hancock premium dividend fund
GEMI,"Gemini Space Station, Inc.",Nasdaq,sec,gemini space station
MAMA,"Mama's Creations, Inc.",Nasdaq,sec,mama s creations
EVOH,EvoAir Holdings Inc.,OTC,sec,evoair
THM,INTERNATIONAL TOWER HILL MINES LTD,NYSE,sec,international tower hill mines
TIPT,TIPTREE INC.,Nasdaq,sec,tiptree
TLRY,"Tilray Brands, Inc.",Nasdaq,sec,tilray brands
SWRD,"Stewards, Inc.",OTC,sec,stewards
ACRS,"Aclaris Therapeutics, Inc.",Nasdaq,sec,aclaris therapeutics
CTGO,Contango Silver & Gold Inc.,NYSE,sec,contango silver gold
ISOU,IsoEnergy Ltd.,NYSE,sec,isoenergy
DSU,"BLACKROCK DEBT STRATEGIES FUND, INC.",NYSE,sec,blackrock debt strategies fund
CRMD,CorMedix Inc.,Nasdaq,sec,cormedix
SABR,Sabre Corp,Nasdaq,sec,sabre
NMG,Nouveau Monde Graphite Inc.,NYSE,sec,nouveau monde graphite
MTA,Metalla Royalty & Streaming Ltd.,NYSE,sec,metalla royalty streaming
ASPI,ASP Isotopes Inc.,Nasdaq,sec,asp isotopes
TCBX,"Third Coast Bancshares, Inc.",NYSE,sec,third coast bancshares
GOOD,GLADSTONE COMMERCIAL CORP,Nasdaq,sec,gladstone commercial
AIV,APARTMENT INVESTMENT & MANAGEMENT CO,NYSE,sec,apartment investment management
GYRE,"GYRE THERAPEUTICS, INC.",Nasdaq,sec,gyre therapeutics
PAR,PAR TECHNOLOGY CORP,NYSE,sec,par technology
AMRQF,AMAROQ LTD.,OTC,sec,amaroq
QNC,Quantum eMotion Corp,NYSE,sec,quantum emotion
IRWD,IRONWOOD PHARMACEUTICALS INC,Nasdaq,sec,ironwood pharmaceuticals
QDMI,QDM International Inc.,OTC,sec,qdm international
LAES,SEALSQ Corp,Nasdaq,sec,sealsq
ALPIB,ALPINE BANKS OF COLORADO,OTC,sec,alpine banks of colorado
ZVRA,"ZEVRA THERAPEUTICS, INC.",Nasdaq,sec,zevra therapeutics
BCAL,California BanCorp \ CA,Nasdaq,sec,california bancorp ca
VTEX,VTEX,NYSE,sec,vtex
NDMO,Nuveen Dynamic Municipal Opportunities Fund,NYSE,sec,nuveen dynamic municipal opportunities fund
BTBT,"Bit Digital, Inc",Nasdaq,sec,bit digital
DDI,"DoubleDown Interactive Co., Ltd.",Nasdaq,sec,doubledown interactive
WASH,WASHINGTON TRUST BANCORP INC,Nasdaq,sec,washington trust bancorp
FAX,"ABRDN ASIA-PACIFIC INCOME FUND, INC.",NYSE,sec,abrdn asia pacific income fund
BWMX,"BETTERWARE DE MEXICO, S.A.P.I. DE C.V",NYSE,sec,betterware de mexico s a p i de c v
SLDB,Solid Biosciences Inc.,Nasdaq,sec,solid biosciences
RYAM,RAYONIER ADVANCED MATERIALS INC.,NYSE,sec,rayonier advanced materials
EMD,WESTERN ASSET EMERGING MARKETS DEBT FUND INC.,NYSE,sec,western asset emerging markets debt fund
NML,Neuberger Energy Infrastructure & Income Fund Inc.,NYSE,sec,neuberger energy infrastructure income fund
MNTN,"MNTN, Inc.",NYSE,sec,mntn
CASS,CASS INFORMATION SYSTEMS INC,Nasdaq,sec,cass information systems
BWAY,Brainsway Ltd.,Nasdaq,sec,brainsway
GLRE,"GREENLIGHT CAPITAL RE, LTD.",Nasdaq,sec,greenlight capital re
URG,UR-ENERGY INC,NYSE,sec,ur energy
AROW,ARROW FINANCIAL CORP,Nasdaq,sec,arrow financial
EVAC,EQV Ventures Acquisition Corp. II,NYSE,sec,eqv ventures acquisition ii
BCSS,Bain Capital GSS Investment Corp.,NYSE,sec,bain capital gss investment
WRN,Western Copper & Gold Corp,NYSE,sec,western copper gold
SLDP,"Solid Power, Inc.",Nasdaq,sec,solid power
BZH,BEAZER HOMES USA INC,NYSE,sec,beazer homes usa
ELA,Envela Corp,NYSE,sec,envela
CEPF,"Cantor Equity Partners IV, Inc.",Nasdaq,sec,cantor equity partners iv
CARE,"Carter Bankshares, Inc.",Nasdaq,sec,carter bankshares
NFBK,"Northfield Bancorp, Inc.",Nasdaq,sec,northfield bancorp
NMCO,Nuveen Municipal Credit Opportunities Fund,NYSE,sec,nuveen municipal credit opportunities fund
GAU,Galiano Gold Inc.,NYSE,sec,galiano gold
ORN,Orion Group Holdings Inc,NYSE,sec,orion
INN,"Summit Hotel Properties, Inc.",NYSE,sec,summit hotel properties
MHD,"BLACKROCK MUNIHOLDINGS FUND, INC.",NYSE,sec,blackrock muniholdings fund
MOV,MOVADO GROUP INC,NYSE,sec,movado
SD,SANDRIDGE ENERGY INC,NYSE,sec,sandridge energy
EROK,"EagleRock Land, LLC",NYSE,sec,eaglerock land llc
AMSF,AMERISAFE INC,Nasdaq,sec,amerisafe
NPB,NORTHPOINTE BANCSHARES INC,NYSE,sec,northpointe bancshares
LDP,"Cohen & Steers Ltd Duration Preferred & Income Fund, Inc.",NYSE,sec,cohen steers duration preferred income fund
CNNE,"Cannae Holdings, Inc.",NYSE,sec,cannae
CSTL,CASTLE BIOSCIENCES INC,Nasdaq,sec,castle biosciences
RRBI,RED RIVER BANCSHARES INC,Nasdaq,sec,red river bancshares
TRAX,"First Tracks Biotherapeutics, Inc.",Nasdaq,sec,first tracks biotherapeutics
HQ,Horizon Quantum Holdings Ltd.,Nasdaq,sec,horizon quantum
PFIS,PEOPLES FINANCIAL SERVICES CORP.,Nasdaq,sec,peoples financial services
EIKN,"Eikon Therapeutics, Inc.",Nasdaq,sec,eikon therapeutics
AEXA,American Exceptionalism Acquisition Corp. A,NYSE,sec,american exceptionalism acquisition a
ASIX,AdvanSix Inc.,NYSE,sec,advansix
EVGO,EVgo Inc.,Nasdaq,sec,evgo
CCXI,Churchill Capital Corp XI,Nasdaq,sec,churchill capital xi
FEIM,FREQUENCY ELECTRONICS INC,Nasdaq,sec,frequency electronics
SSTK,"Shutterstock, Inc.",NYSE,sec,shutterstock
BHB,BAR HARBOR BANKSHARES,NYSE,sec,bar harbor bankshares
ALTI,"AlTi Global, Inc.",Nasdaq,sec,alti global
HELE,HELEN OF TROY LTD,Nasdaq,sec,helen of troy
PHR,"Phreesia, Inc.",NYSE,sec,phreesia
UHT,UNIVERSAL HEALTH REALTY INCOME TRUST,NYSE,sec,universal health realty income trust
MTC,"MMTEC, INC.",Nasdaq,sec,mmtec
CLFD,"Clearfield, Inc.",Nasdaq,sec,clearfield
IIM,Invesco Value Municipal Income Trust,NYSE,sec,invesco value municipal income trust
DDL,Dingdong (Cayman) Ltd,NYSE,sec,dingdong cayman
VBNK,VersaBank,Nasdaq,sec,versabank
KE,"Kimball Electronics, Inc.",Nasdaq,sec,kimball electronics
DGXX,Digi Power X Inc.,Nasdaq,sec,digi power x
OXM,OXFORD INDUSTRIES INC,NYSE,sec,oxford industries
SWIM,"Latham Group, Inc.",Nasdaq,sec,latham
PRAA,PRA GROUP INC,Nasdaq,sec,pra
CADL,"Candel Therapeutics, Inc.",Nasdaq,sec,candel therapeutics
ETJ,Eaton Vance Risk-Managed Diversified Equity Income Fund,NYSE,sec,eaton vance risk managed diversified equity income fund
HOV,HOVNANIAN ENTERPRISES INC,NYSE,sec,hovnanian enterprises
WDH,Waterdrop Inc.,NYSE,sec,waterdrop
MRLN,"Merlin, Inc.",Nasdaq,sec,merlin
HY,"HYSTER-YALE, INC.",NYSE,sec,hyster yale
IPI,"Intrepid Potash, Inc.",NYSE,sec,intrepid potash
DNUT,"Krispy Kreme, Inc.",Nasdaq,sec,krispy kreme
GUT,GABELLI UTILITY TRUST,NYSE,sec,gabelli utility trust
GOGO,Gogo Inc.,Nasdaq,sec,gogo
CLYM,"Climb Bio, Inc.",Nasdaq,sec,climb bio
MLAB,MESA LABORATORIES INC /CO/,Nasdaq,sec,mesa laboratories
ILPT,Industrial Logistics Properties Trust,Nasdaq,sec,industrial logistics properties trust
MSBI,"Midland States Bancorp, Inc.",Nasdaq,sec,midland states bancorp
ARVN,"ARVINAS, INC.",Nasdaq,sec,arvinas
MCS,MARCUS CORP,NYSE,sec,marcus
MMU,WESTERN ASSET MANAGED MUNICIPALS FUND INC.,NYSE,sec,western asset managed municipals fund
TCMD,TACTILE SYSTEMS TECHNOLOGY INC,Nasdaq,sec,tactile systems technology
OIS,"OIL STATES INTERNATIONAL, INC",NYSE,sec,oil states international
NGS,NATURAL GAS SERVICES GROUP INC,NYSE,sec,natural gas services
CARS,Cars.com Inc.,NYSE,sec,cars com
VALN,Valneva SE,Nasdaq,sec,valneva se
ASTL,Algoma Steel Group Inc.,Nasdaq,sec,algoma steel
ACNB,ACNB CORP,Nasdaq,sec,acnb
MSIF,"MSC INCOME FUND, INC.",NYSE,sec,msc income fund
IDR,"Idaho Strategic Resources, Inc.",NYSE,sec,idaho strategic resources
MDXG,"MIMEDX GROUP, INC.",Nasdaq,sec,mimedx
GDYN,"GRID DYNAMICS HOLDINGS, INC.",Nasdaq,sec,grid dynamics
CERS,CERUS CORP,Nasdaq,sec,cerus
NPCE,NeuroPace Inc,Nasdaq,sec,neuropace
VREOF,Vireo Growth Inc.,OTC,sec,vireo growth
KRT,Karat Packaging Inc.,Nasdaq,sec,karat packaging
VGM,Invesco Trust for Investment Grade Municipals,NYSE,sec,invesco trust for investment grade municipals
BWMN,Bowman Consulting Group Ltd.,Nasdaq,sec,bowman consulting
FTW,PRESIDIO PRODUCTION Co,NYSE,sec,presidio production
AVK,ADVENT CONVERTIBLE & INCOME FUND,NYSE,sec,advent convertible income fund
ALT,"Altimmune, Inc.",Nasdaq,sec,altimmune
OOMA,OOMA INC,NYSE,sec,ooma
ZNOG,ZION OIL & GAS INC,OTC,sec,zion oil gas
NIKA,"NIKA PHARMACEUTICALS, INC",OTC,sec,nika pharmaceuticals
ACIC,AMERICAN COASTAL INSURANCE Corp,Nasdaq,sec,american coastal insurance
PANL,Pangaea Logistics Solutions Ltd.,Nasdaq,sec,pangaea logistics solutions
MG,"Mistras Group, Inc.",NYSE,sec,mistras
NRDS,"NERDWALLET, INC.",Nasdaq,sec,nerdwallet
MCFT,"MasterCraft Boat Holdings, Inc.",Nasdaq,sec,mastercraft boat
UNTY,UNITY BANCORP INC /NJ/,Nasdaq,sec,unity bancorp nj
ALOY,REALLOYS INC.,Nasdaq,sec,realloys
LEGH,Legacy Housing Corp,Nasdaq,sec,legacy housing
IIIV,"i3 Verticals, Inc.",Nasdaq,sec,i3 verticals
ECC,Eagle Point Credit Co Inc.,NYSE,sec,eagle point credit
HKD,AMTD Digital Inc.,NYSE,sec,amtd digital
RR,RICHTECH ROBOTICS INC.,Nasdaq,sec,richtech robotics
CHW,Calamos Global Dynamic Income Fund,Nasdaq,sec,calamos global dynamic income fund
FFIC,FLUSHING FINANCIAL CORP,Nasdaq,sec,flushing financial
MLR,MILLER INDUSTRIES INC /TN/,NYSE,sec,miller industries tn
NRIM,NORTHRIM BANCORP INC,Nasdaq,sec,northrim bancorp
CABA,"Cabaletta Bio, Inc.",Nasdaq,sec,cabaletta bio
KYTX,"Kyverna Therapeutics, Inc.",Nasdaq,sec,kyverna therapeutics
HQL,abrdn Life Sciences Investors,NYSE,sec,abrdn life sciences investors
PD,"PagerDuty, Inc.",NYSE,sec,pagerduty
JLHL,Julong Holding Ltd,Nasdaq,sec,julong
SFST,SOUTHERN FIRST BANCSHARES INC,Nasdaq,sec,southern first bancshares
TASK,"TaskUs, Inc.",Nasdaq,sec,taskus
STRO,"SUTRO BIOPHARMA, INC.",Nasdaq,sec,sutro biopharma
DPG,Duff & Phelps Utility & Infrastructure Fund Inc.,NYSE,sec,duff phelps utility infrastructure fund
ONT,"Onterris, Inc.",NYSE,sec,onterris
RIGL,RIGEL PHARMACEUTICALS INC,Nasdaq,sec,rigel pharmaceuticals
HKHC,Horizon Kinetics Holding Corp,OTC,sec,horizon kinetics
TDUP,ThredUp Inc.,Nasdaq,sec,thredup
VKQ,Invesco Municipal Trust,NYSE,sec,invesco municipal trust
TOYO,"TOYO Co., Ltd",Nasdaq,sec,toyo
MFI,mF International Ltd,Nasdaq,sec,mf international
GSKRF,FIRST NORDIC METALS CORP.,OTC,sec,first nordic metals
ZDCAF,"ZEDCOR, INC.",OTC,sec,zedcor
XOMA,XOMA Royalty Corp,Nasdaq,sec,xoma royalty
BALY,Bally's Corp,NYSE,sec,bally s
TRC,TEJON RANCH CO,NYSE,sec,tejon ranch
THW,abrdn World Healthcare Fund,NYSE,sec,abrdn world healthcare fund
AGMB,Agomab Therapeutics NV,Nasdaq,sec,agomab therapeutics nv
WIW,WESTERN ASSET INFLATION-LINKED OPPORTUNITIES & INCOME FUND,NYSE,sec,western asset inflation linked opportunities income fund
CIVB,"CIVISTA BANCSHARES, INC.",Nasdaq,sec,civista bancshares
LGDTF,Liberty Gold Corp. /CAN,OTC,sec,liberty gold can
TECX,"Tectonic Therapeutic, Inc.",Nasdaq,sec,tectonic therapeutic
UXIN,Uxin Ltd,Nasdaq,sec,uxin
GUG,Guggenheim Active Allocation Fund,NYSE,sec,guggenheim active allocation fund
AQST,"Aquestive Therapeutics, Inc.",Nasdaq,sec,aquestive therapeutics
BWB,Bridgewater Bancshares Inc,Nasdaq,sec,bridgewater bancshares
XMAX,XMax Inc.,Nasdaq,sec,xmax
TWN,TAIWAN FUND INC,NYSE,sec,taiwan fund
EACO,EACO CORP,OTC,sec,eaco
BDN,BRANDYWINE REALTY TRUST,NYSE,sec,brandywine realty trust
BGY,BlackRock Enhanced International Dividend Trust,NYSE,sec,blackrock enhanced international dividend trust
CCSI,"Consensus Cloud Solutions, Inc.",Nasdaq,sec,consensus cloud solutions
VCV,Invesco California Value Municipal Income Trust,NYSE,sec,invesco california value municipal income trust
EBF,"ENNIS, INC.",NYSE,sec,ennis
CBIO,"CRESCENT BIOPHARMA, INC.",Nasdaq,sec,crescent biopharma
VELO,"Velo3D, Inc.",Nasdaq,sec,velo3d
BGB,Blackstone Strategic Credit 2027 Term Fund,NYSE,sec,blackstone strategic credit 2027 term fund
IQI,Invesco Quality Municipal Income Trust,NYSE,sec,invesco quality municipal income trust
MCTA,Charming Medical Ltd,Nasdaq,sec,charming medical
BME,BlackRock Health Sciences Trust,NYSE,sec,blackrock health sciences trust
LDI,"loanDepot, Inc.",NYSE,sec,loandepot
KRNY,Kearny Financial Corp.,Nasdaq,sec,kearny financial
NWAX,New America Acquisition I Corp.,NYSE,sec,new america acquisition i
INV,"Innventure, Inc.",Nasdaq,sec,innventure
APPS,"Digital Turbine, Inc.",Nasdaq,sec,digital turbine
UROY,Uranium Royalty Corp.,Nasdaq,sec,uranium royalty
FIP,FTAI Infrastructure Inc.,Nasdaq,sec,ftai infrastructure
KRSP,Rice Acquisition Corp 3,NYSE,sec,rice acquisition 3
OWLS,OBOOK HOLDINGS INC.,Nasdaq,sec,obook
CBNK,Capital Bancorp Inc,Nasdaq,sec,capital bancorp
RMAX,"RE/MAX Holdings, Inc.",NYSE,sec,re max
CLDT,Chatham Lodging Trust,NYSE,sec,chatham lodging trust
AMWD,AMERICAN WOODMARK CORP,Nasdaq,sec,american woodmark
BSRR,SIERRA BANCORP,Nasdaq,sec,sierra bancorp
TREE,"LendingTree, Inc.",Nasdaq,sec,lendingtree
CHCT,Community Healthcare Trust Inc,NYSE,sec,community healthcare trust
OLP,ONE LIBERTY PROPERTIES INC,NYSE,sec,one liberty properties
EIM,Eaton Vance Municipal Bond Fund,NYSE,sec,eaton vance municipal bond fund
HBCP,"HOME BANCORP, INC.",Nasdaq,sec,home bancorp
XRN,Chiron Real Estate Inc.,NYSE,sec,chiron real estate
ZSQR,Z Squared Inc.,Nasdaq,sec,z squared
ROMA,Roma Green Finance Ltd,Nasdaq,sec,roma green finance
FTHY,FIRST TRUST HIGH YIELD OPPORTUNITIES 2027 TERM FUND,NYSE,sec,first trust high yield opportunities 2027 term fund
IFN,"ABERDEEN INDIA FUND, INC.",NYSE,sec,aberdeen india fund
TROO,"Troops, Inc. /Cayman Islands/",Nasdaq,sec,troops cayman islands
CRD-A,CRAWFORD & CO,NYSE,sec,crawford
OFIX,Orthofix Medical Inc.,Nasdaq,sec,orthofix medical
ETO,Eaton Vance Tax-Advantaged Global Dividend Opportunities Fund,NYSE,sec,eaton vance tax advantaged global dividend opportunities fund
ITRG,Integra Resources Corp.,NYSE,sec,integra resources
WILC,G WILLI FOOD INTERNATIONAL LTD,Nasdaq,sec,g willi food international
MBUU,"MALIBU BOATS, INC.",Nasdaq,sec,malibu boats
PRME,"Prime Medicine, Inc.",Nasdaq,sec,prime medicine
PML,PIMCO MUNICIPAL INCOME FUND II,NYSE,sec,pimco municipal income fund ii
ETD,ETHAN ALLEN INTERIORS INC,NYSE,sec,ethan allen interiors
FFMGF,First Mining Gold Corp.,OTC,sec,first mining gold
MEC,"Mayville Engineering Company, Inc.",NYSE,sec,mayville engineering
IGD,Voya GLOBAL EQUITY DIVIDEND & PREMIUM OPPORTUNITY FUND,NYSE,sec,voya global equity dividend premium opportunity fund
IMMX,"Immix Biopharma, Inc.",Nasdaq,sec,immix biopharma
GHY,"PGIM Global High Yield Fund, Inc.",NYSE,sec,pgim global high yield fund
DNA,"Ginkgo Bioworks Holdings, Inc.",NYSE,sec,ginkgo bioworks
BLW,BLACKROCK Ltd DURATION INCOME TRUST,NYSE,sec,blackrock duration income trust
BMBL,Bumble Inc.,Nasdaq,sec,bumble
MEVO,M Evo Global Acquisition Corp II,Nasdaq,sec,m evo global acquisition ii
CTNM,"Contineum Therapeutics, Inc.",Nasdaq,sec,contineum therapeutics
PACK,Ranpak Holdings Corp.,NYSE,sec,ranpak
ANGX,"Angel Studios, Inc.",NYSE,sec,angel studios
CVGW,CALAVO GROWERS INC,Nasdaq,sec,calavo growers
IIIN,INSTEEL INDUSTRIES INC,NYSE,sec,insteel industries
BETR,Better Home & Finance Holding Co,Nasdaq,sec,better home finance
GIW,GigCapital8 Corp.,Nasdaq,sec,gigcapital8
PRTA,PROTHENA CORP PUBLIC LTD CO,Nasdaq,sec,prothena public
YORW,YORK WATER CO,Nasdaq,sec,york water
PRTH,"Priority Technology Holdings, Inc.",Nasdaq,sec,priority technology
ESEA,EUROSEAS LTD.,Nasdaq,sec,euroseas
ANGO,ANGIODYNAMICS INC,Nasdaq,sec,angiodynamics
CINT,CI&T Inc,NYSE,sec,ci t
ANSC,Agriculture & Natural Solutions Acquisition Corp,Nasdaq,sec,agriculture natural solutions acquisition
BBW,BUILD-A-BEAR WORKSHOP INC,NYSE,sec,build a bear workshop
CYDY,CytoDyn Inc.,OTC,sec,cytodyn
CRAN,Crane Harbor Acquisition Corp. II,Nasdaq,sec,crane harbor acquisition ii
MSC,STUDIO CITY INTERNATIONAL HOLDINGS Ltd,NYSE,sec,studio city international
RBBN,Ribbon Communications Inc.,Nasdaq,sec,ribbon communications
KIDS,ORTHOPEDIATRICS CORP,Nasdaq,sec,orthopediatrics
PROK,PROKIDNEY CORP.,Nasdaq,sec,prokidney
ELVA,Electrovaya Inc.,Nasdaq,sec,electrovaya
ADUR,ADURO CLEAN TECHNOLOGIES INC.,Nasdaq,sec,aduro clean technologies
PUBM,"PubMatic, Inc.",Nasdaq,sec,pubmatic
GTEN,"Gores Holdings X, Inc. / CI",Nasdaq,sec,gores x ci
GPAT,GP-Act III Acquisition Corp.,Nasdaq,sec,gp act iii acquisition
RPD,"Rapid7, Inc.",Nasdaq,sec,rapid7
ZKH,ZKH Group Ltd,NYSE,sec,zkh
NEXN,Nexxen International Ltd.,Nasdaq,sec,nexxen international
CPS,Cooper-Standard Holdings Inc.,NYSE,sec,cooper standard
FBIZ,"FIRST BUSINESS FINANCIAL SERVICES, INC.",Nasdaq,sec,first business financial services
OSPN,OneSpan Inc.,Nasdaq,sec,onespan
COFS,CHOICEONE FINANCIAL SERVICES INC,Nasdaq,sec,choiceone financial services
ALIT,"Alight, Inc. / Delaware",NYSE,sec,alight delaware
WEAV,"Weave Communications, Inc.",NYSE,sec,weave communications
CTKB,"Cytek Biosciences, Inc.",Nasdaq,sec,cytek biosciences
NMAI,Nuveen Multi-Asset Income Fund,NYSE,sec,nuveen multi asset income fund
IMXI,"International Money Express, Inc.",Nasdaq,sec,international money express
APXT,Apex Treasury Corp,Nasdaq,sec,apex treasury
HPS,JOHN HANCOCK PREFERRED INCOME FUND III,NYSE,sec,john hancock preferred income fund iii
TWI,TITAN INTERNATIONAL INC,NYSE,sec,titan international
MNRO,"MONRO, INC.",Nasdaq,sec,monro
SEAH,"Seahawk Recycling Holdings, Inc.",None,sec,seahawk recycling
CWCO,Consolidated Water Co. Ltd.,Nasdaq,sec,consolidated water
ACHV,"ACHIEVE LIFE SCIENCES, INC.",Nasdaq,sec,achieve life sciences
VVR,Invesco Senior Income Trust,NYSE,sec,invesco senior income trust
ADV,Advantage Solutions Inc.,Nasdaq,sec,advantage solutions
AMFN,"American Fusion, Inc.",OTC,sec,american fusion
NINE,"Nine Energy Service, Inc.",NYSE,sec,nine energy service
GOTU,Gaotu Techedu Inc.,NYSE,sec,gaotu techedu
KIO,KKR Income Opportunities Fund,NYSE,sec,kkr income opportunities fund
NBB,Nuveen Taxable Municipal Income Fund,NYSE,sec,nuveen taxable municipal income fund
FLGT,"Fulgent Genetics, Inc.",Nasdaq,sec,fulgent genetics
FPI,Farmland Partners Inc.,NYSE,sec,farmland partners
SRTA,"Strata Critical Medical, Inc.",Nasdaq,sec,strata critical medical
NPFD,Nuveen Variable Rate Preferred & Income Fund,NYSE,sec,nuveen variable rate preferred income fund
ITIC,INVESTORS TITLE CO,Nasdaq,sec,investors title
BLZE,"Backblaze, Inc.",Nasdaq,sec,backblaze
OBT,"Orange County Bancorp, Inc. /DE/",Nasdaq,sec,orange county bancorp de
OVID,Ovid Therapeutics Inc.,Nasdaq,sec,ovid therapeutics
FFA,FIRST TRUST ENHANCED EQUITY INCOME FUND,NYSE,sec,first trust enhanced equity income fund
MATV,"Mativ Holdings, Inc.",NYSE,sec,mativ
MAX,"MediaAlpha, Inc.",NYSE,sec,mediaalpha
ETB,Eaton Vance Tax-Managed Buy-Write Income Fund,NYSE,sec,eaton vance tax managed buy write income fund
CMCL,Caledonia Mining Corp Plc,NYSE,sec,caledonia mining
KBON,Karbon Capital Partners Corp.,Nasdaq,sec,karbon capital partners
TITN,Titan Machinery Inc.,Nasdaq,sec,titan machinery
STTK,"Shattuck Labs, Inc.",Nasdaq,sec,shattuck labs
SMC,Summit Midstream Corp,NYSE,sec,summit midstream
CGC,Canopy Growth Corp,Nasdaq,sec,canopy growth
ACTG,ACACIA RESEARCH CORP,Nasdaq,sec,acacia research
DCBO,Docebo Inc.,Nasdaq,sec,docebo
PERI,Perion Network Ltd.,Nasdaq,sec,perion network
BCAR,D. Boral ARC Acquisition I Corp.,Nasdaq,sec,d boral arc acquisition i
CLNE,Clean Energy Fuels Corp.,Nasdaq,sec,clean energy fuels
OCGN,"Ocugen, Inc.",Nasdaq,sec,ocugen
KMDA,KAMADA LTD,Nasdaq,sec,kamada
FDMT,"4D Molecular Therapeutics, Inc.",Nasdaq,sec,4d molecular therapeutics
GRVY,"GRAVITY Co., Ltd.",Nasdaq,sec,gravity
EVH,"Evolent Health, Inc.",NYSE,sec,evolent health
IEAG,Infinite Eagle Acquisition Corp.,Nasdaq,sec,infinite eagle acquisition
UPB,"Upstream Bio, Inc.",Nasdaq,sec,upstream bio
MBVI,M3-Brigade Acquisition VI Corp.,Nasdaq,sec,m3 brigade acquisition vi
ERII,"Energy Recovery, Inc.",Nasdaq,sec,energy recovery
BKKT,"Bakkt, Inc.",NYSE,sec,bakkt
CMDB,Costamare Bulkers Holdings Ltd,NYSE,sec,costamare bulkers
TLNC,Talon Capital Corp.,Nasdaq,sec,talon capital
CWH,"Camping World Holdings, Inc.",NYSE,sec,camping world
FGOVF,FREEGOLD VENTURES LTD,OTC,sec,freegold ventures
FRPH,"FRP HOLDINGS, INC.",Nasdaq,sec,frp
AUTL,Autolus Therapeutics plc,Nasdaq,sec,autolus therapeutics
IACO,Idea Acquisition Corp.,Nasdaq,sec,idea acquisition
CGCT,Cartesian Growth Corp III,Nasdaq,sec,cartesian growth iii
MESH,Meshflow Acquisition Corp,Nasdaq,sec,meshflow acquisition
KLC,"KinderCare Learning Companies, Inc.",NYSE,sec,kindercare learning companies
GLAD,GLADSTONE CAPITAL CORP,Nasdaq,sec,gladstone capital
DBCA,D. Boral Acquisition I Corp.,Nasdaq,sec,d boral acquisition i
PNRG,PRIMEENERGY RESOURCES CORP,Nasdaq,sec,primeenergy resources
PDLB,"Ponce Financial Group, Inc.",Nasdaq,sec,ponce financial
LSAK,LESAKA TECHNOLOGIES INC,Nasdaq,sec,lesaka technologies
KRAQ,KRAKacquisition Corp,Nasdaq,sec,krakacquisition
BGR,BlackRock Energy & Resources Trust,NYSE,sec,blackrock energy resources trust
JOUT,JOHNSON OUTDOORS INC,Nasdaq,sec,johnson outdoors
ISD,"PGIM High Yield Bond Fund, Inc.",NYSE,sec,pgim high yield bond fund
LOCO,"El Pollo Loco Holdings, Inc.",Nasdaq,sec,el pollo loco
NGNE,Neurogene Inc.,Nasdaq,sec,neurogene
TATT,TAT TECHNOLOGIES LTD,Nasdaq,sec,tat technologies
SOHU,Sohu.com Ltd,Nasdaq,sec,sohu com
CDRO,"Codere Online Luxembourg, S.A.",Nasdaq,sec,codere online luxembourg s a
HPI,JOHN HANCOCK PREFERRED INCOME FUND,NYSE,sec,john hancock preferred income fund
EOLS,"Evolus, Inc.",Nasdaq,sec,evolus
REA,"Rare Earths Americas, Inc.",NYSE,sec,rare earths americas
ASMB,"ASSEMBLY BIOSCIENCES, INC.",Nasdaq,sec,assembly biosciences
NRC,NRC HEALTH,Nasdaq,sec,nrc health
SCVL,SHOE CARNIVAL INC,Nasdaq,sec,shoe carnival
AIOT,"Powerfleet, Inc.",Nasdaq,sec,powerfleet
SHMD,SCHMID Group N.V.,Nasdaq,sec,schmid n v
PTOR,Praetorian Acquisition Corp.,Nasdaq,sec,praetorian acquisition
REEMF,RARE ELEMENT RESOURCES LTD,OTC,sec,rare element resources
FINS,Angel Oak Financial Strategies Income Term Trust,NYSE,sec,angel oak financial strategies income term trust
GCBC,GREENE COUNTY BANCORP INC,Nasdaq,sec,greene county bancorp
NOA,North American Construction Group Ltd.,NYSE,sec,north american construction
BBNX,"Beta Bionics, Inc.",Nasdaq,sec,beta bionics
SGU,"STAR GROUP, L.P.",NYSE,sec,star l p
SFIX,"Stitch Fix, Inc.",Nasdaq,sec,stitch fix
EVN,Eaton Vance Municipal Income Trust,NYSE,sec,eaton vance municipal income trust
BMRC,Bank of Marin Bancorp,Nasdaq,sec,bank of marin bancorp
EBS,Emergent BioSolutions Inc.,NYSE,sec,emergent biosolutions
DFP,Flaherty & Crumrine Dynamic Preferred & Income Fund Inc,NYSE,sec,flaherty crumrine dynamic preferred income fund
CATX,"Perspective Therapeutics, Inc.",NYSE,sec,perspective therapeutics
IBEX,IBEX Ltd,Nasdaq,sec,ibex
CRNC,Cerence Inc.,Nasdaq,sec,cerence
PKOH,PARK OHIO HOLDINGS CORP,Nasdaq,sec,park ohio
NATH,"NATHANS FAMOUS, INC.",Nasdaq,sec,nathans famous
ATNI,"ATN International, Inc.",Nasdaq,sec,atn international
ARTV,"Artiva Biotherapeutics, Inc.",Nasdaq,sec,artiva biotherapeutics
KFII,K&F GROWTH ACQUISITION CORP. II,Nasdaq,sec,k f growth acquisition ii
CCAP,"Crescent Capital BDC, Inc.",Nasdaq,sec,crescent capital bdc
MOBI,"Mobia Medical, Inc.",Nasdaq,sec,mobia medical
ASPN,ASPEN AEROGELS INC,NYSE,sec,aspen aerogels
VOXR,VOX ROYALTY CORP.,Nasdaq,sec,vox royalty
FBRX,"Forte Biosciences, Inc.",Nasdaq,sec,forte biosciences
EPRX,EUPRAXIA PHARMACEUTICALS INC.,Nasdaq,sec,eupraxia pharmaceuticals
XRPN,Armada Acquisition Corp. II,Nasdaq,sec,armada acquisition ii
SUPX,SuperX AI Technology Ltd,Nasdaq,sec,superx ai technology
MGMNF,MAGNA MINING INC.,OTC,sec,magna mining
TOI,"Oncology Institute, Inc.",Nasdaq,sec,oncology institute
LXFR,LUXFER HOLDINGS PLC,NYSE,sec,luxfer
CBAN,COLONY BANKCORP INC,NYSE,sec,colony bankcorp
NEGG,"Newegg Commerce, Inc.",Nasdaq,sec,newegg commerce
GEVO,"Gevo, Inc.",Nasdaq,sec,gevo
BWFG,"Bankwell Financial Group, Inc.",Nasdaq,sec,bankwell financial
ELMT,Elmet Group Co.,Nasdaq,sec,elmet
MTW,MANITOWOC CO INC,NYSE,sec,manitowoc
LAND,GLADSTONE LAND Corp,Nasdaq,sec,gladstone land
CCRN,CROSS COUNTRY HEALTHCARE INC,Nasdaq,sec,cross country healthcare
NUAI,"New ERA Energy & Digital, Inc.",Nasdaq,sec,new era energy digital
IPV,"InterPrivate Investment Partners V, Inc.",None,sec,interprivate investment partners v
CLBR,Colombier Acquisition Corp. III,NYSE,sec,colombier acquisition iii
UURAF,Ucore Rare Metals Inc.,OTC,sec,ucore rare metals
ALMU,"Aeluma, Inc.",Nasdaq,sec,aeluma
MUA,"BLACKROCK MUNIASSETS FUND, INC.",NYSE,sec,blackrock muniassets fund
SPT,"Sprout Social, Inc.",Nasdaq,sec,sprout social
SGMT,Sagimet Biosciences Inc.,Nasdaq,sec,sagimet biosciences
BSVN,Bank7 Corp.,Nasdaq,sec,bank7
GLOO,"Gloo Holdings, Inc.",Nasdaq,sec,gloo
SAAQ,Space Asset Acquisition Corp.,Nasdaq,sec,space asset acquisition
LZM,Lifezone Metals Ltd,NYSE,sec,lifezone metals
ADCT,ADC Therapeutics SA,NYSE,sec,adc therapeutics sa
GBLI,"Global Indemnity Group, LLC",Nasdaq,sec,global indemnity llc
BGIN,BGIN BLOCKCHAIN Ltd,Nasdaq,sec,bgin blockchain
ENTA,ENANTA PHARMACEUTICALS INC,Nasdaq,sec,enanta pharmaceuticals
NWBO,NORTHWEST BIOTHERAPEUTICS INC,OTC,sec,northwest biotherapeutics
MVST,"Microvast Holdings, Inc.",Nasdaq,sec,microvast
LOGC,ContextLogic Holdings Inc.,OTC,sec,contextlogic
GTN,"GRAY MEDIA, INC",NYSE,sec,gray media
FVR,"FrontView REIT, Inc.",NYSE,sec,frontview reit
CRAQ,Cal Redwood Acquisition Corp.,Nasdaq,sec,cal redwood acquisition
NVEC,NVE CORP /NEW/,Nasdaq,sec,nve new
KREF,KKR Real Estate Finance Trust Inc.,NYSE,sec,kkr real estate finance trust
RTAC,Renatus Tactical Acquisition Corp I,Nasdaq,sec,renatus tactical acquisition i
NPAC,New Providence Acquisition Corp. III/Cayman,Nasdaq,sec,new providence acquisition iii cayman
VRNO,Verano Holdings Corp.,OTC,sec,verano
CMCO,COLUMBUS MCKINNON CORP,Nasdaq,sec,columbus mckinnon
WTBA,WEST BANCORPORATION INC,Nasdaq,sec,west bancorporation
GBFH,GBank Financial Holdings Inc.,Nasdaq,sec,gbank financial
ZUMZ,Zumiez Inc,Nasdaq,sec,zumiez
CYH,COMMUNITY HEALTH SYSTEMS INC,NYSE,sec,community health systems
RBB,RBB Bancorp,Nasdaq,sec,rbb bancorp
CCIX,Churchill Capital Corp IX/Cayman,Nasdaq,sec,churchill capital ix cayman
BBCQ,Bleichroeder Acquisition Corp. II,Nasdaq,sec,bleichroeder acquisition ii
AGCC,Agencia Comercial Spirits Ltd.,Nasdaq,sec,agencia comercial spirits
FULC,"Fulcrum Therapeutics, Inc.",Nasdaq,sec,fulcrum therapeutics
VITL,"Vital Farms, Inc.",Nasdaq,sec,vital farms
VREX,Varex Imaging Corp,Nasdaq,sec,varex imaging
DDD,3D SYSTEMS CORP,NYSE,sec,3d systems
FSTR,FOSTER L B CO,Nasdaq,sec,foster l b
RNGR,"Ranger Energy Services, Inc.",NYSE,sec,ranger energy services
KNOP,KNOT Offshore Partners LP,NYSE,sec,knot offshore partners lp
TACO,Berto Acquisition Corp.,Nasdaq,sec,berto acquisition
ALF,Centurion Acquisition Corp.,Nasdaq,sec,centurion acquisition
LAB,STANDARD BIOTOOLS INC.,Nasdaq,sec,standard biotools
FRA,"BLACKROCK FLOATING RATE INCOME STRATEGIES FUND, INC.",NYSE,sec,blackrock floating rate income strategies fund
SDHY,PGIM Short Duration High Yield Opportunities Fund,NYSE,sec,pgim short duration high yield opportunities fund
TBRG,"TruBridge, Inc.",Nasdaq,sec,trubridge
PCAP,ProCap Acquisition Corp,Nasdaq,sec,procap acquisition
CEPT,"Cantor Equity Partners II, Inc.",Nasdaq,sec,cantor equity partners ii
ZKP,Lafayette Digital Acquisition Corp. I,Nasdaq,sec,lafayette digital acquisition i
LEO,"BNY MELLON STRATEGIC MUNICIPALS, INC.",NYSE,sec,bny mellon strategic municipals
REPL,"Replimune Group, Inc.",Nasdaq,sec,replimune
MBAV,M3-Brigade Acquisition V Corp.,Nasdaq,sec,m3 brigade acquisition v
RLGT,"RADIANT LOGISTICS, INC",NYSE,sec,radiant logistics
DVLT,Datavault AI Inc.,Nasdaq,sec,datavault ai
ABAT,AMERICAN BATTERY TECHNOLOGY Co,Nasdaq,sec,american battery technology
MTAL,Metals Acquisition Corp. II,NYSE,sec,metals acquisition ii
ISTR,Investar Holding Corp,Nasdaq,sec,investar
BTQ,BTQ Technologies Corp.,Nasdaq,sec,btq technologies
RDAG,Republic Digital Acquisition Co,Nasdaq,sec,republic digital acquisition
LWAY,"Lifeway Foods, Inc.",Nasdaq,sec,lifeway foods
INRE,"Inland Real Estate Income Trust, Inc.",OTC,sec,inland real estate income trust
BYND,"BEYOND MEAT, INC.",Nasdaq,sec,beyond meat
WENN,WEN Acquisition Corp,Nasdaq,sec,wen acquisition
IPSC,"Century Therapeutics, Inc.",Nasdaq,sec,century therapeutics
VKI,Invesco Advantage Municipal Income Trust II,NYSE,sec,invesco advantage municipal income trust ii
OSS,"ONE STOP SYSTEMS, INC.",Nasdaq,sec,one stop systems
CBK,"Commercial Bancgroup, Inc.",Nasdaq,sec,commercial bancgroup
FVRR,Fiverr International Ltd.,NYSE,sec,fiverr international
SUJA,"SUJA LIFE, INC.",Nasdaq,sec,suja life
PFL,PIMCO INCOME STRATEGY FUND,NYSE,sec,pimco income strategy fund
MGPI,MGP INGREDIENTS INC,Nasdaq,sec,mgp ingredients
CLMB,"Climb Global Solutions, Inc.",Nasdaq,sec,climb global solutions
GETY,"Getty Images Holdings, Inc.",NYSE,sec,getty images
QUAD,"Quad/Graphics, Inc.",NYSE,sec,quad graphics
NATR,NATURES SUNSHINE PRODUCTS INC,Nasdaq,sec,natures sunshine products
PINWF,Pinewood Technologies Group plc,OTC,sec,pinewood technologies
SWMR,"Swarmer, Inc",Nasdaq,sec,swarmer
EAD,ALLSPRING INCOME OPPORTUNITIES FUND,NYSE,sec,allspring income opportunities fund
ZURA,Zura Bio Ltd,Nasdaq,sec,zura bio
SES,SES AI Corp,NYSE,sec,ses ai
LYEL,"Lyell Immunopharma, Inc.",Nasdaq,sec,lyell immunopharma
GBAB,Guggenheim Taxable Municipal Bond & Investment Grade Debt Trust,NYSE,sec,guggenheim taxable municipal bond investment grade debt trust
DIN,"Dine Brands Global, Inc.",NYSE,sec,dine brands global
NCV,Virtus Convertible & Income Fund,NYSE,sec,virtus convertible income fund
DCTH,"DELCATH SYSTEMS, INC.",Nasdaq,sec,delcath systems
FMAO,FARMERS & MERCHANTS BANCORP INC,Nasdaq,sec,farmers merchants bancorp
FOF,"Cohen & Steers Closed-End Opportunity Fund, Inc.",NYSE,sec,cohen steers closed end opportunity fund
HACQ,HCM IV Acquisition Corp.,Nasdaq,sec,hcm iv acquisition
GASS,StealthGas Inc.,Nasdaq,sec,stealthgas
PLAY,"Dave & Buster's Entertainment, Inc.",Nasdaq,sec,dave buster s entertainment
CAL,CALERES INC,NYSE,sec,caleres
ALOV,"Aldabra 4 Liquidity Opportunity Vehicle, Inc.",Nasdaq,sec,aldabra 4 liquidity opportunity vehicle
CVEO,Civeo Corp,NYSE,sec,civeo
MZYX,MOZAYYX Acquisition Corp.,NYSE,sec,mozayyx acquisition
NEWT,"NewtekOne, Inc.",Nasdaq,sec,newtekone
AMCX,AMC Global Media Inc.,Nasdaq,sec,amc global media
LND,BrasilAgro - Brazilian Agricultural Real Estate Co,NYSE,sec,brasilagro brazilian agricultural real estate
MYN,"BLACKROCK MUNIYIELD NEW YORK QUALITY FUND, INC.",NYSE,sec,blackrock muniyield new york quality fund
SOR,SOURCE CAPITAL /DE/,NYSE,sec,source capital de
MNPR,Monopar Therapeutics,Nasdaq,sec,monopar therapeutics
NC,NACCO INDUSTRIES INC,NYSE,sec,nacco industries
BOC,BOSTON OMAHA Corp,NYSE,sec,boston omaha
MAGN,Magnera Corp,NYSE,sec,magnera
VMD,"VIEMED HEALTHCARE, INC.",Nasdaq,sec,viemed healthcare
NKLR,Terra Innovatum Global N.V.,Nasdaq,sec,terra innovatum global n v
BNTC,Benitec Biopharma Inc.,Nasdaq,sec,benitec biopharma
XPER,Xperi Inc.,NYSE,sec,xperi
OEC,Orion S.A.,NYSE,sec,orion s a
CZNC,CITIZENS & NORTHERN CORP,Nasdaq,sec,citizens northern
CLLS,Cellectis S.A.,Nasdaq,sec,cellectis s a
FCRS,FutureCrest Acquisition Corp.,NYSE,sec,futurecrest acquisition
ELTP,ELITE PHARMACEUTICALS INC /NV/,OTC,sec,elite pharmaceuticals nv
BBCP,"Concrete Pumping Holdings, Inc.",Nasdaq,sec,concrete pumping
CDZI,CADIZ INC,Nasdaq,sec,cadiz
AEF,"abrdn Emerging Markets ex-China Fund, Inc.",NYSE,sec,abrdn emerging markets ex china fund
ECX,ECARX Holdings Inc.,Nasdaq,sec,ecarx
FVAV,Fortress Value Acquisition Corp. V,Nasdaq,sec,fortress value acquisition v
REAX,Real Brokerage Inc,Nasdaq,sec,real brokerage
ALLT,Allot Ltd.,Nasdaq,sec,allot
VSTM,"Verastem, Inc.",Nasdaq,sec,verastem
ALTO,"Alto Ingredients, Inc.",Nasdaq,sec,alto ingredients
BXC,BlueLinx Holdings Inc.,NYSE,sec,bluelinx
PBFS,"Pioneer Bancorp, Inc./MD",Nasdaq,sec,pioneer bancorp md
GLSI,"Greenwich LifeSciences, Inc.",Nasdaq,sec,greenwich lifesciences
PLBC,PLUMAS BANCORP,Nasdaq,sec,plumas bancorp
XNET,Xunlei Ltd,Nasdaq,sec,xunlei
VHI,VALHI INC /DE/,NYSE,sec,valhi de
MSB,MESABI TRUST,NYSE,sec,mesabi trust
SDHI,Siddhi Acquisition Corp (Cayman Islands),Nasdaq,sec,siddhi acquisition cayman islands
BLND,"Blend Labs, Inc.",NYSE,sec,blend labs
GNE,Genie Energy Ltd.,NYSE,sec,genie energy
GIX,GigCapital9 Corp.,Nasdaq,sec,gigcapital9
OIM,OneIM Acquisition Corp.,Nasdaq,sec,oneim acquisition
YEXT,"Yext, Inc.",NYSE,sec,yext
SAR,SARATOGA INVESTMENT CORP.,NYSE,sec,saratoga investment
MEI,METHODE ELECTRONICS INC,NYSE,sec,methode electronics
VNDA,Vanda Pharmaceuticals Inc.,Nasdaq,sec,vanda pharmaceuticals
RILY,"BRC Group Holdings, Inc.",Nasdaq,sec,brc
OPAL,OPAL Fuels Inc.,Nasdaq,sec,opal fuels
ALUB,Alussa Energy Acquisition Corp. II,NYSE,sec,alussa energy acquisition ii
NAN,NUVEEN NEW YORK QUALITY MUNICIPAL INCOME FUND,NYSE,sec,nuveen new york quality municipal income fund
PKBK,"PARKE BANCORP, INC.",Nasdaq,sec,parke bancorp
SNDL,SNDL Inc.,Nasdaq,sec,sndl
AWP,abrdn Global Premier Properties Fund,NYSE,sec,abrdn global premier properties fund
TTGT,"TechTarget, Inc.",Nasdaq,sec,techtarget
TACH,Titan Acquisition Corp.,Nasdaq,sec,titan acquisition
OTGA,OTG Acquisition Corp. I,Nasdaq,sec,otg acquisition i
PACB,"PACIFIC BIOSCIENCES OF CALIFORNIA, INC.",Nasdaq,sec,pacific biosciences of california
DMAA,Drugs Made In America Acquisition Corp.,Nasdaq,sec,drugs made in america acquisition
PSFE,Paysafe Ltd,NYSE,sec,paysafe
IPCX,Inflection Point Acquisition Corp. III,Nasdaq,sec,inflection point acquisition iii
REI,"RING ENERGY, INC.",NYSE,sec,ring energy
MCI,BARINGS CORPORATE INVESTORS,NYSE,sec,barings corporate investors
HNST,"Honest Company, Inc.",Nasdaq,sec,honest
CCII,Cohen Circle Acquisition Corp. II,Nasdaq,sec,cohen circle acquisition ii
HIX,WESTERN ASSET HIGH INCOME FUND II INC.,NYSE,sec,western asset high income fund ii
YDES,YD Bio Ltd,Nasdaq,sec,yd bio
STRZ,STARZ ENTERTAINMENT CORP /CN/,Nasdaq,sec,starz entertainment cn
GRRR,Gorilla Technology Group Inc.,Nasdaq,sec,gorilla technology
KCHV,Kochav Defense Acquisition Corp.,Nasdaq,sec,kochav defense acquisition
GCO,GENESCO INC,NYSE,sec,genesco
BRBI,BRBI BR Partners S.A.,Nasdaq,sec,brbi br partners s a
AUNA,AUNA S.A.,NYSE,sec,auna s a
LXEO,"Lexeo Therapeutics, Inc.",Nasdaq,sec,lexeo therapeutics
HCIC,Hennessy Capital Investment Corp. VIII,Nasdaq,sec,hennessy capital investment viii
SOUL,Soulpower Acquisition Corp.,NYSE,sec,soulpower acquisition
ARCI,Archimedes Tech SPAC Partners III Co.,Nasdaq,sec,archimedes tech spac partners iii
PAII,Pyrophyte Acquisition Corp. II,NYSE,sec,pyrophyte acquisition ii
AVBC,"Avidia Bancorp, Inc.",NYSE,sec,avidia bancorp
NL,NL INDUSTRIES INC,NYSE,sec,nl industries
BRVMF,Bravo Mining Corp.,OTC,sec,bravo mining
KTF,DWS MUNICIPAL INCOME TRUST,NYSE,sec,dws municipal income trust
IFRX,InflaRx N.V.,Nasdaq,sec,inflarx n v
BDCI,BTC Development Corp.,Nasdaq,sec,btc development
TRX,TRX GOLD Corp,NYSE,sec,trx gold
SCD,LMP CAPITAL & INCOME FUND INC.,NYSE,sec,lmp capital income fund
FRST,Primis Financial Corp.,Nasdaq,sec,primis financial
OYSE,Oyster Enterprises II Acquisition Corp,Nasdaq,sec,oyster enterprises ii acquisition
JGH,Nuveen Global High Income Fund,NYSE,sec,nuveen global high income fund
BLZR,Trailblazer Acquisition Corp.,Nasdaq,sec,trailblazer acquisition
IRD,"Opus Genetics, Inc.",Nasdaq,sec,opus genetics
NREF,"NexPoint Real Estate Finance, Inc.",NYSE,sec,nexpoint real estate finance
PBYI,"PUMA BIOTECHNOLOGY, INC.",Nasdaq,sec,puma biotechnology
AIRS,"Airsculpt Technologies, Inc.",Nasdaq,sec,airsculpt technologies
ULH,"UNIVERSAL LOGISTICS HOLDINGS, INC.",Nasdaq,sec,universal logistics
AXIN,Axiom Intelligence Acquisition Corp 1,Nasdaq,sec,axiom intelligence acquisition 1
SBXE,SilverBox Corp V,NYSE,sec,silverbox v
LRMR,"Larimar Therapeutics, Inc.",Nasdaq,sec,larimar therapeutics
ACAA,Averin Capital Acquisition Corp.,Nasdaq,sec,averin capital acquisition
SORN,Soren Acquisition Corp.,Nasdaq,sec,soren acquisition
OABI,"OmniAb, Inc.",Nasdaq,sec,omniab
MIY,"BLACKROCK MUNIYIELD MICHIGAN QUALITY FUND, INC.",NYSE,sec,blackrock muniyield michigan quality fund
XFOR,"X4 Pharmaceuticals, Inc",Nasdaq,sec,x4 pharmaceuticals
HFRO,HIGHLAND OPPORTUNITIES & INCOME FUND,NYSE,sec,highland opportunities income fund
HVT,HAVERTY FURNITURE COMPANIES INC,NYSE,sec,haverty furniture companies
JRI,Nuveen Real Asset Income & Growth Fund,NYSE,sec,nuveen real asset income growth fund
HCMA,HCM III ACQUISITION CORP.,Nasdaq,sec,hcm iii acquisition
PCB,PCB BANCORP,Nasdaq,sec,pcb bancorp
MTRX,MATRIX SERVICE CO,Nasdaq,sec,matrix service
VUZI,Vuzix Corp,Nasdaq,sec,vuzix
CCCC,"C4 Therapeutics, Inc.",Nasdaq,sec,c4 therapeutics
LTBR,LIGHTBRIDGE Corp,Nasdaq,sec,lightbridge
HIO,WESTERN ASSET HIGH INCOME OPPORTUNITY FUND INC.,NYSE,sec,western asset high income opportunity fund
SCGX,SAXON CAPITAL GROUP INC,OTC,sec,saxon capital
PHOE,Phoenix Asia Holdings Ltd,Nasdaq,sec,phoenix asia
MLP,MAUI LAND & PINEAPPLE CO INC,NYSE,sec,maui land pineapple
PRLD,Prelude Therapeutics Inc,Nasdaq,sec,prelude therapeutics
PINE,"Alpine Income Property Trust, Inc.",NYSE,sec,alpine income property trust
FENC,FENNEC PHARMACEUTICALS INC.,Nasdaq,sec,fennec pharmaceuticals
HTT,High Templar Tech Ltd,NYSE,sec,high templar tech
DSAC,Daedalus Special Acquisition Corp.,Nasdaq,sec,daedalus special acquisition
HPF,JOHN HANCOCK PREFERRED INCOME FUND II,NYSE,sec,john hancock preferred income fund ii
AACI,Armada Acquisition Corp. III,Nasdaq,sec,armada acquisition iii
BBBY,"BED BATH & BEYOND, INC.",NYSE,sec,bed bath beyond
IPFX,Inflection Point Acquisition Corp. VI,Nasdaq,sec,inflection point acquisition vi
KELYA,KELLY SERVICES INC,Nasdaq,sec,kelly services
XRX,Xerox Holdings Corp,Nasdaq,sec,xerox
SOPH,SOPHiA GENETICS SA,Nasdaq,sec,sophia genetics sa
EGHT,8X8 INC /DE/,Nasdaq,sec,8x8 de
MYGN,MYRIAD GENETICS INC,Nasdaq,sec,myriad genetics
CLPT,"ClearPoint Neuro, Inc.",Nasdaq,sec,clearpoint neuro
BCML,BayCom Corp,Nasdaq,sec,baycom
PAYS,"Paysign, Inc.",Nasdaq,sec,paysign
VACH,Voyager Acquisition Corp./Cayman Islands,Nasdaq,sec,voyager acquisition cayman islands
MPTI,"M-tron Industries, Inc.",NYSE,sec,m tron industries
PSBD,Palmer Square Capital BDC Inc.,NYSE,sec,palmer square capital bdc
AENT,ALLIANCE ENTERTAINMENT HOLDING CORP,Nasdaq,sec,alliance entertainment
BUUU,BUUU Group Ltd,Nasdaq,sec,buuu
RMR,RMR GROUP INC.,Nasdaq,sec,rmr
BLUW,Blue Water Acquisition Corp. III,Nasdaq,sec,blue water acquisition iii
AVIR,"Atea Pharmaceuticals, Inc.",Nasdaq,sec,atea pharmaceuticals
BKT,"BLACKROCK INCOME TRUST, INC.",NYSE,sec,blackrock income trust
BEAG,Bold Eagle Acquisition Corp.,Nasdaq,sec,bold eagle acquisition
CUB,Lionheart Holdings,Nasdaq,sec,lionheart
CAF,"Morgan Stanley China A Share Fund, Inc.",NYSE,sec,morgan stanley china a share fund
SIMA,SIM Acquisition Corp. I,Nasdaq,sec,sim acquisition i
BGS,"B&G Foods, Inc.",NYSE,sec,b g foods
SSSS,SURO CAPITAL CORP.,Nasdaq,sec,suro capital
TLS,TELOS CORP,Nasdaq,sec,telos
WSBF,"Waterstone Financial, Inc.",Nasdaq,sec,waterstone financial
SHIP,Seanergy Maritime Holdings Corp.,Nasdaq,sec,seanergy maritime
CION,CION Investment Corp,NYSE,sec,cion investment
USCB,"USCB FINANCIAL HOLDINGS, INC.",Nasdaq,sec,uscb financial
ARTNA,ARTESIAN RESOURCES CORP,Nasdaq,sec,artesian resources
MLAC,Mountain Lake Acquisition Corp.,Nasdaq,sec,mountain lake acquisition
CV,"CapsoVision, Inc",Nasdaq,sec,capsovision
PPT,PUTNAM PREMIER INCOME TRUST,NYSE,sec,putnam premier income trust
RMNI,"Rimini Street, Inc.",Nasdaq,sec,rimini street
ATII,Archimedes Tech SPAC Partners II Co.,Nasdaq,sec,archimedes tech spac partners ii
ESOA,Energy Services of America CORP,Nasdaq,sec,energy services of america
TCPC,BlackRock TCP Capital Corp.,Nasdaq,sec,blackrock tcp capital
API,"Agora, Inc.",Nasdaq,sec,agora
DSX,DIANA SHIPPING INC.,NYSE,sec,diana shipping
EMF,TEMPLETON EMERGING MARKETS FUND,NYSE,sec,templeton emerging markets fund
CEPV,"Cantor Equity Partners V, Inc.",Nasdaq,sec,cantor equity partners v
NECB,"NorthEast Community Bancorp, Inc./MD/",Nasdaq,sec,northeast community bancorp md
AII,"American Integrity Insurance Group, Inc.",NYSE,sec,american integrity insurance
CMPX,"Compass Therapeutics, Inc.",Nasdaq,sec,compass therapeutics
BGT,BLACKROCK FLOATING RATE INCOME TRUST,NYSE,sec,blackrock floating rate income trust
MVBF,MVB FINANCIAL CORP,Nasdaq,sec,mvb financial
MTLS,MATERIALISE NV,Nasdaq,sec,materialise nv
PPHC,"Public Policy Holding Company, Inc.",Nasdaq,sec,public policy
FERA,Fifth Era Acquisition Corp I,Nasdaq,sec,fifth era acquisition i
GTE,GRAN TIERRA ENERGY INC.,NYSE,sec,gran tierra energy
CHMG,CHEMUNG FINANCIAL CORP,Nasdaq,sec,chemung financial
OBA,Oxley Bridge Acquisition Ltd,Nasdaq,sec,oxley bridge acquisition
DRDB,Roman DBDR Acquisition Corp. II,Nasdaq,sec,roman dbdr acquisition ii
CLCHF,Clinch Resources Ltd.,OTC,sec,clinch resources
IONR,ioneer Ltd,Nasdaq,sec,ioneer
WEYS,WEYCO GROUP INC,Nasdaq,sec,weyco
SZZL,Sizzle Acquisition Corp. II,Nasdaq,sec,sizzle acquisition ii
VACI,Viking Acquisition Corp I,NYSE,sec,viking acquisition i
USNA,USANA HEALTH SCIENCES INC,NYSE,sec,usana health sciences
NWFL,NORWOOD FINANCIAL CORP,Nasdaq,sec,norwood financial
SMWB,SIMILARWEB LTD.,NYSE,sec,similarweb
AGD,abrdn Global Dynamic Dividend Fund,NYSE,sec,abrdn global dynamic dividend fund
PACH,Pioneer Acquisition I Corp,Nasdaq,sec,pioneer acquisition i
CURR,Currenc Group Inc.,Nasdaq,sec,currenc
SVAC,Spring Valley Acquisition Corp. III,Nasdaq,sec,spring valley acquisition iii
AVBH,"Avidbank Holdings, Inc.",Nasdaq,sec,avidbank
JOF,JAPAN SMALLER CAPITALIZATION FUND INC,NYSE,sec,japan smaller capitalization fund
OPTU,"Optimum Communications, Inc.",NYSE,sec,optimum communications
LE,"LANDS' END, INC.",Nasdaq,sec,lands end
FNLC,"First Bancorp, Inc /ME/",Nasdaq,sec,first bancorp me
EVOX,Evolution Global Acquisition Corp,Nasdaq,sec,evolution global acquisition
NXG,NXG NextGen Infrastructure Income Fund,NYSE,sec,nxg nextgen infrastructure income fund
ASG,LIBERTY ALL STAR GROWTH FUND INC.,NYSE,sec,liberty all star growth fund
PMTR,Perimeter Acquisition Corp. I,Nasdaq,sec,perimeter acquisition i
TAKOF,Volatus Aerospace Inc.,OTC,sec,volatus aerospace
PTAC,Patriot Acquisition Corp./CI,None,sec,patriot acquisition ci
KOYN,"CSLM Digital Asset Acquisition Corp III, Ltd",Nasdaq,sec,cslm digital asset acquisition iii
SPXX,Nuveen S&P 500 Dynamic Overwrite Fund,NYSE,sec,nuveen s p 500 dynamic overwrite fund
RCKT,"ROCKET PHARMACEUTICALS, INC.",Nasdaq,sec,rocket pharmaceuticals
LX,LexinFintech Holdings Ltd.,Nasdaq,sec,lexinfintech
NUCL,Eagle Nuclear Energy Corp.,Nasdaq,sec,eagle nuclear energy
BKRRF,BLACKROCK SILVER CORP.,OTC,sec,blackrock silver
QUIK,QUICKLOGIC Corp,Nasdaq,sec,quicklogic
ELMD,"Electromed, Inc.",NYSE,sec,electromed
TCI,TRANSCONTINENTAL REALTY INVESTORS INC,NYSE,sec,transcontinental realty investors
ALDF,Aldel Financial II Inc.,Nasdaq,sec,aldel financial ii
SITKF,Sitka Gold Corp.,OTC,sec,sitka gold
DBI,Designer Brands Inc.,NYSE,sec,designer brands
SAC,Safeguard Acquisition Corp.,NYSE,sec,safeguard acquisition
FUFU,Bitfufu Inc.,Nasdaq,sec,bitfufu
IMRX,Immuneering Corp,Nasdaq,sec,immuneering
RFMZ,"RiverNorth Flexible Municipal Income Fund II, Inc.",NYSE,sec,rivernorth flexible municipal income fund ii
POLE,Andretti Acquisition Corp. II,Nasdaq,sec,andretti acquisition ii
PLTS,Platinum Analytics Cayman Ltd,Nasdaq,sec,platinum analytics cayman
RNGT,Range Capital Acquisition Corp II,Nasdaq,sec,range capital acquisition ii
CXDO,"Crexendo, Inc.",Nasdaq,sec,crexendo
TVA,Texas Ventures Acquisition III Corp,Nasdaq,sec,texas ventures acquisition iii
PALI,"PALISADE BIO, INC.",Nasdaq,sec,palisade bio
ELLO,Ellomay Capital Ltd.,NYSE,sec,ellomay capital
CTRN,Citi Trends Inc,Nasdaq,sec,citi trends
JACS,Jackson Acquisition Co II,NYSE,sec,jackson acquisition ii
NNDM,Nano Dimension Ltd.,Nasdaq,sec,nano dimension
SIGA,SIGA TECHNOLOGIES INC,Nasdaq,sec,siga technologies
GSIT,GSI TECHNOLOGY INC,Nasdaq,sec,gsi technology
MKLY,McKinley Acquisition Corp,Nasdaq,sec,mckinley acquisition
AFB,ALLIANCEBERNSTEIN NATIONAL MUNICIPAL INCOME FUND,NYSE,sec,alliancebernstein national municipal income fund
RM,Regional Management Corp.,NYSE,sec,regional management
ORGO,Organogenesis Holdings Inc.,Nasdaq,sec,organogenesis
TSBK,TIMBERLAND BANCORP INC,Nasdaq,sec,timberland bancorp
WHGOF,White Gold Corp.,OTC,sec,white gold
AEAQ,Activate Energy Acquisition Corp.,Nasdaq,sec,activate energy acquisition
MXF,MEXICO FUND INC,NYSE,sec,mexico fund
GGAZF,Goldgroup Mining Inc.,OTC,sec,goldgroup mining
CAN,Canaan Inc.,Nasdaq,sec,canaan
AACO,Abony Acquisition Corp. I,Nasdaq,sec,abony acquisition i
GRAF,Graf Global Corp.,NYSE,sec,graf global
CMII,Columbus Circle Capital Corp II,Nasdaq,sec,columbus circle capital ii
BKTI,BK Technologies Corp,NYSE,sec,bk technologies
CARL,"CARLSMED, INC.",Nasdaq,sec,carlsmed
NCA,NUVEEN CALIFORNIA MUNICIPAL VALUE FUND,NYSE,sec,nuveen california municipal value fund
PTHRF,Pantheon Resources plc,OTC,sec,pantheon resources
VALU,VALUE LINE INC,Nasdaq,sec,value line
LEGO,Legato Merger Corp. IV,NYSE,sec,legato merger iv
SVCO,"Silvaco Group, Inc.",Nasdaq,sec,silvaco
SI,"SHOULDER INNOVATIONS, INC.",NYSE,sec,shoulder innovations
NMRA,"Neumora Therapeutics, Inc.",Nasdaq,sec,neumora therapeutics
LPAA,Launch One Acquisition Corp.,Nasdaq,sec,launch one acquisition
RIV,"RIVERNORTH OPPORTUNITIES FUND, INC.",NYSE,sec,rivernorth opportunities fund
CZFS,CITIZENS FINANCIAL SERVICES INC,Nasdaq,sec,citizens financial services
ILLU,Illumination Acquisition Corp. I,Nasdaq,sec,illumination acquisition i
TSSI,"TSS, Inc.",Nasdaq,sec,tss
VGZ,VISTA GOLD CORP,NYSE,sec,vista gold
NTPIF,NAM TAI PROPERTY INC.,OTC,sec,nam tai property
COSO,"CoastalSouth Bancshares, Inc.",NYSE,sec,coastalsouth bancshares
TMTS,Spartacus Acquisition Corp. II,Nasdaq,sec,spartacus acquisition ii
OTLY,Oatly Group AB,Nasdaq,sec,oatly ab
CAQ,Cambridge Acquisition Corp.,Nasdaq,sec,cambridge acquisition
EFR,Eaton Vance Senior Floating-Rate Trust,NYSE,sec,eaton vance senior floating rate trust
AIRRF,Aurion Resources Ltd.,OTC,sec,aurion resources
LWAC,LightWave Acquisition Corp.,Nasdaq,sec,lightwave acquisition
LPBB,Launch Two Acquisition Corp.,Nasdaq,sec,launch two acquisition
SVIV,Spring Valley Acquisition Corp. IV,Nasdaq,sec,spring valley acquisition iv
BNED,"Barnes & Noble Education, Inc.",NYSE,sec,barnes noble education
RAC,Rithm Acquisition Corp.,NYSE,sec,rithm acquisition
IVVD,"Invivyd, Inc.",Nasdaq,sec,invivyd
ITHA,ITHAX Acquisition Corp III,Nasdaq,sec,ithax acquisition iii
VHCP,Vine Hill Capital Investment Corp. II,Nasdaq,sec,vine hill capital investment ii
GSVRF,GUANAJUATO SILVER CO LTD,OTC,sec,guanajuato silver
TENX,"TENAX THERAPEUTICS, INC.",Nasdaq,sec,tenax therapeutics
OPTX,"SYNTEC OPTICS HOLDINGS, INC.",Nasdaq,sec,syntec optics
FWDI,"Forward Industries, Inc.",Nasdaq,sec,forward industries
ARDC,"Ares Dynamic Credit Allocation Fund, Inc.",NYSE,sec,ares dynamic credit allocation fund
CRLBF,Cresco Labs Inc.,OTC,sec,cresco labs
BCYC,BICYCLE THERAPEUTICS PLC,Nasdaq,sec,bicycle therapeutics
GTERA,Globa Terra Acquisition Corp,Nasdaq,sec,globa terra acquisition
MBI,MBIA INC,NYSE,sec,mbia
BIXI,Bitcoin Infrastructure Acquisition Corp Ltd,Nasdaq,sec,bitcoin infrastructure acquisition
LCTX,"Lineage Cell Therapeutics, Inc.",NYSE,sec,lineage cell therapeutics
NAUT,"Nautilus Biotechnology, Inc.",Nasdaq,sec,nautilus biotechnology
LOKV,Live Oak Acquisition Corp. V,Nasdaq,sec,live oak acquisition v
RPAY,Repay Holdings Corp,Nasdaq,sec,repay
EFTY,"ETOILES CAPITAL GROUP CO., LTD",Nasdaq,sec,etoiles capital
HUHU,HUHUTECH International Group Inc.,Nasdaq,sec,huhutech international
JENA,JENA ACQUISITION Corp II,NYSE,sec,jena acquisition ii
ISBA,ISABELLA BANK CORP,Nasdaq,sec,isabella bank
ALCO,"ALICO, INC.",Nasdaq,sec,alico
DMAC,DiaMedica Therapeutics Inc.,Nasdaq,sec,diamedica therapeutics
NBH,NEUBERGER MUNICIPAL FUND INC.,NYSE,sec,neuberger municipal fund
EVTL,Vertical Aerospace Ltd.,NYSE,sec,vertical aerospace
SEG,Seaport Entertainment Group Inc.,NYSE,sec,seaport entertainment
SVRSF,Silver Storm Mining Ltd.,OTC,sec,silver storm mining
ARMP,"Armata Pharmaceuticals, Inc.",NYSE,sec,armata pharmaceuticals
RFI,COHEN & STEERS TOTAL RETURN REALTY FUND INC,NYSE,sec,cohen steers total return realty fund
RZLT,"Rezolute, Inc.",Nasdaq,sec,rezolute
GSRF,GSR IV Acquisition Corp.,Nasdaq,sec,gsr iv acquisition
NLCP,"NewLake Capital Partners, Inc.",OTC,sec,newlake capital partners
HVMC,Highview Merger Corp.,Nasdaq,sec,highview merger
INR,"INFINITY NATURAL RESOURCES, INC.",NYSE,sec,infinity natural resources
LODE,Comstock Inc.,NYSE,sec,comstock
CMTG,"Claros Mortgage Trust, Inc.",NYSE,sec,claros mortgage trust
AMRN,AMARIN CORP PLCUK,Nasdaq,sec,amarin plcuk
SRZN,"Surrozen, Inc./DE",Nasdaq,sec,surrozen de
SBC,SBC Medical Group Holdings Inc,Nasdaq,sec,sbc medical
HLLY,Holley Inc.,NYSE,sec,holley
SSP,E.W. SCRIPPS Co,Nasdaq,sec,e w scripps
FUND,SPROTT FOCUS TRUST INC.,Nasdaq,sec,sprott focus trust
DSM,"BNY MELLON STRATEGIC MUNICIPAL BOND FUND, INC.",NYSE,sec,bny mellon strategic municipal bond fund
JMSB,"John Marshall Bancorp, Inc.",Nasdaq,sec,john marshall bancorp
ANVI,"ANVI GLOBAL HOLDINGS, INC.",OTC,sec,anvi global
FSBW,"FS Bancorp, Inc.",Nasdaq,sec,fs bancorp
BRBS,"BLUE RIDGE BANKSHARES, INC.",NYSE,sec,blue ridge bankshares
RDNW,"RideNow Group, Inc.",Nasdaq,sec,ridenow
GPAC,General Purpose Acquisition Corp.,Nasdaq,sec,general purpose acquisition
IRHO,Iron Horse Acquisition II Corp.,Nasdaq,sec,iron horse acquisition ii
RGNX,REGENXBIO Inc.,Nasdaq,sec,regenxbio
NAGE,"Niagen Bioscience, Inc.",Nasdaq,sec,niagen bioscience
ATOM,Atomera Inc,Nasdaq,sec,atomera
SVAQ,Silicon Valley Acquisition Corp.,Nasdaq,sec,silicon valley acquisition
GAMG,"Global Asset Management Group, Inc.",OTC,sec,global asset management
BIOT,Relativity Holdings Inc.,None,sec,relativity
HCAC,Hall Chadwick Acquisition Corp,Nasdaq,sec,hall chadwick acquisition
TEI,TEMPLETON EMERGING MARKETS INCOME FUND,NYSE,sec,templeton emerging markets income fund
NHIC,NewHold Investment Corp. III,Nasdaq,sec,newhold investment iii
SIDU,Sidus Space Inc.,Nasdaq,sec,sidus space
BACC,Blue Acquisition Corp/Cayman,Nasdaq,sec,blue acquisition cayman
ABEO,ABEONA THERAPEUTICS INC.,Nasdaq,sec,abeona therapeutics
ONIT,ONITY GROUP INC.,NYSE,sec,onity
GDEV,GDEV Inc.,Nasdaq,sec,gdev
SENS,"Senseonics Holdings, Inc.",Nasdaq,sec,senseonics
AACB,Artius II Acquisition Inc.,Nasdaq,sec,artius ii acquisition
SLNH,"Soluna Holdings, Inc",Nasdaq,sec,soluna
JWSMF,Jaws Mustang Acquisition Corp,OTC,sec,jaws mustang acquisition
NGEN,NERVGEN PHARMA CORP.,Nasdaq,sec,nervgen pharma
PTLO,Portillo's Inc.,Nasdaq,sec,portillo s
FNRN,FIRST NORTHERN COMMUNITY BANCORP,Nasdaq,sec,first northern community bancorp
EFT,Eaton Vance Floating-Rate Income Trust,NYSE,sec,eaton vance floating rate income trust
UCFI,CN Healthy Food Tech Group Corp.,Nasdaq,sec,cn healthy food tech
XFLT,XAI Octagon Floating Rate & Alternative Income Trust,NYSE,sec,xai octagon floating rate alternative income trust
BRW,Saba Capital Income & Opportunities Fund,NYSE,sec,saba capital income opportunities fund
MGNX,MACROGENICS INC,Nasdaq,sec,macrogenics
OIA,Invesco Municipal Income Opportunities Trust,NYSE,sec,invesco municipal income opportunities trust
PMO,PUTNAM MUNICIPAL OPPORTUNITIES TRUST,NYSE,sec,putnam municipal opportunities trust
ACIU,AC Immune SA,Nasdaq,sec,ac immune sa
TYGO,"TIGO ENERGY, INC.",Nasdaq,sec,tigo energy
LPCV,Launchpad Cadenza Acquisition Corp I,Nasdaq,sec,launchpad cadenza acquisition i
NODK,"NI Holdings, Inc.",Nasdaq,sec,ni
ASYS,AMTECH SYSTEMS INC,Nasdaq,sec,amtech systems
CCFN,MUNCY COLUMBIA FINANCIAL Corp,OTC,sec,muncy columbia financial
LEGT,Legato Merger Corp. III,NYSE,sec,legato merger iii
ADAC,American Drive Acquisition Co,Nasdaq,sec,american drive acquisition
VFF,"Village Farms International, Inc.",Nasdaq,sec,village farms international
SITC,SITE Centers Corp.,NYSE,sec,site centers
CNCK,Coincheck Group N.V.,Nasdaq,sec,coincheck n v
ASLE,AerSale Corp,Nasdaq,sec,aersale
NCZ,Virtus Convertible & Income Fund II,NYSE,sec,virtus convertible income fund ii
SLP,"Simulations Plus, Inc.",Nasdaq,sec,simulations plus
FGII,FG Imperii Acquisition Corp.,Nasdaq,sec,fg imperii acquisition
CIX,COMPX INTERNATIONAL INC,NYSE,sec,compx international
NPCT,Nuveen Core Plus Impact Fund,NYSE,sec,nuveen core plus impact fund
ORBS,Eightco Holdings Inc.,Nasdaq,sec,eightco
IRAB,Iris Acquisition Corp II,NYSE,sec,iris acquisition ii
TDF,TEMPLETON DRAGON FUND INC,NYSE,sec,templeton dragon fund
RC,Ready Capital Corp,NYSE,sec,ready capital
VLN,Valens Semiconductor Ltd.,NYSE,sec,valens semiconductor
MMD,NYLI MacKay DefinedTerm Muni Opportunities Fund,NYSE,sec,nyli mackay definedterm muni opportunities fund
STRT,STRATTEC SECURITY CORP,Nasdaq,sec,strattec security
SY,So-Young International Inc.,Nasdaq,sec,so young international
ISSC,INNOVATIVE SOLUTIONS & SUPPORT INC,Nasdaq,sec,innovative solutions support
PDYN,Palladyne AI Corp.,Nasdaq,sec,palladyne ai
DBL,DoubleLine Opportunistic Credit Fund,NYSE,sec,doubleline opportunistic credit fund
NCMI,"National CineMedia, Inc.",Nasdaq,sec,national cinemedia
TVAI,Thayer Ventures Acquisition Corp II,Nasdaq,sec,thayer ventures acquisition ii
XCBE,X3 Acquisition Corp. Ltd.,Nasdaq,sec,x3 acquisition
OVLY,Oak Valley Bancorp,Nasdaq,sec,oak valley bancorp
CDPMF,Cerro de Pasco Resources Inc.,OTC,sec,cerro de pasco resources
RMM,"RiverNorth Managed Duration Municipal Income Fund, Inc.",NYSE,sec,rivernorth managed duration municipal income fund
FCCO,FIRST COMMUNITY CORP /SC/,Nasdaq,sec,first community sc
BGH,BARINGS GLOBAL SHORT DURATION HIGH YIELD FUND,NYSE,sec,barings global short duration high yield fund
FVCB,"FVCBankcorp, Inc.",Nasdaq,sec,fvcbankcorp
JCE,Nuveen Core Equity Alpha Fund,NYSE,sec,nuveen core equity alpha fund
NUS,"NU SKIN ENTERPRISES, INC.",NYSE,sec,nu skin enterprises
OFLX,"Omega Flex, Inc.",Nasdaq,sec,omega flex
ELDN,"Eledon Pharmaceuticals, Inc.",Nasdaq,sec,eledon pharmaceuticals
TDRRF,Tudor Gold Corp.,OTC,sec,tudor gold
CTEV,Claritev Corp,NYSE,sec,claritev
WNC,WABASH NATIONAL Corp,NYSE,sec,wabash national
MWC,"Micware Co., Ltd.",Nasdaq,sec,micware
MYFW,First Western Financial Inc,Nasdaq,sec,first western financial
HRZN,Horizon Technology Finance Corp,Nasdaq,sec,horizon technology finance
MIN,MFS INTERMEDIATE INCOME TRUST,NYSE,sec,mfs intermediate income trust
SBXD,SilverBox Corp IV,NYSE,sec,silverbox iv
XSLL,Xsolla SPAC 1,Nasdaq,sec,xsolla spac 1
NVCT,"Nuvectis Pharma, Inc.",Nasdaq,sec,nuvectis pharma
EOD,ALLSPRING GLOBAL DIVIDEND OPPORTUNITY FUND,NYSE,sec,allspring global dividend opportunity fund
SLN,Silence Therapeutics plc,Nasdaq,sec,silence therapeutics
LVWR,"LiveWire Group, Inc.",NYSE,sec,livewire
BRT,BRT Apartments Corp.,NYSE,sec,brt apartments
AFRI,Forafric Global PLC,Nasdaq,sec,forafric global
SMDRF,SIERRA MADRE GOLD & SILVER LTD.,OTC,sec,sierra madre gold silver
SABS,"SAB Biotherapeutics, Inc.",Nasdaq,sec,sab biotherapeutics
HVII,Hennessy Capital Investment Corp. VII,Nasdaq,sec,hennessy capital investment vii
EGG,ENIGMATIG LTD,NYSE,sec,enigmatig
FUBO,FuboTV Inc.,NYSE,sec,fubotv
ZIP,"ZIPRECRUITER, INC.",NYSE,sec,ziprecruiter
WNEB,"Western New England Bancorp, Inc.",Nasdaq,sec,western new england bancorp
MUZE,Muzero Acquisition Corp,Nasdaq,sec,muzero acquisition
CEPO,"Cantor Equity Partners I, Inc.",Nasdaq,sec,cantor equity partners i
CGEH,"Capstone Energy Plus, Inc.",OTC,sec,capstone energy plus
ACV,Virtus Diversified Income & Convertible Fund,NYSE,sec,virtus diversified income convertible fund
EU,enCore Energy Corp.,Nasdaq,sec,encore energy
BUKS,BUTLER NATIONAL CORP,OTC,sec,butler national
CABO,"Cable One, Inc.",NYSE,sec,cable one
ZH,Zhihu Inc.,NYSE,sec,zhihu
DNMX,Dynamix Corp III,Nasdaq,sec,dynamix iii
CFNB,CALIFORNIA FIRST LEASING CORP,OTC,sec,california first leasing
RWAY,Runway Growth Finance Corp.,Nasdaq,sec,runway growth finance
KF,KOREA FUND INC,NYSE,sec,korea fund
CAMVF,Cambria Gold Mines Inc.,OTC,sec,cambria gold mines
DEFT,"Defi Technologies, Inc.",Nasdaq,sec,defi technologies
KRYXF,KORYX COPPER INC.,OTC,sec,koryx copper
AZ,A2Z CUST2MATE SOLUTIONS CORP.,Nasdaq,sec,a2z cust2mate solutions
RCKY,"ROCKY BRANDS, INC.",Nasdaq,sec,rocky brands
PMM,PUTNAM MANAGED MUNICIPAL INCOME TRUST,NYSE,sec,putnam managed municipal income trust
OSG,OCTAVE SPECIALTY GROUP INC,NYSE,sec,octave specialty
OACC,Oaktree Acquisition Corp. III Life Sciences,Nasdaq,sec,oaktree acquisition iii life sciences
TRGS,TRG Latin America Acquisitions Corp.,Nasdaq,sec,trg latin america acquisitions
FDBC,FIDELITY D & D BANCORP INC,Nasdaq,sec,fidelity d d bancorp
FWRD,FORWARD AIR CORP,Nasdaq,sec,forward air
AGGI,"Allied Energy, Inc.",OTC,sec,allied energy
ALXO,ALX ONCOLOGY HOLDINGS INC,Nasdaq,sec,alx oncology
RNLXY,Renalytix plc,OTC,sec,renalytix
AERG,"APPLIED ENERGETICS, INC.",OTC,sec,applied energetics
FNKO,"Funko, Inc.",Nasdaq,sec,funko
SBMT,SILVER BOW MINING CORP.,NYSE,sec,silver bow mining
EOT,Eaton Vance National Municipal Opportunities Trust,NYSE,sec,eaton vance national municipal opportunities trust
ACRE,Ares Commercial Real Estate Corp,NYSE,sec,ares commercial real estate
ATGL,Alpha Technology Group Ltd,Nasdaq,sec,alpha technology
SCM,Stellus Capital Investment Corp,NYSE,sec,stellus capital investment
FACT,FACT II Acquisition Corp.,Nasdaq,sec,fact ii acquisition
CGEN,COMPUGEN LTD,Nasdaq,sec,compugen
RLTY,Cohen & Steers Real Estate Opportunities & Income Fund,NYSE,sec,cohen steers real estate opportunities income fund
PLMK,"Plum Acquisition Corp, IV",Nasdaq,sec,plum acquisition iv
SGHT,"Sight Sciences, Inc.",Nasdaq,sec,sight sciences
MASS,908 Devices Inc.,Nasdaq,sec,908 devices
AIFU,AIFU Inc.,Nasdaq,sec,aifu
NTWO,Newbury Street II Acquisition Corp,Nasdaq,sec,newbury street ii acquisition
TBXXF,King Copper Discovery Corp.,OTC,sec,king copper discovery
FRAF,FRANKLIN FINANCIAL SERVICES CORP /PA/,Nasdaq,sec,franklin financial services pa
WLII,Willow Lane Acquisition Corp. II,Nasdaq,sec,willow lane acquisition ii
VNME,Vendome Acquisition Corp I,Nasdaq,sec,vendome acquisition i
ESCA,ESCALADE INC,Nasdaq,sec,escalade
STEX,Streamex Corp.,Nasdaq,sec,streamex
TG,TREDEGAR CORP,NYSE,sec,tredegar
LTRX,LANTRONIX INC,Nasdaq,sec,lantronix
CPZ,Calamos Long/Short Equity & Dynamic Income Trust,Nasdaq,sec,calamos long short equity dynamic income trust
NXDT,NEXPOINT DIVERSIFIED REAL ESTATE TRUST,NYSE,sec,nexpoint diversified real estate trust
FLWS,1 800 FLOWERS COM INC,Nasdaq,sec,1 800 flowers com
FCT,FIRST TRUST SENIOR FLOATING RATE INCOME FUND II,NYSE,sec,first trust senior floating rate income fund ii
RAAQ,Real Asset Acquisition Corp.,Nasdaq,sec,real asset acquisition
PNNT,PENNANTPARK INVESTMENT CORP,NYSE,sec,pennantpark investment
ZNTL,"Zentalis Pharmaceuticals, Inc.",Nasdaq,sec,zentalis pharmaceuticals
SPCE,"Virgin Galactic Holdings, Inc",NYSE,sec,virgin galactic
LANV,Lanvin Group Holdings Ltd,NYSE,sec,lanvin
ERC,ALLSPRING MULTI-SECTOR INCOME FUND,NYSE,sec,allspring multi sector income fund
RCS,"PIMCO STRATEGIC INCOME FUND, INC.",NYSE,sec,pimco strategic income fund
SCII,SC II Acquisition Corp.,Nasdaq,sec,sc ii acquisition
ASUR,ASURE SOFTWARE INC,Nasdaq,sec,asure software
PRE,Prenetics Global Ltd,Nasdaq,sec,prenetics global
AVXL,ANAVEX LIFE SCIENCES CORP.,Nasdaq,sec,anavex life sciences
NUW,Nuveen AMT-Free Municipal Value Fund,NYSE,sec,nuveen amt free municipal value fund
GLO,Clough Global Opportunities Fund,NYSE,sec,clough global opportunities fund
ATLO,AMES NATIONAL CORP,Nasdaq,sec,ames national
TC,Token Cat Ltd,Nasdaq,sec,token cat
RXST,"RxSight, Inc.",Nasdaq,sec,rxsight
COPL,Copley Acquisition Corp,NYSE,sec,copley acquisition
EIC,Eagle Point Income Co Inc.,NYSE,sec,eagle point income
AIRJ,AirJoule Technologies Corp.,Nasdaq,sec,airjoule technologies
PCYO,PURE CYCLE CORP,Nasdaq,sec,pure cycle
TWFG,"TWFG, Inc.",Nasdaq,sec,twfg
HWBK,"HAWTHORN BANCSHARES, INC.",Nasdaq,sec,hawthorn bancshares
CIA,"CITIZENS, INC.",NYSE,sec,citizens
PPIH,"Perma-Pipe International Holdings, Inc.",Nasdaq,sec,perma pipe international
PROF,Profound Medical Corp.,Nasdaq,sec,profound medical
MCR,MFS CHARTER INCOME TRUST,NYSE,sec,mfs charter income trust
TARA,"Protara Therapeutics, Inc.",Nasdaq,sec,protara therapeutics
PMMCF,Pampa Metals Corp,OTC,sec,pampa metals
JAKK,JAKKS PACIFIC INC,Nasdaq,sec,jakks pacific
USAU,U.S. GOLD CORP.,Nasdaq,sec,u s gold
SNFCA,SECURITY NATIONAL FINANCIAL CORP,Nasdaq,sec,security national financial
SGLA,Sino Green Land Corp.,OTC,sec,sino green land
CBNA,CHAIN BRIDGE BANCORP INC,NYSE,sec,chain bridge bancorp
SILC,SILICOM LTD.,Nasdaq,sec,silicom
FXNC,FIRST NATIONAL CORP /VA/,Nasdaq,sec,first national va
DUOT,"DUOS TECHNOLOGIES GROUP, INC.",Nasdaq,sec,duos technologies
GLATF,Global Atomic Corp,OTC,sec,global atomic
HCKT,"HACKETT GROUP, INC.",Nasdaq,sec,hackett
MMT,MFS MULTIMARKET INCOME TRUST,NYSE,sec,mfs multimarket income trust
RGCO,RGC RESOURCES INC,Nasdaq,sec,rgc resources
AKBA,"Akebia Therapeutics, Inc.",Nasdaq,sec,akebia therapeutics
FJET,"Starfighters Space, Inc.",NYSE,sec,starfighters space
FC,FRANKLIN COVEY CO,NYSE,sec,franklin covey
MCGA,Yorkville Acquisition Corp.,Nasdaq,sec,yorkville acquisition
EDIT,"Editas Medicine, Inc.",Nasdaq,sec,editas medicine
SOCA,Solarius Capital Acquisition Corp.,Nasdaq,sec,solarius capital acquisition
OPRT,Oportun Financial Corp,Nasdaq,sec,oportun financial
RDCM,RADCOM LTD,Nasdaq,sec,radcom
CMRC,"Commerce.com, Inc.",Nasdaq,sec,commerce com
OBIO,"Orchestra BioMed Holdings, Inc.",Nasdaq,sec,orchestra biomed
PTNM,Pitanium Ltd,Nasdaq,sec,pitanium
REFI,"Chicago Atlantic Real Estate Finance, Inc.",Nasdaq,sec,chicago atlantic real estate finance
DYNC,Dynamix Corp,Nasdaq,sec,dynamix
HHLKF,Hot Chili Ltd,OTC,sec,hot chili
SSAC,SPACSphere Acquisition Corp.,Nasdaq,sec,spacsphere acquisition
IGAC,Invest Green Acquisition Corp,Nasdaq,sec,invest green acquisition
FUNC,FIRST UNITED CORP/MD/,Nasdaq,sec,first united md
GCTS,"GCT Semiconductor Holding, Inc.",NYSE,sec,gct semiconductor
HBB,Hamilton Beach Brands Holding Co,NYSE,sec,hamilton beach brands
XPOF,"Xponential Fitness, Inc.",NYSE,sec,xponential fitness
DAAQ,Digital Asset Acquisition Corp.,Nasdaq,sec,digital asset acquisition
TGMPF,Tantalus Systems Holding Inc.,OTC,sec,tantalus systems
FLYX,FLYEXCLUSIVE INC.,NYSE,sec,flyexclusive
MITT,"TPG Mortgage Investment Trust, Inc.",NYSE,sec,tpg mortgage investment trust
PNPNF,POWER METALLIC MINES INC.,OTC,sec,power metallic mines
CFFI,C & F FINANCIAL CORP,Nasdaq,sec,c f financial
FTF,FRANKLIN LTD DURATION INCOME TRUST,NYSE,sec,franklin duration income trust
LAW,"CS Disco, Inc.",NYSE,sec,cs disco
TDWD,Tailwind 2.0 Acquisition Corp.,Nasdaq,sec,tailwind 2 0 acquisition
LMNR,Limoneira CO,Nasdaq,sec,limoneira
MACI,Melar Acquisition Corp. I/Cayman,Nasdaq,sec,melar acquisition i cayman
TII,Titan Mining Corp,NYSE,sec,titan mining
TWLV,Twelve Seas Investment Co III/Cayman,Nasdaq,sec,twelve seas investment iii cayman
TDAC,Translational Development Acquisition Corp.,Nasdaq,sec,translational development acquisition
BPRN,"Princeton Bancorp, Inc.",Nasdaq,sec,princeton bancorp
ALEC,"Alector, Inc.",Nasdaq,sec,alector
POWW,Outdoor Holding Co,Nasdaq,sec,outdoor
STRS,STRATUS PROPERTIES INC,Nasdaq,sec,stratus properties
PSF,"Cohen & Steers Select Preferred & Income Fund, Inc.",NYSE,sec,cohen steers select preferred income fund
LATA,Galata Acquisition Corp. II,Nasdaq,sec,galata acquisition ii
DYOR,Insight Digital Partners II,Nasdaq,sec,insight digital partners ii
SRV,NXG Cushing Midstream Energy Fund,NYSE,sec,nxg cushing midstream energy fund
JRS,NUVEEN REAL ESTATE INCOME FUND,NYSE,sec,nuveen real estate income fund
LCNB,LCNB CORP,Nasdaq,sec,lcnb
SUMA,SUMA Acquisition Corp,Nasdaq,sec,suma acquisition
VABK,Virginia National Bankshares Corp,Nasdaq,sec,virginia national bankshares
CRNT,CERAGON NETWORKS LTD,Nasdaq,sec,ceragon networks
FOSL,"Fossil Group, Inc.",Nasdaq,sec,fossil
CHRS,"Coherus Oncology, Inc.",Nasdaq,sec,coherus oncology
SPOK,"Spok Holdings, Inc",Nasdaq,sec,spok
BLRK,Bluerock Acquisition Corp.,Nasdaq,sec,bluerock acquisition
TPVG,TriplePoint Venture Growth BDC Corp.,NYSE,sec,triplepoint venture growth bdc
LGI,LAZARD GLOBAL TOTAL RETURN & INCOME FUND INC,NYSE,sec,lazard global total return income fund
SABA,Saba Capital Income & Opportunities Fund II,NYSE,sec,saba capital income opportunities fund ii
CNTN,"Canton Strategic Holdings, Inc.",Nasdaq,sec,canton strategic
TWIN,TWIN DISC INC,Nasdaq,sec,twin disc
BIII,Black Spade Acquisition III Co,NYSE,sec,black spade acquisition iii
TSNDF,TerrAscend Corp.,OTC,sec,terrascend
KLTR,KALTURA INC,Nasdaq,sec,kaltura
SVCC,Stellar V Capital Corp. (Cayman Islands),Nasdaq,sec,stellar v capital cayman islands
KGEI,Kolibri Global Energy Inc.,Nasdaq,sec,kolibri global energy
EVI,"EVI INDUSTRIES, INC.",NYSE,sec,evi industries
PAMT,PAMT CORP,Nasdaq,sec,pamt
YDDL,One & one Green Technologies. INC,Nasdaq,sec,one one green technologies
SRGXF,Surge Copper Corp,OTC,sec,surge copper
FBLA,"FB Bancorp, Inc. /MD/",Nasdaq,sec,fb bancorp md
JFIN,Jiayin Group Inc.,Nasdaq,sec,jiayin
MAGH,Magnitude International Ltd,Nasdaq,sec,magnitude international
GLDG,GoldMining Inc.,NYSE,sec,goldmining
ADAG,Adagene Inc.,Nasdaq,sec,adagene
HLXC,Helix Acquisition Corp. III,Nasdaq,sec,helix acquisition iii
LOVE,Lovesac Co,Nasdaq,sec,lovesac
IMPP,Imperial Petroleum Inc./Marshall Islands,Nasdaq,sec,imperial petroleum marshall islands
NKSH,NATIONAL BANKSHARES INC,Nasdaq,sec,national bankshares
CPSS,"CONSUMER PORTFOLIO SERVICES, INC.",Nasdaq,sec,consumer portfolio services
LIEN,"Chicago Atlantic BDC, Inc.",Nasdaq,sec,chicago atlantic bdc
CNDT,CONDUENT Inc,Nasdaq,sec,conduent
CMTV,COMMUNITY BANCORP /VT,Nasdaq,sec,community bancorp vt
CDXS,"CODEXIS, INC.",Nasdaq,sec,codexis
RELL,"RICHARDSON ELECTRONICS, LTD.",Nasdaq,sec,richardson electronics
EAF,GRAFTECH INTERNATIONAL LTD,NYSE,sec,graftech international
MFIN,MEDALLION FINANCIAL CORP,Nasdaq,sec,medallion financial
TRVG,trivago N.V.,Nasdaq,sec,trivago n v
SMRT,"SmartRent, Inc.",NYSE,sec,smartrent
RNA,"Atrium Therapeutics, Inc.",Nasdaq,sec,atrium therapeutics
ARL,AMERICAN REALTY INVESTORS INC,NYSE,sec,american realty investors
CTAA,Clearthink 1 Acquisition Corp.,Nasdaq,sec,clearthink 1 acquisition
CAMP,Camp4 Therapeutics Corp,Nasdaq,sec,camp4 therapeutics
SUGRF,Sucro Ltd,OTC,sec,sucro
INTT,INTEST CORP,NYSE,sec,intest
FATE,FATE THERAPEUTICS INC,Nasdaq,sec,fate therapeutics
KINS,"KINGSTONE COMPANIES, INC.",Nasdaq,sec,kingstone companies
ONCH,1RT Acquisition Corp.,Nasdaq,sec,1rt acquisition
TRDA,"Entrada Therapeutics, Inc.",Nasdaq,sec,entrada therapeutics
MAMK,MaxsMaking Inc.,Nasdaq,sec,maxsmaking
YSG,Yatsen Holding Ltd,NYSE,sec,yatsen
MFM,MFS MUNICIPAL INCOME TRUST,NYSE,sec,mfs municipal income trust
TNXP,Tonix Pharmaceuticals Holding Corp.,Nasdaq,sec,tonix pharmaceuticals
UP,Wheels Up Experience Inc.,NYSE,sec,wheels up experience
JACK,JACK IN THE BOX INC,Nasdaq,sec,jack in box
TSI,TCW STRATEGIC INCOME FUND INC,NYSE,sec,tcw strategic income fund
QNBC,QNB CORP.,OTC,sec,qnb
ACH,ACCENDRA HEALTH INC/VA/,NYSE,sec,accendra health va
FLXS,FLEXSTEEL INDUSTRIES INC,Nasdaq,sec,flexsteel industries
CRAC,Crown Reserve Acquisition Corp. I,Nasdaq,sec,crown reserve acquisition i
CLW,Clearwater Paper Corp,NYSE,sec,clearwater paper
OVBC,OHIO VALLEY BANC CORP,Nasdaq,sec,ohio valley banc
NPV,NUVEEN VIRGINIA QUALITY MUNICIPAL INCOME FUND,NYSE,sec,nuveen virginia quality municipal income fund
AMPY,Amplify Energy Corp.,NYSE,sec,amplify energy
WEWA,"WEWARDS, INC.",OTC,sec,wewards
SND,"Smart Sand, Inc.",Nasdaq,sec,smart sand
PEBK,PEOPLES BANCORP OF NORTH CAROLINA INC,Nasdaq,sec,peoples bancorp of north carolina
MINE,MAYFAIR GOLD CORP.,NYSE,sec,mayfair gold
MDWD,MediWound Ltd.,Nasdaq,sec,mediwound
PHCI,Panamera Holdings Corp,OTC,sec,panamera
UIS,UNISYS CORP,NYSE,sec,unisys
NVA,Nova Minerals Ltd,Nasdaq,sec,nova minerals
LPRO,Open Lending Corp,Nasdaq,sec,open lending
GSHR,Gesher Acquisition Corp. II,Nasdaq,sec,gesher acquisition ii
DMRC,"Digimarc Parent, Inc.",Nasdaq,sec,digimarc parent
OSUR,ORASURE TECHNOLOGIES INC,Nasdaq,sec,orasure technologies
EGHA,EGH Acquisition Corp.,Nasdaq,sec,egh acquisition
SPMC,"Sound Point Meridian Capital, Inc.",NYSE,sec,sound point meridian capital
EXOD,"Exodus Movement, Inc.",NYSE,sec,exodus movement
FHTX,Foghorn Therapeutics Inc.,Nasdaq,sec,foghorn therapeutics
GENC,GENCOR INDUSTRIES INC,NYSE,sec,gencor industries
ANGI,Angi Inc.,Nasdaq,sec,angi
VYGR,"Voyager Therapeutics, Inc.",Nasdaq,sec,voyager therapeutics
IPOD,COLLECTIVE ACQUISITION CORP.,Nasdaq,sec,collective acquisition
BXSY,BEXIL INVESTMENT TRUST,OTC,sec,bexil investment trust
DAVA,Endava plc,NYSE,sec,endava
HELP,CYBIN INC.,Nasdaq,sec,cybin
LENZ,"LENZ Therapeutics, Inc.",Nasdaq,sec,lenz therapeutics
HAVA,Harvard Ave Acquisition Corp,Nasdaq,sec,harvard ave acquisition
HITI,High Tide Inc.,Nasdaq,sec,high tide
SMTI,Sanara MedTech Inc.,Nasdaq,sec,sanara medtech
PALO,PALOMA ACQUISITION CORP I,Nasdaq,sec,paloma acquisition i
TBCH,Turtle Beach Corp,Nasdaq,sec,turtle beach
AREC,American Resources Corp,Nasdaq,sec,american resources
LFMD,"LifeMD, Inc.",Nasdaq,sec,lifemd
IDE,"Voya Infrastructure, Industrials & Materials Fund",NYSE,sec,voya infrastructure industrials materials fund
ETX,Eaton Vance Municipal Income 2028 Term Trust,NYSE,sec,eaton vance municipal income 2028 term trust
MNTK,"Montauk Renewables, Inc.",Nasdaq,sec,montauk renewables
IKT,"Inhibikase Therapeutics, Inc.",Nasdaq,sec,inhibikase therapeutics
FOTB,"FIRST OTTAWA BANCSHARES, INC.",OTC,sec,first ottawa bancshares
OPBK,OP Bancorp,Nasdaq,sec,op bancorp
UNCY,"Unicycive Therapeutics, Inc.",Nasdaq,sec,unicycive therapeutics
III,Information Services Group Inc.,Nasdaq,sec,information services
INBK,First Internet Bancorp,Nasdaq,sec,first internet bancorp
INSG,INSEEGO CORP.,Nasdaq,sec,inseego
HDSN,HUDSON TECHNOLOGIES INC /NY,Nasdaq,sec,hudson technologies ny
VENU,Venu Holding Corp,NYSE,sec,venu
NEN,NEW ENGLAND REALTY ASSOCIATES LIMITED PARTNERSHIP,NYSE,sec,new england realty associates partnership
AOMR,"Angel Oak Mortgage REIT, Inc.",NYSE,sec,angel oak mortgage reit
SLGL,Sol-Gel Technologies Ltd.,Nasdaq,sec,sol gel technologies
AUDC,AUDIOCODES LTD,Nasdaq,sec,audiocodes
MRBK,Meridian Corp,Nasdaq,sec,meridian
PED,PEDEVCO CORP,NYSE,sec,pedevco
ANTA,Antalpha Platform Holding Co,Nasdaq,sec,antalpha platform
UTMD,UTAH MEDICAL PRODUCTS INC,Nasdaq,sec,utah medical products
AVNW,"AVIAT NETWORKS, INC.",Nasdaq,sec,aviat networks
NERV,"Minerva Neurosciences, Inc.",Nasdaq,sec,minerva neurosciences
IIF,"MORGAN STANLEY INDIA INVESTMENT FUND, INC.",NYSE,sec,morgan stanley india investment fund
ICTSF,ICTS INTERNATIONAL N V,OTC,sec,icts international n v
GORO,GOLD RESOURCE CORP,NYSE,sec,gold resource
HWAIF,Healwell AI Inc.,OTC,sec,healwell ai
EFSI,EAGLE FINANCIAL SERVICES INC,Nasdaq,sec,eagle financial services
WHWK,"Whitehawk Therapeutics, Inc.",Nasdaq,sec,whitehawk therapeutics
MPAA,MOTORCAR PARTS OF AMERICA INC,Nasdaq,sec,motorcar parts of america
PLG,PLATINUM GROUP METALS LTD,NYSE,sec,platinum metals
KVHI,KVH INDUSTRIES INC DE,Nasdaq,sec,kvh industries de
IMMR,IMMERSION CORP,Nasdaq,sec,immersion
KTWO,K2 Capital Acquisition Corp,Nasdaq,sec,k2 capital acquisition
FT,FRANKLIN UNIVERSAL TRUST,NYSE,sec,franklin universal trust
CMT,CORE MOLDING TECHNOLOGIES INC,NYSE,sec,core molding technologies
OMSE,OMS Energy Technologies Inc.,Nasdaq,sec,oms energy technologies
TKNO,"Alpha Teknova, Inc.",Nasdaq,sec,alpha teknova
CNTX,Context Therapeutics Inc.,Nasdaq,sec,context therapeutics
SMHI,SEACOR Marine Holdings Inc.,NYSE,sec,seacor marine
BRKH,BurTech Acquisition Corp II,None,sec,burtech acquisition ii
BEBE,TGE Value Creative Solutions Corp,NYSE,sec,tge value creative solutions
SJT,SAN JUAN BASIN ROYALTY TRUST,NYSE,sec,san juan basin royalty trust
ANIK,"Anika Therapeutics, Inc.",Nasdaq,sec,anika therapeutics
TSKFF,Talisker Resources Ltd.,OTC,sec,talisker resources
FIGX,FIGX Capital Acquisition Corp.,Nasdaq,sec,figx capital acquisition
DMB,"BNY Mellon Municipal Bond Infrastructure Fund, Inc.",NYSE,sec,bny mellon municipal bond infrastructure fund
GARLF,Roxmore Resources Inc.,OTC,sec,roxmore resources
LEE,"LEE ENTERPRISES, Inc",Nasdaq,sec,lee enterprises
CANG,Cango Inc.,NYSE,sec,cango
LFAC,Leapfrog Acquisition Corp,Nasdaq,sec,leapfrog acquisition
EPSN,Epsilon Energy Ltd.,Nasdaq,sec,epsilon energy
KROS,"Keros Therapeutics, Inc.",Nasdaq,sec,keros therapeutics
CZWI,Citizens Community Bancorp Inc.,Nasdaq,sec,citizens community bancorp
WRLGF,West Red Lake Gold Mines Ltd.,OTC,sec,west red lake gold mines
NHS,Neuberger High Yield Strategies Fund Inc.,NYSE,sec,neuberger high yield strategies fund
GWRS,"Global Water Resources, Inc.",Nasdaq,sec,global water resources
BRCC,BRC Inc.,NYSE,sec,brc
CRBU,"Caribou Biosciences, Inc.",Nasdaq,sec,caribou biosciences
AIIA,AI Infrastructure Acquisition Corp.,NYSE,sec,ai infrastructure acquisition
INFU,"InfuSystem Holdings, Inc",NYSE,sec,infusystem
ACB,AURORA CANNABIS INC,Nasdaq,sec,aurora cannabis
NBP,NovaBridge Biosciences,Nasdaq,sec,novabridge biosciences
PDEX,PRO DEX INC,Nasdaq,sec,pro dex
TLSI,"TriSalus Life Sciences, Inc.",Nasdaq,sec,trisalus life sciences
INSE,"Inspired Entertainment, Inc.",Nasdaq,sec,inspired entertainment
NIU,Niu Technologies,Nasdaq,sec,niu technologies
ARQQ,Arqit Quantum Inc.,Nasdaq,sec,arqit quantum
DPRO,Draganfly Inc.,Nasdaq,sec,draganfly
TONX,TON Strategy Co,Nasdaq,sec,ton strategy
EGAN,EGAIN Corp,Nasdaq,sec,egain
BHLL,Bunker Hill Mining Corp.,OTC,sec,bunker hill mining
VPV,Invesco Pennsylvania Value Municipal Income Trust,NYSE,sec,invesco pennsylvania value municipal income trust
NKTX,"Nkarta, Inc.",Nasdaq,sec,nkarta
HGLB,HIGHLAND GLOBAL ALLOCATION FUND,NYSE,sec,highland global allocation fund
BANX,ArrowMark Financial Corp.,Nasdaq,sec,arrowmark financial
IPHA,Innate Pharma SA,Nasdaq,sec,innate pharma sa
ARCT,Arcturus Therapeutics Holdings Inc.,Nasdaq,sec,arcturus therapeutics
GF,NEW GERMANY FUND INC,NYSE,sec,new germany fund
SRI,STONERIDGE INC,NYSE,sec,stoneridge
OPP,"RiverNorth/DoubleLine Strategic Opportunity Fund, Inc.",NYSE,sec,rivernorth doubleline strategic opportunity fund
WIA,WESTERN ASSET INFLATION-LINKED INCOME FUND,NYSE,sec,western asset inflation linked income fund
QSI,Quantum-Si Inc,Nasdaq,sec,quantum si
MVIS,"MICROVISION, INC.",Nasdaq,sec,microvision
MDV,"MODIV INDUSTRIAL, INC.",NYSE,sec,modiv industrial
JRVR,"James River Group Holdings, Inc.",Nasdaq,sec,james river
OZ,"Belpointe PREP, LLC",NYSE,sec,belpointe prep llc
YOOV,Concorde International Group Ltd.,Nasdaq,sec,concorde international
FINW,Finwise Bancorp,Nasdaq,sec,finwise bancorp
NRO,NEUBERGER REAL ESTATE SECURITIES INCOME FUND INC,NYSE,sec,neuberger real estate securities income fund
SEVN,Seven Hills Realty Trust,Nasdaq,sec,seven hills realty trust
PSRHF,Pulsar Helium Inc.,OTC,sec,pulsar helium
BZAI,"Blaize Holdings, Inc.",Nasdaq,sec,blaize
RLEA,Rubber Leaf Inc,OTC,sec,rubber leaf
AIRO,"AIRO Group Holdings, Inc.",Nasdaq,sec,airo
FCAP,FIRST CAPITAL INC,Nasdaq,sec,first capital
DHY,CREDIT SUISSE HIGH YIELD CREDIT FUND,NYSE,sec,credit suisse high yield credit fund
HUMA,"Humacyte, Inc.",Nasdaq,sec,humacyte
ALTG,ALTA EQUIPMENT GROUP INC.,NYSE,sec,alta equipment
PESI,PERMA FIX ENVIRONMENTAL SERVICES INC,Nasdaq,sec,perma fix environmental services
PAAC,Proem Acquisition Corp. I,Nasdaq,sec,proem acquisition i
KRMD,"KORU Medical Systems, Inc.",Nasdaq,sec,koru medical systems
SLQT,"SelectQuote, Inc.",NYSE,sec,selectquote
BHR,Braemar Hotels & Resorts Inc.,NYSE,sec,braemar hotels resorts
BWIV,Blue Water Acquisition Corp. IV,NYSE,sec,blue water acquisition iv
LUCD,Lucid Diagnostics Inc.,Nasdaq,sec,lucid diagnostics
AP,AMPCO PITTSBURGH CORP,NYSE,sec,ampco pittsburgh
XYF,X Financial,NYSE,sec,x financial
EHI,WESTERN ASSET GLOBAL HIGH INCOME FUND INC.,NYSE,sec,western asset global high income fund
RICK,"RCI HOSPITALITY HOLDINGS, INC.",Nasdaq,sec,rci hospitality
PMTS,CPI Card Group Inc.,Nasdaq,sec,cpi card
IMDX,Insight Molecular Diagnostics Inc.,Nasdaq,sec,insight molecular diagnostics
MPV,BARINGS PARTICIPATION INVESTORS,NYSE,sec,barings participation investors
VERI,"Veritone, Inc.",Nasdaq,sec,veritone
TRAK,"ReposiTrak, Inc.",NYSE,sec,repositrak
RNAC,"Cartesian Therapeutics, Inc.",Nasdaq,sec,cartesian therapeutics
PONO,"Pono Capital Four, Inc.",Nasdaq,sec,pono capital four
ESP,ESPEY MFG & ELECTRONICS CORP,NYSE,sec,espey mfg electronics
ELME,Elme Communities,NYSE,sec,elme communities
FF,FutureFuel Corp.,NYSE,sec,futurefuel
DTIL,PRECISION BIOSCIENCES INC,Nasdaq,sec,precision biosciences
MIST,Milestone Pharmaceuticals Inc.,Nasdaq,sec,milestone pharmaceuticals
FLX,BingEx Ltd,Nasdaq,sec,bingex
CFBK,CF BANKSHARES INC.,Nasdaq,sec,cf bankshares
RFIL,R F INDUSTRIES LTD,Nasdaq,sec,r f industries
SGC,"SUPERIOR GROUP OF COMPANIES, INC.",Nasdaq,sec,superior of companies
AMBR,Amber International Holding Ltd,Nasdaq,sec,amber international
TMCI,"TREACE MEDICAL CONCEPTS, INC.",Nasdaq,sec,treace medical concepts
BNR,Burning Rock Biotech Ltd,Nasdaq,sec,burning rock biotech
TLSA,Tiziana Life Sciences Ltd,Nasdaq,sec,tiziana life sciences
RBKB,"Rhinebeck Bancorp, Inc.",Nasdaq,sec,rhinebeck bancorp
NFE,New Fortress Energy Inc.,Nasdaq,sec,new fortress energy
CBFV,"CB Financial Services, Inc.",Nasdaq,sec,cb financial services
ORMP,ORAMED PHARMACEUTICALS INC.,Nasdaq,sec,oramed pharmaceuticals
ELTX,"Elicio Therapeutics, Inc.",Nasdaq,sec,elicio therapeutics
EARN,Ellington Credit Co,NYSE,sec,ellington credit
CHEC,Chenghe Acquisition III Co.,Nasdaq,sec,chenghe acquisition iii
INGN,Inogen Inc,Nasdaq,sec,inogen
GGT,GABELLI MULTIMEDIA TRUST INC.,NYSE,sec,gabelli multimedia trust
DHF,BNY MELLON HIGH YIELD STRATEGIES FUND,NYSE,sec,bny mellon high yield strategies fund
NUTR,NUSATRIP Inc,Nasdaq,sec,nusatrip
LCUT,"LIFETIME BRANDS, INC",Nasdaq,sec,lifetime brands
FLC,FLAHERTY & CRUMRINE TOTAL RETURN FUND INC,NYSE,sec,flaherty crumrine total return fund
CSBB,"CSB Bancorp, Inc.",OTC,sec,csb bancorp
EBMT,"Eagle Bancorp Montana, Inc.",Nasdaq,sec,eagle bancorp montana
USBC,"USBC, Inc.",NYSE,sec,usbc
JILL,"J.Jill, Inc.",NYSE,sec,j jill
NXPGY,Mobico Group PLC/ADR,OTC,sec,mobico
LAWR,"Robot Consulting Co., Ltd.",Nasdaq,sec,robot consulting
EMBC,Embecta Corp.,Nasdaq,sec,embecta
TGLO,THEGLOBE COM INC,OTC,sec,theglobe com
BSL,Blackstone Senior Floating Rate 2027 Term Fund,NYSE,sec,blackstone senior floating rate 2027 term fund
GPRO,"GoPro, Inc.",Nasdaq,sec,gopro
MRT,"Marti Technologies, Inc.",NYSE,sec,marti technologies
TNYA,"Tenaya Therapeutics, Inc.",Nasdaq,sec,tenaya therapeutics
ECF,ELLSWORTH GROWTH & INCOME FUND LTD,NYSE,sec,ellsworth growth income fund
BVFL,"BV Financial, Inc.",Nasdaq,sec,bv financial
WTF,Waton Financial Ltd,Nasdaq,sec,waton financial
RVLGF,Revival Gold Inc.,OTC,sec,revival gold
RANG,Range Capital Acquisition Corp.,Nasdaq,sec,range capital acquisition
ENLV,Enlivex Ltd.,Nasdaq,sec,enlivex
EPM,EVOLUTION PETROLEUM CORP,NYSE,sec,evolution petroleum
FCCN,SPECTRAL CAPITAL Corp,OTC,sec,spectral capital
CTW,CTW Cayman,Nasdaq,sec,ctw cayman
CRBP,"Corbus Pharmaceuticals Holdings, Inc.",Nasdaq,sec,corbus pharmaceuticals
DERM,Journey Medical Corp,Nasdaq,sec,journey medical
KPTI,Karyopharm Therapeutics Inc.,Nasdaq,sec,karyopharm therapeutics
TAVI,Tavia Acquisition Corp.,Nasdaq,sec,tavia acquisition
BMBN,BENCHMARK BANKSHARES INC,OTC,sec,benchmark bankshares
STXS,"Stereotaxis, Inc.",NYSE,sec,stereotaxis
PERF,Perfect Corp.,NYSE,sec,perfect
VBF,Invesco Bond Fund,NYSE,sec,invesco bond fund
BCAC,Brookline Capital Acquisition Corp II,None,sec,brookline capital acquisition ii
AGMRF,"Silver Mountain Resources, Inc.",OTC,sec,silver mountain resources
HQI,"HireQuest, Inc.",Nasdaq,sec,hirequest
ONEW,OneWater Marine Inc.,Nasdaq,sec,onewater marine
FGFH,FORESIGHT FINANCIAL GROUP INC,OTC,sec,foresight financial
LARK,LANDMARK BANCORP INC,Nasdaq,sec,landmark bancorp
NLOP,Net Lease Office Properties,NYSE,sec,net lease office properties
WALD,Waldencast plc,Nasdaq,sec,waldencast
YRD,Yiren Digital Ltd.,NYSE,sec,yiren digital
APYX,Apyx Medical Corp,Nasdaq,sec,apyx medical
KULR,"KULR Technology Group, Inc.",NYSE,sec,kulr technology
BCBP,BCB BANCORP INC,Nasdaq,sec,bcb bancorp
ZJK,"ZJK Industrial Co., Ltd.",Nasdaq,sec,zjk industrial
UTGN,UTG INC,OTC,sec,utg
EDF,Virtus Stone Harbor Emerging Markets Income Fund,NYSE,sec,virtus stone harbor emerging markets income fund
ONL,Orion Properties Inc.,NYSE,sec,orion properties
MENS,Jyong Biotech Ltd.,Nasdaq,sec,jyong biotech
DOMO,"DOMO, INC.",Nasdaq,sec,domo
TCX,TUCOWS INC /PA/,Nasdaq,sec,tucows pa
RENEF,Cartesian Growth Corp II,OTC,sec,cartesian growth ii
VATE,INNOVATE Corp.,NYSE,sec,innovate
FREVS,"FIRST REAL ESTATE INVESTMENT TRUST OF NEW JERSEY, INC.",OTC,sec,first real estate investment trust of new jersey
LFCR,"LIFECORE BIOMEDICAL, INC. DE",Nasdaq,sec,lifecore biomedical de
CHCI,"Comstock Holding Companies, Inc.",Nasdaq,sec,comstock companies
FOA,Finance of America Companies Inc.,NYSE,sec,finance of america companies
ANTX,"AN2 Therapeutics, Inc.",Nasdaq,sec,an2 therapeutics
NMP,NMP Acquisition Corp.,Nasdaq,sec,nmp acquisition
PCQ,PIMCO CALIFORNIA MUNICIPAL INCOME FUND,NYSE,sec,pimco california municipal income fund
TBI,"TrueBlue, Inc.",NYSE,sec,trueblue
BRR,"ProCap Financial, Inc.",Nasdaq,sec,procap financial
CPKF,CHESAPEAKE FINANCIAL SHARES INC,OTC,sec,chesapeake financial shares
ZPTA,"Zapata Quantum, Inc.",OTC,sec,zapata quantum
NAZ,NUVEEN ARIZONA QUALITY MUNICIPAL INCOME FUND,NYSE,sec,nuveen arizona quality municipal income fund
HNVR,"Hanover Bancorp, Inc. /MD",Nasdaq,sec,hanover bancorp md
COE,51Talk Online Education Group,NYSE,sec,51talk online education
CVGI,"Commercial Vehicle Group, Inc.",Nasdaq,sec,commercial vehicle
EDAP,EDAP TMS SA,Nasdaq,sec,edap tms sa
GIG,GigCapital7 Corp.,Nasdaq,sec,gigcapital7
TAYD,"TAYLOR DEVICES, INC.",Nasdaq,sec,taylor devices
KORE,"KORE Group Holdings, Inc.",NYSE,sec,kore
NPWR,NET Power Inc.,NYSE,sec,net power
DIBS,"1stdibs.com, Inc.",Nasdaq,sec,1stdibs com
HRTX,"HERON THERAPEUTICS, INC. /DE/",Nasdaq,sec,heron therapeutics de
OWLT,"Owlet, Inc.",NYSE,sec,owlet
TGEN,TECOGEN INC.,NYSE,sec,tecogen
HYDTF,Hydreight Technologies Inc.,OTC,sec,hydreight technologies
ACU,ACME UNITED CORP,NYSE,sec,acme united
BDTX,"Black Diamond Therapeutics, Inc.",Nasdaq,sec,black diamond therapeutics
NCI,Neo-Concept International Group Holdings Ltd,Nasdaq,sec,neo concept international
MNSB,"MainStreet Bancshares, Inc.",Nasdaq,sec,mainstreet bancshares
CVRX,"CVRx, Inc.",Nasdaq,sec,cvrx
EMIS,Emmis Acquisition Corp.,Nasdaq,sec,emmis acquisition
ZHJD,Intelligent Hotel Group Ltd.,OTC,sec,intelligent hotel
WENC,West Enclave Merger Corp.,NYSE,sec,west enclave merger
CURI,CuriosityStream Inc.,Nasdaq,sec,curiositystream
QRED,QuasarEdge Acquisition Corp,NYSE,sec,quasaredge acquisition
LKSP,Lake Superior Acquisition Corp,Nasdaq,sec,lake superior acquisition
DHX,"DHI GROUP, INC.",NYSE,sec,dhi
IMUX,"IMMUNIC, INC.",Nasdaq,sec,immunic
WHF,"WhiteHorse Finance, Inc.",Nasdaq,sec,whitehorse finance
RCMT,"RCM TECHNOLOGIES, INC.",Nasdaq,sec,rcm technologies
RYDE,Ryde Group Ltd,NYSE,sec,ryde
ECBK,"ECB Bancorp, Inc. /MD/",Nasdaq,sec,ecb bancorp md
NNY,NUVEEN NEW YORK MUNICIPAL VALUE FUND,NYSE,sec,nuveen new york municipal value fund
AMEGF,American Eagle Gold Corp.,OTC,sec,american eagle gold
GLED,GalaxyEdge Acquisition Corp,NYSE,sec,galaxyedge acquisition
THRY,"Thryv Holdings, Inc.",Nasdaq,sec,thryv
LAFA,LaFayette Acquisition Corp.,Nasdaq,sec,lafayette acquisition
AXREF,AMARC RESOURCES LTD,OTC,sec,amarc resources
SHIM,Shimmick Corp,Nasdaq,sec,shimmick
MX,MAGNACHIP SEMICONDUCTOR Corp,NYSE,sec,magnachip semiconductor
VTN,Invesco Trust for Investment Grade New York Municipals,NYSE,sec,invesco trust for investment grade new york municipals
BMN,BlackRock 2037 Municipal Target Term Trust,NYSE,sec,blackrock 2037 municipal target term trust
CMCM,Cheetah Mobile Inc.,NYSE,sec,cheetah mobile
SPEG,Silver Pegasus Acquisition Corp.,Nasdaq,sec,silver pegasus acquisition
HURA,"TuHURA Biosciences, Inc./NV",Nasdaq,sec,tuhura biosciences nv
HTLM,HomesToLife Ltd,Nasdaq,sec,homestolife
WPAC,White Pearl Acquisition Corp.,NYSE,sec,white pearl acquisition
STLRF,STLLR Gold Inc.,OTC,sec,stllr gold
TETOF,Tectonic Metals Inc.,OTC,sec,tectonic metals
ABOS,"Acumen Pharmaceuticals, Inc.",Nasdaq,sec,acumen pharmaceuticals
GLQ,Clough Global Equity Fund,NYSE,sec,clough global equity fund
SSVFF,SOUTHERN SILVER EXPLORATION CORP,OTC,sec,southern silver exploration
MHF,WESTERN ASSET MUNICIPAL HIGH INCOME FUND INC.,NYSE,sec,western asset municipal high income fund
TUSK,"MAMMOTH ENERGY SERVICES, INC.",Nasdaq,sec,mammoth energy services
GRO,Brazil Potash Corp.,NYSE,sec,brazil potash
SMID,SMITH MIDLAND CORP,Nasdaq,sec,smith midland
PLX,"Protalix BioTherapeutics, Inc.",NYSE,sec,protalix biotherapeutics
AMTX,"AEMETIS, INC",Nasdaq,sec,aemetis
ASRT,"Assertio Holdings, Inc.",Nasdaq,sec,assertio
WHG,WESTWOOD HOLDINGS GROUP INC,NYSE,sec,westwood
INAC,Indigo Acquisition Corp.,Nasdaq,sec,indigo acquisition
LMED,LataMed AI Corp.,OTC,sec,latamed ai
PIM,PUTNAM MASTER INTERMEDIATE INCOME TRUST,NYSE,sec,putnam master intermediate income trust
PRQR,ProQR Therapeutics N.V.,Nasdaq,sec,proqr therapeutics n v
EMYB,"Embassy Bancorp, Inc.",OTC,sec,embassy bancorp
TORO,TORO CORP.,Nasdaq,sec,toro
INVZ,Innoviz Technologies Ltd.,Nasdaq,sec,innoviz technologies
DOUG,Douglas Elliman Inc.,NYSE,sec,douglas elliman
SPRO,"Spero Therapeutics, Inc.",Nasdaq,sec,spero therapeutics
CEPS,"Cantor Equity Partners VI, Inc.",Nasdaq,sec,cantor equity partners vi
CHPT,"ChargePoint Holdings, Inc.",NYSE,sec,chargepoint
YCY,AA Mission Acquisition Corp. II,NYSE,sec,aa mission acquisition ii
FGPR,FERRELLGAS PARTNERS L P,OTC,sec,ferrellgas partners l p
COOK,"Traeger, Inc.",NYSE,sec,traeger
LGCY,Legacy Education Inc.,NYSE,sec,legacy education
IGA,Voya Global Advantage & Premium Opportunity Fund,NYSE,sec,voya global advantage premium opportunity fund
SPWR,SunPower Inc.,Nasdaq,sec,sunpower
BZUN,Baozun Inc.,Nasdaq,sec,baozun
PEVM,PHOENIX MOTOR INC.,OTC,sec,phoenix motor
RDZN,Roadzen Inc.,Nasdaq,sec,roadzen
VXRT,"Vaxart, Inc.",OTC,sec,vaxart
FRD,FRIEDMAN INDUSTRIES INC,Nasdaq,sec,friedman industries
RGP,"RESOURCES CONNECTION, INC.",Nasdaq,sec,resources connection
XFLH,XFLH Capital Corp,NYSE,sec,xflh capital
KBLB,"Kraig Biocraft Laboratories, Inc.",OTC,sec,kraig biocraft laboratories
SPE,"SPECIAL OPPORTUNITIES FUND, INC.",NYSE,sec,special opportunities fund
SKYX,SKYX Platforms Corp.,Nasdaq,sec,skyx platforms
OGI,ORGANIGRAM GLOBAL INC.,Nasdaq,sec,organigram global
PFD,FLAHERTY & CRUMRINE PREFERRED & INCOME FUND INC,NYSE,sec,flaherty crumrine preferred income fund
MSD,MORGAN STANLEY EMERGING MARKETS DEBT FUND INC,NYSE,sec,morgan stanley emerging markets debt fund
FGBI,"First Guaranty Bancshares, Inc.",Nasdaq,sec,first guaranty bancshares
APGOF,Apollo Silver Corp,OTC,sec,apollo silver
NRDY,Nerdy Inc.,NYSE,sec,nerdy
MSLE,Satellos Bioscience Inc.,Nasdaq,sec,satellos bioscience
TRAD,APEX Tech Acquisition Inc.,NYSE,sec,apex tech acquisition
CRDL,Cardiol Therapeutics Inc.,Nasdaq,sec,cardiol therapeutics
USGO,U.S. GoldMining Inc.,Nasdaq,sec,u s goldmining
PLYX,"Polaryx Therapeutics, Inc.",Nasdaq,sec,polaryx therapeutics
CAAS,"China Automotive Systems, Inc.",Nasdaq,sec,china automotive systems
ANNA,"AleAnna, Inc.",Nasdaq,sec,aleanna
RAIL,"FreightCar America, Inc.",Nasdaq,sec,freightcar america
FNWD,Finward Bancorp,Nasdaq,sec,finward bancorp
ENBP,ENB Financial Corp,OTC,sec,enb financial
BHAV,BHAV Acquisition Corp,Nasdaq,sec,bhav acquisition
BRCB,"Black Rock Coffee Bar, Inc.",Nasdaq,sec,black rock coffee bar
MPA,BLACKROCK MUNIYIELD PENNSYLVANIA QUALITY FUND,NYSE,sec,blackrock muniyield pennsylvania quality fund
VTVT,vTv Therapeutics Inc.,Nasdaq,sec,vtv therapeutics
DOYU,DouYu International Holdings Ltd,Nasdaq,sec,douyu international
SNWV,"SANUWAVE Health, Inc.",Nasdaq,sec,sanuwave health
EMPG,Empro Group Inc.,Nasdaq,sec,empro
AGXPF,SILVER X MINING CORP.,OTC,sec,silver x mining
NTHI,"NEONC TECHNOLOGIES HOLDINGS, INC.",Nasdaq,sec,neonc technologies
ACR,ACRES Commercial Realty Corp.,NYSE,sec,acres commercial realty
BCV,BANCROFT FUND LTD,NYSE,sec,bancroft fund
MRDN,Meridian Holdings Inc./NV,Nasdaq,sec,meridian nv
BOOM,DMC Global Inc.,Nasdaq,sec,dmc global
DLNG,Dynagas LNG Partners LP,NYSE,sec,dynagas lng partners lp
EVG,Eaton Vance Short Duration Diversified Income Fund,NYSE,sec,eaton vance short duration diversified income fund
HYSR,"SUNHYDROGEN, INC.",OTC,sec,sunhydrogen
PNBK,PATRIOT NATIONAL BANCORP INC,Nasdaq,sec,patriot national bancorp
BDSX,BIODESIX INC,Nasdaq,sec,biodesix
MOLN,MOLECULAR PARTNERS AG,Nasdaq,sec,molecular partners ag
MED,MEDIFAST INC,NYSE,sec,medifast
HYPR,"Hyperfine, Inc.",Nasdaq,sec,hyperfine
VLTLF,Volt Lithium Corp.,OTC,sec,volt lithium
SLBK,"Skyline Bankshares, Inc.",OTC,sec,skyline bankshares
PLBY,"Playboy, Inc.",Nasdaq,sec,playboy
SAFX,"XCF Global, Inc.",Nasdaq,sec,xcf global
HEQ,John Hancock Diversified Income Fund,NYSE,sec,john hancock diversified income fund
RMBI,"Richmond Mutual Bancorporation, Inc.",Nasdaq,sec,richmond mutual bancorporation
KZIA,KAZIA THERAPEUTICS LTD,Nasdaq,sec,kazia therapeutics
GLAI,"Global AI, Inc.",OTC,sec,global ai
TRT,TRIO-TECH INTERNATIONAL,NYSE,sec,trio tech international
BGX,Blackstone Long-Short Credit Income Fund,NYSE,sec,blackstone long short credit income fund
RFAM,RF Acquisition Corp III,Nasdaq,sec,rf acquisition iii
CIK,"CREDIT SUISSE ASSET MANAGEMENT INCOME FUND, INC.",NYSE,sec,credit suisse asset management income fund
GALT,GALECTIN THERAPEUTICS INC,Nasdaq,sec,galectin therapeutics
UAC,United Acquisition Corp. I,NYSE,sec,united acquisition i
AFBI,"Affinity Bancshares, Inc.",Nasdaq,sec,affinity bancshares
PAL,"Proficient Auto Logistics, Inc",Nasdaq,sec,proficient auto logistics
LQMT,LIQUIDMETAL TECHNOLOGIES INC,OTC,sec,liquidmetal technologies
SCPQ,Social Commerce Partners Corp,Nasdaq,sec,social commerce partners
TTRX,Turn Therapeutics Inc.,Nasdaq,sec,turn therapeutics
EMPD,Empery Digital Inc.,Nasdaq,sec,empery digital
HERE,Here Group Ltd,Nasdaq,sec,here
SBFG,"SB FINANCIAL GROUP, INC.",Nasdaq,sec,sb financial
ZEPP,Zepp Health Corp,NYSE,sec,zepp health
HYI,Western Asset High Yield Opportunity Fund Inc.,NYSE,sec,western asset high yield opportunity fund
CEE,"CENTRAL & EASTERN EUROPE FUND, INC.",NYSE,sec,central eastern europe fund
GRX,Gabelli Healthcare & WellnessRx Trust,NYSE,sec,gabelli healthcare wellnessrx trust
JMG,JM Group Ltd,NYSE,sec,jm
DWSN,DAWSON GEOPHYSICAL CO,Nasdaq,sec,dawson geophysical
HOFT,HOOKER FURNISHINGS Corp,Nasdaq,sec,hooker furnishings
SRBK,"SR Bancorp, Inc.",Nasdaq,sec,sr bancorp
LMRXF,LARAMIDE RESOURCES LTD,OTC,sec,laramide resources
OKUR,"OnKure Therapeutics, Inc.",Nasdaq,sec,onkure therapeutics
TLYS,"TILLY'S, INC.",NYSE,sec,tilly s
TYFG,"Tri-County Financial Group, Inc.",OTC,sec,tri county financial
KRRO,"Korro Bio, Inc.",Nasdaq,sec,korro bio
FTCO,Fortitude Gold Corp,OTC,sec,fortitude gold
SRG,Seritage Growth Properties,NYSE,sec,seritage growth properties
AFJK,"Aimei Health Technology Co., Ltd.",Nasdaq,sec,aimei health technology
BWG,BrandywineGLOBAL-Global Income Opportunities Fund Inc,NYSE,sec,brandywineglobal global income opportunities fund
SPAUF,SPANISH MOUNTAIN GOLD LTD.,OTC,sec,spanish mountain gold
WRIV,WHITE RIVER BANCSHARES CO,OTC,sec,white river bancshares
BEOB,BEO BANCORP,OTC,sec,beo bancorp
GCUMF,Gunnison Copper Corp.,OTC,sec,gunnison copper
FORR,"FORRESTER RESEARCH, INC.",Nasdaq,sec,forrester research
AXR,AMREP CORP.,NYSE,sec,amrep
KTGDF,K2 Gold Corp,OTC,sec,k2 gold
DFDV,DeFi Development Corp.,Nasdaq,sec,defi development
GNT,"GAMCO Natural Resources, Gold & Income Trust",NYSE,sec,gamco natural resources gold income trust
SPRB,"SPRUCE BIOSCIENCES, INC.",Nasdaq,sec,spruce biosciences
CURV,Torrid Holdings Inc.,NYSE,sec,torrid
AMWL,American Well Corp,NYSE,sec,american well
GUTS,"FRACTYL HEALTH, INC.",Nasdaq,sec,fractyl health
NVX,NOVONIX Ltd,Nasdaq,sec,novonix
CLPR,Clipper Realty Inc.,NYSE,sec,clipper realty
RCEL,"AVITA Medical, Inc.",Nasdaq,sec,avita medical
NXXT,"NEXTNRG, INC.",Nasdaq,sec,nextnrg
BNAI,Brand Engagement Network Inc.,Nasdaq,sec,brand engagement network
AGEN,AGENUS INC,Nasdaq,sec,agenus
CGO,CALAMOS GLOBAL TOTAL RETURN FUND,Nasdaq,sec,calamos global total return fund
WPGCF,West Point Gold Corp.,OTC,sec,west point gold
GOAI,Eva Live Inc,Nasdaq,sec,eva live
JHS,JOHN HANCOCK INCOME SECURITIES TRUST,NYSE,sec,john hancock income securities trust
ACNT,ASCENT INDUSTRIES CO.,Nasdaq,sec,ascent industries
FPRGF,Falco Resources Ltd.,OTC,sec,falco resources
HOVR,New Horizon Aircraft Ltd.,Nasdaq,sec,new horizon aircraft
IHD,Voya Emerging Markets High Dividend Equity Fund,NYSE,sec,voya emerging markets high dividend equity fund
DMO,Western Asset Mortgage Opportunity Fund Inc.,NYSE,sec,western asset mortgage opportunity fund
ACOG,Alpha Cognition Inc.,Nasdaq,sec,alpha cognition
HSDT,Solana Co,Nasdaq,sec,solana
GNLX,GENELUX Corp,Nasdaq,sec,genelux
CODA,"Coda Octopus Group, Inc.",Nasdaq,sec,coda octopus
ATLX,Atlas Lithium Corp,Nasdaq,sec,atlas lithium
WATT,Energous Corp,Nasdaq,sec,energous
BDCTF,BuildDirect.com Technologies Inc.,OTC,sec,builddirect com technologies
IPEX,Inflection Point Acquisition Corp. V,Nasdaq,sec,inflection point acquisition v
LSBK,"Lake Shore Bancorp, Inc. /MD/",Nasdaq,sec,lake shore bancorp md
JYNT,JOINT Corp,Nasdaq,sec,joint
RMMZ,"RiverNorth Managed Duration Municipal Income Fund II, Inc.",NYSE,sec,rivernorth managed duration municipal income fund ii
GHI,Greystone Housing Impact Investors LP,NYSE,sec,greystone housing impact investors lp
SANG,Sangoma Technologies Corp,Nasdaq,sec,sangoma technologies
CNTB,Connect Biopharma Holdings Ltd,Nasdaq,sec,connect biopharma
EML,EASTERN CO,Nasdaq,sec,eastern
ISPR,Ispire Technology Inc.,Nasdaq,sec,ispire technology
PCSC,Perceptive Capital Solutions Corp,Nasdaq,sec,perceptive capital solutions
WEA,WESTERN ASSET PREMIER BOND FUND,NYSE,sec,western asset premier bond fund
PHD,"Pioneer Floating Rate Fund, Inc.",None,sec,pioneer floating rate fund
NMT,NUVEEN MASSACHUSETTS QUALITY MUNICIPAL INCOME FUND,NYSE,sec,nuveen massachusetts quality municipal income fund
JELD,"JELD-WEN Holding, Inc.",NYSE,sec,jeld wen
NYXH,Nyxoah SA,Nasdaq,sec,nyxoah sa
MCN,XAI Madison Equity Premium Income Fund,NYSE,sec,xai madison equity premium income fund
VFL,abrdn National Municipal Income Fund,NYSE,sec,abrdn national municipal income fund
BRLT,"Brilliant Earth Group, Inc.",Nasdaq,sec,brilliant earth
BSET,BASSETT FURNITURE INDUSTRIES INC,Nasdaq,sec,bassett furniture industries
IAF,"ABRDN AUSTRALIA EQUITY FUND, INC.",NYSE,sec,abrdn australia equity fund
SKLZ,Skillz Inc.,NYSE,sec,skillz
OXSQ,Oxford Square Capital Corp.,Nasdaq,sec,oxford square capital
PYXS,"Pyxis Oncology, Inc.",Nasdaq,sec,pyxis oncology
NMI,NUVEEN MUNICIPAL INCOME FUND INC,NYSE,sec,nuveen municipal income fund
FMBM,F&M BANK CORP,OTC,sec,f m bank
SCTSF,Scottie Resources Corp.,OTC,sec,scottie resources
LUD,Luda Technology Group Ltd,NYSE,sec,luda technology
NNOX,Nano-X Imaging Ltd.,Nasdaq,sec,nano x imaging
CRDF,"Cardiff Oncology, Inc.",Nasdaq,sec,cardiff oncology
AIFC,AI Financial Corp,Nasdaq,sec,ai financial
DLTH,DULUTH HOLDINGS INC.,Nasdaq,sec,duluth
SUIG,SUI Group Holdings Ltd.,Nasdaq,sec,sui
ALPS,Alps Group Inc,Nasdaq,sec,alps
QSEA,Quartzsea Acquisition Corp,Nasdaq,sec,quartzsea acquisition
NAKA,Nakamoto Inc.,Nasdaq,sec,nakamoto
FONR,FONAR CORP,Nasdaq,sec,fonar
GLND,Greenland Energy Co,Nasdaq,sec,greenland energy
TTEC,"TTEC Holdings, Inc.",Nasdaq,sec,ttec
QTRX,Quanterix Corp,Nasdaq,sec,quanterix
VWAV,"VisionWave Holdings, Inc.",Nasdaq,sec,visionwave
PFO,Flaherty & Crumrine PREFERRED & INCOME OPPORTUNITY FUND INC,NYSE,sec,flaherty crumrine preferred income opportunity fund
FKYS,FIRST KEYSTONE CORP,OTC,sec,first keystone
GGZ,Gabelli Global Small & Mid Cap Value Trust,NYSE,sec,gabelli global small mid cap value trust
CHAR,Charlton Aria Acquisition Corp,Nasdaq,sec,charlton aria acquisition
NNBR,NN INC,Nasdaq,sec,nn
PSIG,PS International Group Ltd.,Nasdaq,sec,ps international
HYNE,"Hoyne Bancorp, Inc.",Nasdaq,sec,hoyne bancorp
NICM,NICOLA MINING INC.,Nasdaq,sec,nicola mining
CHGG,"CHEGG, INC",NYSE,sec,chegg
BNC,CEA Industries Inc.,Nasdaq,sec,cea industries
QUMS,Quantumsphere Acquisition Corp,Nasdaq,sec,quantumsphere acquisition
MBOT,Microbot Medical Inc.,Nasdaq,sec,microbot medical
PGAC,PANTAGES CAPITAL ACQUISITION Corp,Nasdaq,sec,pantages capital acquisition
CYPH,CYPHERPUNK TECHNOLOGIES INC.,Nasdaq,sec,cypherpunk technologies
GHG,GreenTree Hospitality Group Ltd.,NYSE,sec,greentree hospitality
UNIB,UNIVERSITY BANCORP INC /DE/,OTC,sec,university bancorp de
BUDA,"BUDA JUICE, INC.",NYSE,sec,buda juice
CXE,MFS HIGH INCOME MUNICIPAL TRUST,NYSE,sec,mfs high income municipal trust
GLU,GABELLI GLOBAL UTILITY & INCOME TRUST,NYSE,sec,gabelli global utility income trust
BYRN,Byrna Technologies Inc.,Nasdaq,sec,byrna technologies
RENT,"Rent the Runway, Inc.",Nasdaq,sec,rent runway
PAI,Western Asset Investment Grade Income Fund Inc.,NYSE,sec,western asset investment grade income fund
PZG,Paramount Gold Nevada Corp.,NYSE,sec,paramount gold nevada
JHI,JOHN HANCOCK INVESTORS TRUST,NYSE,sec,john hancock investors trust
NIM,NUVEEN SELECT MATURITIES MUNICIPAL FUND,NYSE,sec,nuveen select maturities municipal fund
NCAUF,Newcore Gold Ltd.,OTC,sec,newcore gold
UTKN,Universal Token,OTC,sec,universal token
ARBE,Arbe Robotics Ltd.,Nasdaq,sec,arbe robotics
SIF,SIFCO INDUSTRIES INC,NYSE,sec,sifco industries
KGFMF,Kingfisher Metals Corp.,OTC,sec,kingfisher metals
RPMT,"REGO PAYMENT ARCHITECTURES, INC.",OTC,sec,rego payment architectures
WSBK,"Winchester Bancorp, Inc./MD/",Nasdaq,sec,winchester bancorp md
MB,MASTERBEEF GROUP,Nasdaq,sec,masterbeef
NCSM,"NCS Multistage Holdings, Inc.",Nasdaq,sec,ncs multistage
LNZA,"LanzaTech Global, Inc.",Nasdaq,sec,lanzatech global
QMCO,QUANTUM CORP /DE/,Nasdaq,sec,quantum de
MGYR,"Magyar Bancorp, Inc.",Nasdaq,sec,magyar bancorp
TNYZF,Tiny Ltd.,OTC,sec,tiny
RVSB,RIVERVIEW BANCORP INC,Nasdaq,sec,riverview bancorp
VTIX,Virtuix Holdings Inc.,Nasdaq,sec,virtuix
KLRS,"Kalaris Therapeutics, Inc.",Nasdaq,sec,kalaris therapeutics
EQ,"Equillium, Inc.",Nasdaq,sec,equillium
TEAD,Teads Holding Co.,Nasdaq,sec,teads
RPT,Rithm Property Trust Inc.,NYSE,sec,rithm property trust
SRFM,SURF AIR MOBILITY INC.,NYSE,sec,surf air mobility
MXCT,"MAXCYTE, INC.",Nasdaq,sec,maxcyte
AOUT,"American Outdoor Brands, Inc.",Nasdaq,sec,american outdoor brands
RANI,"Rani Therapeutics Holdings, Inc.",Nasdaq,sec,rani therapeutics
FURY,FURY GOLD MINES LTD,NYSE,sec,fury gold mines
KEQU,KEWAUNEE SCIENTIFIC CORP /DE/,Nasdaq,sec,kewaunee scientific de
CCNB,"Coastal Carolina Bancshares, Inc.",OTC,sec,coastal carolina bancshares
CMTL,COMTECH TELECOMMUNICATIONS CORP /DE/,Nasdaq,sec,comtech telecommunications de
NIPG,NIP Group Inc.,Nasdaq,sec,nip
NXTT,Next Technology Holding Inc.,Nasdaq,sec,next technology
NRXP,"NRX Pharmaceuticals, Inc.",Nasdaq,sec,nrx pharmaceuticals
ZEO,Zeo Energy Corp.,Nasdaq,sec,zeo energy
FTZFF,Fitzroy Minerals Inc.,OTC,sec,fitzroy minerals
EXFY,"Expensify, Inc.",Nasdaq,sec,expensify
SBI,WESTERN ASSET INTERMEDIATE MUNI FUND INC.,NYSE,sec,western asset intermediate muni fund
ARQ,"Arq, Inc.",Nasdaq,sec,arq
UNB,UNION BANKSHARES INC,Nasdaq,sec,union bankshares
LGCXF,Lahontan Gold Corp.,OTC,sec,lahontan gold
BSBK,Bogota Financial Corp.,Nasdaq,sec,bogota financial
NZAUF,Rua Gold Inc.,OTC,sec,rua gold
SUNS,"Sunrise Realty Trust, Inc.",Nasdaq,sec,sunrise realty trust
TSQ,"Townsquare Media, Inc.",NYSE,sec,townsquare media
PODC,"PodcastOne, Inc.",Nasdaq,sec,podcastone
COYA,"Coya Therapeutics, Inc.",Nasdaq,sec,coya therapeutics
HFFG,HF Foods Group Inc.,Nasdaq,sec,hf foods
ALOT,"AstroNova, Inc.",Nasdaq,sec,astronova
CLAR,Clarus Corp,Nasdaq,sec,clarus
AKA,A.K.A. BRANDS HOLDING CORP.,NYSE,sec,a k a brands
FGMC,FG Merger II Corp.,Nasdaq,sec,fg merger ii
VHUB,"VenHub Global, Inc.",Nasdaq,sec,venhub global
PROV,PROVIDENT FINANCIAL HOLDINGS INC,Nasdaq,sec,provident financial
HURC,HURCO COMPANIES INC,Nasdaq,sec,hurco companies
SMJF,SMJ International Holdings Inc.,NYSE,sec,smj international
SPKL,Spark I Acquisition Corp,Nasdaq,sec,spark i acquisition
BLNK,Blink Charging Co.,Nasdaq,sec,blink charging
DRTTF,DIRTT ENVIRONMENTAL SOLUTIONS LTD,OTC,sec,dirtt environmental solutions
CRGO,Freightos Ltd,Nasdaq,sec,freightos
GEOS,GEOSPACE TECHNOLOGIES CORP,Nasdaq,sec,geospace technologies
CBUS,"Cibus, Inc.",Nasdaq,sec,cibus
LAKE,LAKELAND INDUSTRIES INC,Nasdaq,sec,lakeland industries
EP,EMPIRE PETROLEUM CORP,NYSE,sec,empire petroleum
BMHL,Bluemount Holdings Ltd,Nasdaq,sec,bluemount
ZENA,"ZenaTech, Inc.",Nasdaq,sec,zenatech
DTI,Drilling Tools International Corp,Nasdaq,sec,drilling tools international
PCF,HIGH INCOME SECURITIES FUND,NYSE,sec,high income securities fund
TUNGF,American Tungsten Corp.,OTC,sec,american tungsten
ANPA,Rich Sparkle Holdings Ltd,Nasdaq,sec,rich sparkle
BOTJ,BANK OF THE JAMES FINANCIAL GROUP INC,Nasdaq,sec,bank of james financial
LPA,Logistic Properties of the Americas,NYSE,sec,logistic properties of americas
CHPG,ChampionsGate Acquisition Corp,Nasdaq,sec,championsgate acquisition
ATLN,ATLANTIC INTERNATIONAL CORP.,Nasdaq,sec,atlantic international
HCHL,Happy City Holdings Ltd,Nasdaq,sec,happy city
QTTB,Q32 Bio Inc.,Nasdaq,sec,q32 bio
ERH,ALLSPRING UTILITIES & HIGH INCOME FUND,NYSE,sec,allspring utilities high income fund
STHO,Star Holdings,Nasdaq,sec,star
ENGN,enGene Therapeutics Inc.,Nasdaq,sec,engene therapeutics
GDSRF,Gold Strike Resources Corp.,OTC,sec,gold strike resources
AMPG,"AmpliTech Group, Inc.",Nasdaq,sec,amplitech
RVRC,Revium Rx.,OTC,sec,revium rx
SFBC,"Sound Financial Bancorp, Inc.",Nasdaq,sec,sound financial bancorp
AMCI,AMC Robotics Corp,Nasdaq,sec,amc robotics
REKR,"Rekor Systems, Inc.",Nasdaq,sec,rekor systems
ZOMDF,Zomedica Corp.,OTC,sec,zomedica
INO,"INOVIO PHARMACEUTICALS, INC.",Nasdaq,sec,inovio pharmaceuticals
BCRD,"BlueOne Technologies, Inc.",OTC,sec,blueone technologies
JLS,Nuveen Mortgage & Income Fund/MA/,NYSE,sec,nuveen mortgage income fund ma
HFUS,"Hartford Creative Group, Inc.",OTC,sec,hartford creative
GGOXF,Galleon Gold Corp.,OTC,sec,galleon gold
ULBI,ULTRALIFE CORP,Nasdaq,sec,ultralife
NOEM,CO2 Energy Transition Corp.,Nasdaq,sec,co2 energy transition
BFGFF,GIANT MINING CORP.,None,sec,giant mining
XTGRF,XTRA-GOLD RESOURCES CORP,OTC,sec,xtra gold resources
NWPP,NEW PEOPLES BANKSHARES INC,OTC,sec,new peoples bankshares
CGTX,COGNITION THERAPEUTICS INC,Nasdaq,sec,cognition therapeutics
CFSU,Complete Financial Solutions Inc.,OTC,sec,complete financial solutions
VANI,"Vivani Medical, Inc.",Nasdaq,sec,vivani medical
FLL,FULL HOUSE RESORTS INC,Nasdaq,sec,full house resorts
NEXM,NexMetals Mining Corp.,Nasdaq,sec,nexmetals mining
WYY,WIDEPOINT CORP,NYSE,sec,widepoint
PGP,PIMCO Global StocksPLUS & Income Fund,NYSE,sec,pimco global stocksplus income fund
PFBX,PEOPLES FINANCIAL CORP /MS/,OTC,sec,peoples financial ms
BAER,"Bridger Aerospace Group Holdings, Inc.",Nasdaq,sec,bridger aerospace
MMLP,MARTIN MIDSTREAM PARTNERS L.P.,Nasdaq,sec,martin midstream partners l p
LCGMF,LION COPPER & GOLD CORP.,OTC,sec,lion copper gold
AMTD,AMTD IDEA GROUP,NYSE,sec,amtd idea
GRUSF,Grown Rogue International Inc.,OTC,sec,grown rogue international
VRDR,"VERDE RESOURCES, INC.",OTC,sec,verde resources
ALYAF,Alithya Group inc,OTC,sec,alithya
OPTN,Option Therapeutics Inc.,None,sec,option therapeutics
SCOR,"COMSCORE, INC.",Nasdaq,sec,comscore
LBCMF,Copper Giant Resources Corp.,OTC,sec,copper giant resources
ZVIA,Zevia PBC,NYSE,sec,zevia pbc
FFAI,FARADAY FUTURE INTELLIGENT ELECTRIC INC.,Nasdaq,sec,faraday future intelligent electric
OCCI,"OFS Credit Company, Inc.",Nasdaq,sec,ofs credit
LGO,Largo Inc.,Nasdaq,sec,largo
VRCA,Verrica Pharmaceuticals Inc.,Nasdaq,sec,verrica pharmaceuticals
RMI,"RiverNorth Opportunistic Municipal Income Fund, Inc.",NYSE,sec,rivernorth opportunistic municipal income fund
IGI,Western Asset Investment Grade Opportunity Trust Inc.,NYSE,sec,western asset investment grade opportunity trust
WKEY,Wisekey International Holding S.A.,Nasdaq,sec,wisekey international s a
PMN,ProMIS Neurosciences Inc.,Nasdaq,sec,promis neurosciences
PEPG,PepGen Inc.,Nasdaq,sec,pepgen
AARD,"Aardvark Therapeutics, Inc.",Nasdaq,sec,aardvark therapeutics
SIREF,Sirios Resources Inc.,OTC,sec,sirios resources
CSPI,CSP INC /MA/,Nasdaq,sec,csp ma
KG,Kestrel Group Ltd,Nasdaq,sec,kestrel
LONA,"LeonaBio, Inc.",Nasdaq,sec,leonabio
MGTE,Marblegate Capital Corp,OTC,sec,marblegate capital
INVE,"Identiv, Inc.",Nasdaq,sec,identiv
GRWG,GrowGeneration Corp.,Nasdaq,sec,growgeneration
ORRCF,OROCO RESOURCE CORP,OTC,sec,oroco resource
TZOO,TRAVELZOO,Nasdaq,sec,travelzoo
FTLF,"FITLIFE BRANDS, INC.",Nasdaq,sec,fitlife brands
MCRP,Micropolis AI Robotics,NYSE,sec,micropolis ai robotics
HCAT,"Health Catalyst, Inc.",Nasdaq,sec,health catalyst
PTHS,Pelthos Therapeutics Inc.,NYSE,sec,pelthos therapeutics
WW,"WW INTERNATIONAL, INC.",Nasdaq,sec,ww international
BCIC,BCP Investment Corp,Nasdaq,sec,bcp investment
XTRAF,Xtract One Technologies Inc.,OTC,sec,xtract one technologies
CCLD,"CareCloud, Inc.",Nasdaq,sec,carecloud
CRMT,AMERICAS CARMART INC,Nasdaq,sec,americas carmart
VIRC,VIRCO MFG CORPORATION,Nasdaq,sec,virco mfg
SRL,Scully Royalty Ltd.,NYSE,sec,scully royalty
EAXR,"Ealixir, Inc.",OTC,sec,ealixir
AAWH,"Ascend Wellness Holdings, Inc.",OTC,sec,ascend wellness
ALDX,"Aldeyra Therapeutics, Inc.",Nasdaq,sec,aldeyra therapeutics
GDL,GDL FUND,NYSE,sec,gdl fund
MGF,MFS GOVERNMENT MARKETS INCOME TRUST,NYSE,sec,mfs government markets income trust
CVVUF,CANALASKA URANIUM LTD,OTC,sec,canalaska uranium
SEER,"Seer, Inc.",Nasdaq,sec,seer
ICCC,IMMUCELL CORP /DE/,Nasdaq,sec,immucell de
LCCC,Lakeshore Acquisition III Corp.,Nasdaq,sec,lakeshore acquisition iii
VRA,"Vera Bradley, Inc.",Nasdaq,sec,vera bradley
DH,Definitive Healthcare Corp.,Nasdaq,sec,definitive healthcare
RGT,"ROYCE GLOBAL TRUST, INC.",NYSE,sec,royce global trust
BEEP,Mobile Infrastructure Corp,Nasdaq,sec,mobile infrastructure
JUSHF,Jushi Holdings Inc.,OTC,sec,jushi
RPID,"RAPID MICRO BIOSYSTEMS, INC.",Nasdaq,sec,rapid micro biosystems
CHMI,Cherry Hill Mortgage Investment Corp,NYSE,sec,cherry hill mortgage investment
PYPD,PolyPid Ltd.,Nasdaq,sec,polypid
OCC,OPTICAL CABLE CORP,Nasdaq,sec,optical cable
RFAI,RF Acquisition Corp II,Nasdaq,sec,rf acquisition ii
AEYE,AUDIOEYE INC,Nasdaq,sec,audioeye
UPXI,"UPEXI, INC.",Nasdaq,sec,upexi
OPRX,OptimizeRx Corp,Nasdaq,sec,optimizerx
ANIX,Anixa Biosciences Inc,Nasdaq,sec,anixa biosciences
SDHC,Smith Douglas Homes Corp.,NYSE,sec,smith douglas homes
RSKIA,"GEORGE RISK INDUSTRIES, INC.",OTC,sec,george risk industries
CSTAF,Constellation Acquisition Corp I,OTC,sec,constellation acquisition i
BYNO,byNordic Acquisition Corp,OTC,sec,bynordic acquisition
XGN,EXAGEN INC.,Nasdaq,sec,exagen
ONCY,ONCOLYTICS BIOTECH INC,Nasdaq,sec,oncolytics biotech
BSAI,BLUSKY AI INC.,OTC,sec,blusky ai
BYFC,BROADWAY FINANCIAL CORP DE,Nasdaq,sec,broadway financial de
ITMSF,INTERMAP TECHNOLOGIES CORP,OTC,sec,intermap technologies
NRXS,"Neuraxis, INC",NYSE,sec,neuraxis
EVF,Eaton Vance Senior Income Trust,NYSE,sec,eaton vance senior income trust
SEAT,Vivid Seats Inc.,Nasdaq,sec,vivid seats
FUSB,"FIRST US BANCSHARES, INC.",Nasdaq,sec,first us bancshares
SAMG,Silvercrest Asset Management Group Inc.,Nasdaq,sec,silvercrest asset management
AURE,Aurelion Inc.,Nasdaq,sec,aurelion
CUAUF,C3 Metals Inc.,OTC,sec,c3 metals
BMEA,"Biomea Fusion, Inc.",Nasdaq,sec,biomea fusion
BHST,BIOHARVEST SCIENCES INC.,Nasdaq,sec,bioharvest sciences
MMTX,Miluna Acquisition Corp,Nasdaq,sec,miluna acquisition
ORIQ,Origin Investment Corp I,Nasdaq,sec,origin investment i
NOBH,NOBILITY HOMES INC,OTC,sec,nobility homes
JATT,JATT II Acquisition Corp.,Nasdaq,sec,jatt ii acquisition
SEV,Aptera Motors Corp,Nasdaq,sec,aptera motors
NKGFF,Nevada King Gold Corp.,None,sec,nevada king gold
GCV,GABELLI CONVERTIBLE & INCOME SECURITIES FUND INC,NYSE,sec,gabelli convertible income securities fund
ROC,Rank One Computing Corp,Nasdaq,sec,rank one computing
RFM,"RiverNorth Flexible Municipal Income Fund, Inc.",NYSE,sec,rivernorth flexible municipal income fund
LVO,"LiveOne, Inc.",Nasdaq,sec,liveone
IAE,Voya Asia Pacific High Dividend Equity Income Fund,NYSE,sec,voya asia pacific high dividend equity income fund
SSTI,"SOUNDTHINKING, INC.",Nasdaq,sec,soundthinking
DTCX,"Datacentrex, Inc.",Nasdaq,sec,datacentrex
CRCUF,Canagold Resources Ltd.,OTC,sec,canagold resources
GNSS,Genasys Inc.,Nasdaq,sec,genasys
FMN,Federated Hermes Premier Municipal Income Fund,NYSE,sec,federated hermes premier municipal income fund
NEOV,NeoVolta Inc.,Nasdaq,sec,neovolta
CMU,MFS HIGH YIELD MUNICIPAL TRUST,NYSE,sec,mfs high yield municipal trust
IDN,"Intellicheck, Inc.",Nasdaq,sec,intellicheck
SKIN,SkinHealth Systems Inc.,Nasdaq,sec,skinhealth systems
FNWB,First Northwest Bancorp,Nasdaq,sec,first northwest bancorp
AIRG,AIRGAIN INC,Nasdaq,sec,airgain
PROP,Prairie Operating Co.,Nasdaq,sec,prairie operating
ODYS,Odysight.ai Inc.,Nasdaq,sec,odysight ai
GFLT,"GenFlat Holdings, Inc.",OTC,sec,genflat
RNTX,"Rein Therapeutics, Inc.",Nasdaq,sec,rein therapeutics
ALIS,Calisa Acquisition Corp,Nasdaq,sec,calisa acquisition
ATRA,"Atara Biotherapeutics, Inc.",Nasdaq,sec,atara biotherapeutics
PARK,"Park Dental Partners, Inc.",Nasdaq,sec,park dental partners
PBHC,"Pathfinder Bancorp, Inc.",Nasdaq,sec,pathfinder bancorp
AIIO,ROBO.AI INC.,Nasdaq,sec,robo ai
VGAS,"Verde Clean Fuels, Inc.",Nasdaq,sec,verde clean fuels
IH,iHuman Inc.,NYSE,sec,ihuman
BWEN,"BROADWIND, INC.",Nasdaq,sec,broadwind
CBKM,CONSUMERS BANCORP INC /OH/,OTC,sec,consumers bancorp oh
SLSN,"SOLESENCE, INC.",Nasdaq,sec,solesence
FBIO,"Fortress Biotech, Inc.",Nasdaq,sec,fortress biotech
OKYO,OKYO Pharma Ltd,Nasdaq,sec,okyo pharma
REDW,REDWOOD FINANCIAL INC /MN/,OTC,sec,redwood financial mn
TELO,"Telomir Pharmaceuticals, Inc.",Nasdaq,sec,telomir pharmaceuticals
GGR,Gogoro Inc.,Nasdaq,sec,gogoro
AUBN,"AUBURN NATIONAL BANCORPORATION, INC",Nasdaq,sec,auburn national bancorporation
LIDR,"AEye, Inc.",Nasdaq,sec,aeye
NUVR,"Nuvera Communications, Inc.",OTC,sec,nuvera communications
UBCP,UNITED BANCORP INC /OH/,Nasdaq,sec,united bancorp oh
CSBR,"CHAMPIONS ONCOLOGY, INC.",Nasdaq,sec,champions oncology
CPHC,Canterbury Park Holding Corp,Nasdaq,sec,canterbury park
BTCS,BTCS Inc.,Nasdaq,sec,btcs
PUSA,Aureus Greenway Holdings Inc,Nasdaq,sec,aureus greenway
CWGL,"Crimson Wine Group, Ltd",OTC,sec,crimson wine
VNJA,VANJIA CORP,OTC,sec,vanjia
SPAI,Safe Pro Group Inc.,Nasdaq,sec,safe pro
VGI,Virtus Global Multi-Sector Income Fund,NYSE,sec,virtus global multi sector income fund
CUE,"Cue Biopharma, Inc.",Nasdaq,sec,cue biopharma
STIM,"Neuronetics, Inc.",Nasdaq,sec,neuronetics
MAYS,MAYS J W INC,Nasdaq,sec,mays j w
EXOZ,EXOZYMES INC.,Nasdaq,sec,exozymes
WRAP,"WRAP TECHNOLOGIES, INC.",Nasdaq,sec,wrap technologies
FVN,Future Vision II Acquisition Corp.,Nasdaq,sec,future vision ii acquisition
HLEO,Helio Corp /FL/,OTC,sec,helio fl
UYSC,UY Scuti Acquisition Corp.,Nasdaq,sec,uy scuti acquisition
SRCRF,Scorpio Gold Corp,OTC,sec,scorpio gold
PEW,GrabAGun Digital Holdings Inc.,NYSE,sec,grabagun digital
GAMB,Gambling.com Group Ltd,Nasdaq,sec,gambling com
NCTY,The9 LTD,Nasdaq,sec,the9
CLNN,Clene Inc.,Nasdaq,sec,clene
APAC,StoneBridge Acquisition II Corp,Nasdaq,sec,stonebridge acquisition ii
BARK,"Bark, Inc.",NYSE,sec,bark
CPIX,CUMBERLAND PHARMACEUTICALS INC,Nasdaq,sec,cumberland pharmaceuticals
WSTN,Westin Acquisition Corp,Nasdaq,sec,westin acquisition
FLNT,"Fluent, Inc.",Nasdaq,sec,fluent
ZKIN,"ZK International Group Co., Ltd.",Nasdaq,sec,zk international
DIT,AMCON DISTRIBUTING CO,NYSE,sec,amcon distributing
UWHR,UWHARRIE CAPITAL CORP,OTC,sec,uwharrie capital
ATHE,ALTERITY THERAPEUTICS LTD,Nasdaq,sec,alterity therapeutics
AFCG,Advanced Flower Capital Inc.,Nasdaq,sec,advanced flower capital
SFWL,SHENGFENG DEVELOPMENT Ltd,Nasdaq,sec,shengfeng development
INTG,INTERGROUP CORP,Nasdaq,sec,intergroup
LSE,"Leishen Energy Holding Co., Ltd.",Nasdaq,sec,leishen energy
AISP,"Airship AI Holdings, Inc.",Nasdaq,sec,airship ai
GDO,WESTERN ASSET GLOBAL CORPORATE OPPORTUNITY FUND INC.,NYSE,sec,western asset global corporate opportunity fund
DLHC,DLH Holdings Corp.,Nasdaq,sec,dlh
DTF,DTF TAX-FREE INCOME 2028 TERM FUND INC,NYSE,sec,dtf tax free income 2028 term fund
GECC,Great Elm Capital Corp.,Nasdaq,sec,great elm capital
PLMJF,Plum Acquisition Corp. III,OTC,sec,plum acquisition iii
FBSI,FIRST BANCSHARES INC /MO/,OTC,sec,first bancshares mo
BSAA,BEST SPAC I Acquisition Corp.,Nasdaq,sec,best spac i acquisition
FDSB,"Fifth District Bancorp, Inc.",Nasdaq,sec,fifth district bancorp
JFB,JFB Construction Holdings,Nasdaq,sec,jfb construction
AEC,ANFIELD ENERGY INC.,Nasdaq,sec,anfield energy
HNNA,HENNESSY ADVISORS INC,Nasdaq,sec,hennessy advisors
OSTX,OS Therapies Inc,NYSE,sec,os therapies
FSEA,"First Seacoast Bancorp, Inc.",Nasdaq,sec,first seacoast bancorp
ZTEK,Zentek Ltd.,Nasdaq,sec,zentek
PFX,PhenixFIN Corp,Nasdaq,sec,phenixfin
XPL,SOLITARIO RESOURCES CORP.,NYSE,sec,solitario resources
CHUC,"Charlie's Holdings, Inc.",OTC,sec,charlie s
IXAQF,IX Acquisition Corp.,OTC,sec,ix acquisition
SSEA,STARRY SEA ACQUISITION CORP,Nasdaq,sec,starry sea acquisition
VMCAF,Valuence Merger Corp. I,OTC,sec,valuence merger i
PNI,PIMCO NEW YORK MUNICIPAL INCOME FUND II,NYSE,sec,pimco new york municipal income fund ii
SOTK,SONO TEK CORP,Nasdaq,sec,sono tek
CPSH,CPS TECHNOLOGIES CORP/DE/,Nasdaq,sec,cps technologies de
VIVO,VivoPower PLC,Nasdaq,sec,vivopower
SWZ,Total Return Securities Fund,NYSE,sec,total return securities fund
STEM,"STEM, INC.",NYSE,sec,stem
AVD,AMERICAN VANGUARD CORP,NYSE,sec,american vanguard
FSI,FLEXIBLE SOLUTIONS INTERNATIONAL INC,NYSE,sec,flexible solutions international
IPWR,Ideal Power Inc.,Nasdaq,sec,ideal power
EDVR,Endeavor Bancorp,OTC,sec,endeavor bancorp
LGCL,Lucas GC Ltd,Nasdaq,sec,lucas gc
CTOR,"CITIUS ONCOLOGY, INC.",Nasdaq,sec,citius oncology
SCTH,"Securetech Innovations, Inc.",OTC,sec,securetech innovations
SKBL,Skyline Builders Group Holding Ltd,Nasdaq,sec,skyline builders
GLV,Clough Global Dividend & Income Fund,NYSE,sec,clough global dividend income fund
FEAM,"5E Advanced Materials, Inc.",Nasdaq,sec,5e advanced materials
WTG,Wintergreen Acquisition Corp.,Nasdaq,sec,wintergreen acquisition
TMRC,Texas Mineral Resources Corp.,OTC,sec,texas mineral resources
IMTCF,Intrepid Metals Corp.,OTC,sec,intrepid metals
GENK,"GEN Restaurant Group, Inc.",Nasdaq,sec,gen restaurant
MDAI,"Spectral AI, Inc.",Nasdaq,sec,spectral ai
NMS,Nuveen Minnesota Quality Municipal Income Fund,NYSE,sec,nuveen minnesota quality municipal income fund
RLYB,Rallybio Corp,Nasdaq,sec,rallybio
AEAE,AltEnergy Acquisition Corp,OTC,sec,altenergy acquisition
NBRG,Newbridge Acquisition Ltd,Nasdaq,sec,newbridge acquisition
LEAT,Leatt Corp,OTC,sec,leatt
CWBHF,"Charlotte's Web Holdings, Inc.",OTC,sec,charlotte s web
RTGN,RetinalGenix Technologies Inc.,OTC,sec,retinalgenix technologies
NTIC,NORTHERN TECHNOLOGIES INTERNATIONAL CORP,Nasdaq,sec,northern technologies international
AREN,"Arena Group Holdings, Inc.",NYSE,sec,arena
CNDA,Concord Acquisition Corp II,OTC,sec,concord acquisition ii
STSS,Sharps Technology Inc.,Nasdaq,sec,sharps technology
BODI,"Beachbody Company, Inc.",Nasdaq,sec,beachbody
MAIA,"MAIA Biotechnology, Inc.",NYSE,sec,maia biotechnology
GMM,Global Mofy AI Ltd,Nasdaq,sec,global mofy ai
PDCC,Pearl Diver Credit Co Inc.,NYSE,sec,pearl diver credit
UFI,UNIFI INC,NYSE,sec,unifi
NAMM,Namib Minerals,Nasdaq,sec,namib minerals
IBIO,"iBio, Inc.",Nasdaq,sec,ibio
MDIA,Mediaco Holding Inc.,Nasdaq,sec,mediaco
BPAC,Blueport Acquisition Ltd,Nasdaq,sec,blueport acquisition
CPBI,"Central Plains Bancshares, Inc.",Nasdaq,sec,central plains bancshares
KLXE,"KLX Energy Services Holdings, Inc.",Nasdaq,sec,klx energy services
MHH,"Mastech Digital, Inc.",NYSE,sec,mastech digital
BRKCF,BARKSDALE RESOURCES CORP.,OTC,sec,barksdale resources
IMMP,IMMUTEP Ltd,Nasdaq,sec,immutep
TISI,TEAM INC,NYSE,sec,team
STLE,STEELE BANCORP INC,OTC,sec,steele bancorp
NORD,Nordicus Partners Corp,OTC,sec,nordicus partners
MCHX,MARCHEX INC,Nasdaq,sec,marchex
NRT,NORTH EUROPEAN OIL ROYALTY TRUST,NYSE,sec,north european oil royalty trust
OZVN,OZ VISION INC.,OTC,sec,oz vision
IOR,INCOME OPPORTUNITY REALTY INVESTORS INC /TX/,NYSE,sec,income opportunity realty investors tx
VCUFF,Vizsla Copper Corp.,OTC,sec,vizsla copper
BLNC,"Balance Labs, Inc.",OTC,sec,balance labs
XBIT,XBiotech Inc.,Nasdaq,sec,xbiotech
MCRB,"Seres Therapeutics, Inc.",Nasdaq,sec,seres therapeutics
OPTT,"Ocean Power Technologies, Inc.",NYSE,sec,ocean power technologies
OM,"Outset Medical, Inc.",Nasdaq,sec,outset medical
TWG,Top Wealth Group Holding Ltd,Nasdaq,sec,top wealth
JUVF,JUNIATA VALLEY FINANCIAL CORP,OTC,sec,juniata valley financial
OPXS,Optex Systems Holdings Inc,Nasdaq,sec,optex systems
DWNX,DELHI BANK CORP,OTC,sec,delhi bank
BRID,BRIDGFORD FOODS CORP,Nasdaq,sec,bridgford foods
PLRX,"PLIANT THERAPEUTICS, INC.",Nasdaq,sec,pliant therapeutics
HLP,Hongli Group Inc.,Nasdaq,sec,hongli
RSSS,"Research Solutions, Inc.",Nasdaq,sec,research solutions
PLCE,"Childrens Place, Inc.",Nasdaq,sec,childrens place
SIEB,SIEBERT FINANCIAL CORP,Nasdaq,sec,siebert financial
EEA,"EUROPEAN EQUITY FUND, INC / MD",NYSE,sec,european equity fund md
BSEM,BIOSTEM TECHNOLOGIES,OTC,sec,biostem technologies
ACRG,"American Clean Resources Group, Inc.",OTC,sec,american clean resources
ASPS,ALTISOURCE PORTFOLIO SOLUTIONS S.A.,Nasdaq,sec,altisource portfolio solutions s a
SLNG,"Stabilis Solutions, Inc.",Nasdaq,sec,stabilis solutions
CEV,Eaton Vance California Municipal Income Trust,NYSE,sec,eaton vance california municipal income trust
RGS,REGIS CORP,Nasdaq,sec,regis
HOUR,"Hour Loop, Inc",Nasdaq,sec,hour loop
USPCY,China Strategic Technology Group Limited/ADR,OTC,sec,china strategic technology
RFL,"Rafael Holdings, Inc.",NYSE,sec,rafael
LNSR,"LENSAR, Inc.",Nasdaq,sec,lensar
AASP,Agassi Sports Entertainment Corp.,OTC,sec,agassi sports entertainment
IMAQ,International Media Acquisition Corp.,OTC,sec,international media acquisition
PMVP,"PMV Pharmaceuticals, Inc.",Nasdaq,sec,pmv pharmaceuticals
RRGB,RED ROBIN GOURMET BURGERS INC,Nasdaq,sec,red robin gourmet burgers
WWR,"WESTWATER RESOURCES, INC.",NYSE,sec,westwater resources
NDLS,NOODLES & Co,Nasdaq,sec,noodles
PCM,"PCM FUND, INC.",NYSE,sec,pcm fund
DOMH,Dominari Holdings Inc.,Nasdaq,sec,dominari
ACRV,"Acrivon Therapeutics, Inc.",Nasdaq,sec,acrivon therapeutics
SLND,"Southland Holdings, Inc.",NYSE,sec,southland
WSHP,WeShop Holdings Ltd,Nasdaq,sec,weshop
CCIF,Carlyle Credit Income Fund,NYSE,sec,carlyle credit income fund
RTB,RYVYL Inc.,Nasdaq,sec,ryvyl
FTCI,"FTC Solar, Inc.",Nasdaq,sec,ftc solar
BTMD,biote Corp.,Nasdaq,sec,biote
THMG,THUNDER MOUNTAIN GOLD INC,OTC,sec,thunder mountain gold
SERA,"SERA PROGNOSTICS, INC.",Nasdaq,sec,sera prognostics
HAIN,HAIN CELESTIAL GROUP INC,Nasdaq,sec,hain celestial
MNOV,MEDICINOVA INC,Nasdaq,sec,medicinova
GANX,"Gain Therapeutics, Inc.",Nasdaq,sec,gain therapeutics
ACET,"Adicet Bio, Inc.",Nasdaq,sec,adicet bio
KVAC,Keen Vision Acquisition Corp.,Nasdaq,sec,keen vision acquisition
ANVS,"Annovis Bio, Inc.",NYSE,sec,annovis bio
MOB,Mobilicom Ltd,Nasdaq,sec,mobilicom
HYOR,HyOrc Corp,OTC,sec,hyorc
GEG,"Great Elm Group, Inc.",Nasdaq,sec,great elm
LRDC,"Laredo Oil, Inc.",OTC,sec,laredo oil
KNDI,"Kandi Technologies Group, Inc.",Nasdaq,sec,kandi technologies
OPHC,"OptimumBank Holdings, Inc.",NYSE,sec,optimumbank
LOOP,"Loop Industries, Inc.",Nasdaq,sec,loop industries
LFVN,Lifevantage Corp,Nasdaq,sec,lifevantage
TJGC,TJGC GROUP Ltd,Nasdaq,sec,tjgc
VLT,Invesco High Income Trust II,NYSE,sec,invesco high income trust ii
DXR,DAXOR CORP,Nasdaq,sec,daxor
HIT,"Health In Tech, Inc.",Nasdaq,sec,health in tech
ARSMF,ARES STRATEGIC MINING INC.,OTC,sec,ares strategic mining
FATN,Fatpipe Inc/UT,Nasdaq,sec,fatpipe ut
NSTS,"NSTS Bancorp, Inc.",Nasdaq,sec,nsts bancorp
SPND,SPINDLETOP OIL & GAS CO,OTC,sec,spindletop oil gas
SYHBF,SKYHARBOUR RESOURCES LTD,OTC,sec,skyharbour resources
TOUR,Tuniu Corp,Nasdaq,sec,tuniu
ASRV,AMERISERV FINANCIAL INC /PA/,Nasdaq,sec,ameriserv financial pa
HMR,Heidmar Maritime Holdings Corp.,Nasdaq,sec,heidmar maritime
TLGYF,TLGY ACQUISITION CORP,OTC,sec,tlgy acquisition
MERC,MERCER INTERNATIONAL INC.,Nasdaq,sec,mercer international
IZEA,"IZEA Worldwide, Inc.",Nasdaq,sec,izea worldwide
AIB,"BlockchAIn Digital Infrastructure, Inc.",NYSE,sec,blockchain digital infrastructure
CBAT,"CBAK Energy Technology, Inc.",Nasdaq,sec,cbak energy technology
PGZ,Principal Real Estate Income Fund,NYSE,sec,principal real estate income fund
PVL,Permianville Royalty Trust,NYSE,sec,permianville royalty trust
XTNT,"Xtant Medical Holdings, Inc.",NYSE,sec,xtant medical
ICG,Intchains Group Ltd,Nasdaq,sec,intchains
PMVC,PMV Consumer Acquisition Corp.,OTC,sec,pmv consumer acquisition
NRRSF,Norsemont Mining Inc.,OTC,sec,norsemont mining
CLST,"Catalyst Bancorp, Inc.",Nasdaq,sec,catalyst bancorp
VIOT,"Viomi Technology Co., Ltd",Nasdaq,sec,viomi technology
RMXI,"RMX INDUSTRIES, INC.",OTC,sec,rmx industries
VRM,"Vroom, Inc.",Nasdaq,sec,vroom
NCEW,New Century Logistics (BVI) Ltd,Nasdaq,sec,new century logistics bvi
STKE,SOL Strategies Inc.,Nasdaq,sec,sol strategies
SGA,SAGA COMMUNICATIONS INC,Nasdaq,sec,saga communications
UMEW,UMeWorld Inc.,OTC,sec,umeworld
KBSX,FST Corp.,Nasdaq,sec,fst
CRT,CROSS TIMBERS ROYALTY TRUST,NYSE,sec,cross timbers royalty trust
WFCF,"Where Food Comes From, Inc.",Nasdaq,sec,where food comes from
BDCO,BLUE DOLPHIN ENERGY CO,OTC,sec,blue dolphin energy
WAMFF,Alaska Silver Corp.,OTC,sec,alaska silver
SRXH,"SRx Health Solutions, Inc.",NYSE,sec,srx health solutions
QTI,"QT IMAGING HOLDINGS, INC.",Nasdaq,sec,qt imaging
CXH,MFS INVESTMENT GRADE MUNICIPAL TRUST,NYSE,sec,mfs investment grade municipal trust
TCRX,"TScan Therapeutics, Inc.",Nasdaq,sec,tscan therapeutics
YOUL,Youlife Group Inc.,Nasdaq,sec,youlife
ENTX,Entera Bio Ltd.,Nasdaq,sec,entera bio
THCH,TH International Ltd,Nasdaq,sec,th international
SKIL,Skillsoft Corp.,NYSE,sec,skillsoft
GPMT,Granite Point Mortgage Trust Inc.,NYSE,sec,granite point mortgage trust
DMA,Destra Multi-Alternative Fund,NYSE,sec,destra multi alternative fund
SDA,SunCar Technology Group Inc.,Nasdaq,sec,suncar technology
ELRE,Yinfu Gold Corp.,OTC,sec,yinfu gold
APT,ALPHA PRO TECH LTD,NYSE,sec,alpha pro tech
AEI,Alset Inc.,Nasdaq,sec,alset
NA,Nano Labs Ltd,Nasdaq,sec,nano labs
IBAC,IB Acquisition Corp.,Nasdaq,sec,ib acquisition
BDL,FLANIGANS ENTERPRISES INC,NYSE,sec,flanigans enterprises
RSF,"RiverNorth Capital & Income Fund, Inc.",NYSE,sec,rivernorth capital income fund
DWTX,"Dogwood Therapeutics, Inc.",Nasdaq,sec,dogwood therapeutics
SGMO,"SANGAMO THERAPEUTICS, INC",OTC,sec,sangamo therapeutics
SQNS,SEQUANS COMMUNICATIONS,NYSE,sec,sequans communications
SNT,Senstar Technologies Corp,Nasdaq,sec,senstar technologies
LINK,INTERLINK ELECTRONICS INC,Nasdaq,sec,interlink electronics
AUXXF,A2 Gold Corp.,OTC,sec,a2 gold
GAIA,"GAIA, INC",Nasdaq,sec,gaia
TINFF,Tincorp Metals Inc.,OTC,sec,tincorp metals
LIXT,"LIXTE BIOTECHNOLOGY HOLDINGS, INC.",Nasdaq,sec,lixte biotechnology
CTM,"Castellum, Inc.",NYSE,sec,castellum
CATO,CATO CORP,NYSE,sec,cato
MIND,"MIND TECHNOLOGY, INC",Nasdaq,sec,mind technology
SYPR,SYPRIS SOLUTIONS INC,Nasdaq,sec,sypris solutions
FLD,"Fold Holdings, Inc.",Nasdaq,sec,fold
VIPRF,SILVER VIPER MINERALS CORP.,OTC,sec,silver viper minerals
QSEP,"QS Energy, Inc.",OTC,sec,qs energy
SELF,"Global Self Storage, Inc.",Nasdaq,sec,global self storage
JANL,JANEL CORP,OTC,sec,janel
HFBL,"Home Federal Bancorp, Inc. of Louisiana",Nasdaq,sec,home federal bancorp of louisiana
OMEX,ODYSSEY MARINE EXPLORATION INC,Nasdaq,sec,odyssey marine exploration
MYPS,"PLAYSTUDIOS, Inc.",Nasdaq,sec,playstudios
XCH,XCHG Ltd,Nasdaq,sec,xchg
KANP,KAANAPALI LAND LLC,OTC,sec,kaanapali land llc
DRIO,DarioHealth Corp.,Nasdaq,sec,dariohealth
NRRWF,Nuran Wireless Inc.,OTC,sec,nuran wireless
SOGP,Sound Group Inc.,Nasdaq,sec,sound
MXE,MEXICO EQUITY & INCOME FUND INC,NYSE,sec,mexico equity income fund
EDRY,EuroDry Ltd.,Nasdaq,sec,eurodry
SORA,AsiaStrategy,Nasdaq,sec,asiastrategy
HANNF,Hannan Metals Ltd.,OTC,sec,hannan metals
SPCB,SuperCom Ltd,Nasdaq,sec,supercom
PYYX,"PYXUS INTERNATIONAL, INC.",OTC,sec,pyxus international
IMA,"ImageneBio, Inc.",Nasdaq,sec,imagenebio
HYFT,MindWalk Holdings Corp.,Nasdaq,sec,mindwalk
OTH,OFF THE HOOK YS INC.,NYSE,sec,off hook ys
MDNC,Medinotec Inc.,OTC,sec,medinotec
ELBM,Electra Battery Materials Corp,Nasdaq,sec,electra battery materials
SMOFF,Sonoro Gold Corp.,OTC,sec,sonoro gold
SDM,Smart Digital Group Ltd,Nasdaq,sec,smart digital
MNY,MoneyHero Ltd,Nasdaq,sec,moneyhero
STKS,"ONE Group Hospitality, Inc.",Nasdaq,sec,one hospitality
CING,Cingulate Inc.,Nasdaq,sec,cingulate
BGM,BGM Group Ltd.,Nasdaq,sec,bgm
CAST,"FreeCast, Inc.",Nasdaq,sec,freecast
FLNA,"FILANA THERAPEUTICS, INC.",Nasdaq,sec,filana therapeutics
PYRGF,PyroGenesis Canada Inc.,OTC,sec,pyrogenesis canada
POSC,POSITRON CORP,OTC,sec,positron
GPUS,"Hyperscale Data, Inc.",NYSE,sec,hyperscale data
XTIA,"XTI Aerospace, Inc.",Nasdaq,sec,xti aerospace
SACH,Sachem Capital Corp.,NYSE,sec,sachem capital
BSPA,"Ballston Spa Bancorp, Inc.",OTC,sec,ballston spa bancorp
AIRT,AIR T INC,Nasdaq,sec,air t
ACTU,"ACTUATE THERAPEUTICS, INC.",Nasdaq,sec,actuate therapeutics
BEWFF,BEWHERE HOLDINGS INC,OTC,sec,bewhere
RCON,"Recon Technology, Ltd",Nasdaq,sec,recon technology
CAPN,Cayson Acquisition Corp,Nasdaq,sec,cayson acquisition
VHC,VirnetX Holding Corp,Nasdaq,sec,virnetx
COCH,"Envoy Medical, Inc.",Nasdaq,sec,envoy medical
FRMM,FORUM MARKETS Inc,Nasdaq,sec,forum markets
CPPMF,Coppernico Metals Inc.,OTC,sec,coppernico metals
IBO,IMPACT BIOMEDICAL INC.,NYSE,sec,impact biomedical
ROLR,"High Roller Technologies, Inc.",NYSE,sec,high roller technologies
LUNG,Pulmonx Corp,Nasdaq,sec,pulmonx
LFT,"Lument Finance Trust, Inc.",NYSE,sec,lument finance trust
APWC,ASIA PACIFIC WIRE & CABLE CORP LTD,Nasdaq,sec,asia pacific wire cable
FMFG,"Farmers & Merchants Bancshares, Inc.",OTC,sec,farmers merchants bancshares
FSHP,Flag Ship Acquisition Corp,Nasdaq,sec,flag ship acquisition
CSTE,Caesarstone Ltd.,Nasdaq,sec,caesarstone
GPGCF,Great Pacific Gold Corp.,OTC,sec,great pacific gold
DCGO,DocGo Inc.,Nasdaq,sec,docgo
CDAQF,Compass Digital Acquisition Corp.,OTC,sec,compass digital acquisition
ARBK,Argo Blockchain Plc,Nasdaq,sec,argo blockchain
EHTH,"eHealth, Inc.",Nasdaq,sec,ehealth
PDSB,PDS Biotechnology Corp,Nasdaq,sec,pds biotechnology
SODI,SOLITRON DEVICES INC,OTC,sec,solitron devices
UAVS,AgEagle Aerial Systems Inc.,NYSE,sec,ageagle aerial systems
GMHS,Gamehaus Holdings Inc.,Nasdaq,sec,gamehaus
EURK,Eureka Acquisition Corp,Nasdaq,sec,eureka acquisition
ALAR,Alarum Technologies Ltd.,Nasdaq,sec,alarum technologies
VNCE,VINCE HOLDING CORP.,Nasdaq,sec,vince
INLF,INLIF Ltd,Nasdaq,sec,inlif
CVU,CPI AEROSTRUCTURES INC,NYSE,sec,cpi aerostructures
SRTS,"Sensus Healthcare, Inc.",Nasdaq,sec,sensus healthcare
POCI,"PRECISION OPTICS CORPORATION, INC.",Nasdaq,sec,precision optics
WAVE,Eco Wave Power Global AB (publ),Nasdaq,sec,eco wave power global ab publ
BGSF,"BGSF, INC.",NYSE,sec,bgsf
FSP,FRANKLIN STREET PROPERTIES CORP /MA/,NYSE,sec,franklin street properties ma
TIL,"Instil Bio, Inc.",Nasdaq,sec,instil bio
YIBO,Planet Image International Ltd,Nasdaq,sec,planet image international
WTHVF,Westhaven Gold Corp.,OTC,sec,westhaven gold
LVPA,LVPAI GROUP Ltd,OTC,sec,lvpai
YTRA,"Yatra Online, Inc.",Nasdaq,sec,yatra online
JMM,Nuveen Multi-Market Income Fund,NYSE,sec,nuveen multi market income fund
RDAC,Rising Dragon Acquisition Corp.,Nasdaq,sec,rising dragon acquisition
TGE,Generation Essentials Group,NYSE,sec,generation essentials
FNUC,Frontier Nuclear & Minerals Inc.,Nasdaq,sec,frontier nuclear minerals
PN,Skycorp Solar Group Ltd,Nasdaq,sec,skycorp solar
AURX,"Nuo Therapeutics, Inc.",OTC,sec,nuo therapeutics
TKRFF,TINKA RESOURCES Ltd,OTC,sec,tinka resources
VOC,VOC Energy Trust,NYSE,sec,voc energy trust
WHEN,"WORLD HEALTH ENERGY HOLDINGS, INC.",OTC,sec,world health energy
BYSI,BeyondSpring Inc.,Nasdaq,sec,beyondspring
ELTK,ELTEK LTD,Nasdaq,sec,eltek
RDEXF,RPX Gold Inc.,OTC,sec,rpx gold
GCL,GCL Global Holdings Ltd,Nasdaq,sec,gcl global
KCCFF,Kutcho Copper Corp.,OTC,sec,kutcho copper
AGIG,"ABUNDIA GLOBAL IMPACT GROUP, INC.",NYSE,sec,abundia global impact
CNF,CNFinance Holdings Ltd.,NYSE,sec,cnfinance
FIEE,"FiEE, Inc.",Nasdaq,sec,fiee
HCMC,Healthier Choices Management Corp.,OTC,sec,healthier choices management
NOMA,Nomadar Corp.,Nasdaq,sec,nomadar
ELWT,"Elauwit Connection, Inc.",Nasdaq,sec,elauwit connection
RYM,"RYTHM, Inc.",Nasdaq,sec,rythm
ETST,"Earth Science Tech, Inc.",OTC,sec,earth science tech
JXG,JX Luxventure Group Inc.,Nasdaq,sec,jx luxventure
PRTS,"CarParts.com, Inc.",Nasdaq,sec,carparts com
EUBG,ENTREPRENEUR UNIVERSE BRIGHT GROUP,OTC,sec,entrepreneur universe bright
DRYGF,Dryden Gold Corp.,OTC,sec,dryden gold
SCYX,SCYNEXIS INC,Nasdaq,sec,scynexis
CNVS,Cineverse Corp.,Nasdaq,sec,cineverse
SNNGF,PPX Mining Corp.,OTC,sec,ppx mining
KUBR,Kuber Resources Corp,OTC,sec,kuber resources
BEAT,"HeartBeam, Inc.",Nasdaq,sec,heartbeam
DSWL,DESWELL INDUSTRIES INC,Nasdaq,sec,deswell industries
ESGH,ESG Inc.,OTC,sec,esg
OAKV,"Oak View Bankshares, Inc.",OTC,sec,oak view bankshares
INKT,"MiNK Therapeutics, Inc.",Nasdaq,sec,mink therapeutics
HYPD,"HYPERION DEFI, INC.",Nasdaq,sec,hyperion defi
SPRU,SPRUCE POWER HOLDING CORP,NYSE,sec,spruce power
NPRFF,Nepra Foods Inc.,OTC,sec,nepra foods
NALG,North America Lithium & Gold Corp,OTC,sec,north america lithium gold
AACG,ATA Creativity Global,Nasdaq,sec,ata creativity global
RIBB,Ribbon Acquisition Corp.,Nasdaq,sec,ribbon acquisition
KRFG,"King Resources, Inc.",OTC,sec,king resources
YI,"111, Inc.",Nasdaq,sec,111
XHG,XChange TEC.INC,Nasdaq,sec,xchange tec
BZFD,"BuzzFeed, Inc.",Nasdaq,sec,buzzfeed
ESLA,"Estrella Immunopharma, Inc.",Nasdaq,sec,estrella immunopharma
BOF,BranchOut Food Inc.,Nasdaq,sec,branchout food
UEIC,UNIVERSAL ELECTRONICS INC,Nasdaq,sec,universal electronics
GROV,"Grove Collaborative Holdings, Inc.",NYSE,sec,grove collaborative
INDO,Indonesia Energy Corp Ltd,NYSE,sec,indonesia energy
ZOOZ,ZOOZ Strategy Ltd.,Nasdaq,sec,zooz strategy
RKHNF,ROCKHAVEN RESOURCES LTD,OTC,sec,rockhaven resources
FWAC,Futurewave Acquisition Corp,None,sec,futurewave acquisition
CCG,Cheche Group Inc.,Nasdaq,sec,cheche
DUO,Fangdd Network Group Ltd.,Nasdaq,sec,fangdd network
FNGR,"FingerMotion, Inc.",Nasdaq,sec,fingermotion
DDC,DDC Enterprise Ltd,NYSE,sec,ddc enterprise
ELUT,ELUTIA INC.,Nasdaq,sec,elutia
BDMD,Baird Medical Investment Holdings Ltd,Nasdaq,sec,baird medical investment
BIOF,"BLUE BIOFUELS, INC.",OTC,sec,blue biofuels
ABLV,Able View Global Inc.,Nasdaq,sec,able view global
ALCYF,Alchemy Investments Acquisition Corp 1,OTC,sec,alchemy investments acquisition 1
EQTRF,Altamira Gold Corp.,OTC,sec,altamira gold
BKHA,Black Hawk Acquisition Corp,Nasdaq,sec,black hawk acquisition
QXL,QUANTUM X LABS INC.,Nasdaq,sec,quantum x labs
ECOR,"electroCore, Inc.",Nasdaq,sec,electrocore
BREZ,Breeze Acquisition Corp. II,None,sec,breeze acquisition ii
XLO,"Xilio Therapeutics, Inc.",Nasdaq,sec,xilio therapeutics
LFS,"LEIFRAS Co., Ltd.",Nasdaq,sec,leifras
COLA,Columbus Acquisition Corp/Cayman Islands,Nasdaq,sec,columbus acquisition cayman islands
TCBS,"Texas Community Bancshares, Inc.",Nasdaq,sec,texas community bancshares
PLUT,Plutus Financial Group Ltd,Nasdaq,sec,plutus financial
FMY,FIRST TRUST MORTGAGE INCOME FUND,NYSE,sec,first trust mortgage income fund
SPWH,"SPORTSMAN'S WAREHOUSE HOLDINGS, INC.",Nasdaq,sec,sportsman s warehouse
PGZFF,Pan Global Resources Inc.,OTC,sec,pan global resources
SRLZF,Salazar Resources Ltd,OTC,sec,salazar resources
MGLD,"Marygold Companies, Inc.",NYSE,sec,marygold companies
WETO,Wetour Robotics Ltd,Nasdaq,sec,wetour robotics
AZASF,Arizona Gold & Silver Inc.,OTC,sec,arizona gold silver
BATL,BATTALION OIL CORP,NYSE,sec,battalion oil
ATYR,aTYR PHARMA INC,Nasdaq,sec,atyr pharma
SNAL,"Snail, Inc.",Nasdaq,sec,snail
LOAN,"MANHATTAN BRIDGE CAPITAL, INC",Nasdaq,sec,manhattan bridge capital
AXIL,"Axil Brands, Inc.",NYSE,sec,axil brands
SJ,Scienjoy Holding Corp,Nasdaq,sec,scienjoy
NTWK,NETSOL TECHNOLOGIES INC,Nasdaq,sec,netsol technologies
IEHC,IEH Corp,OTC,sec,ieh
IDXG,"INTERPACE BIOSCIENCES, INC.",OTC,sec,interpace biosciences
USEG,US ENERGY CORP,Nasdaq,sec,us energy
WBX,Wallbox N.V.,NYSE,sec,wallbox n v
PETS,PETMED EXPRESS INC,Nasdaq,sec,petmed express
INIS,RADNOSTIX INC,OTC,sec,radnostix
MGX,"Metagenomi Therapeutics, Inc.",Nasdaq,sec,metagenomi therapeutics
JETMF,Global Crossing Airlines Group Inc.,OTC,sec,global crossing airlines
ENGS,Energys Group Ltd,Nasdaq,sec,energys
KALA,"KALA BIO, Inc.",Nasdaq,sec,kala bio
NSPR,"InspireMD, Inc.",Nasdaq,sec,inspiremd
AVX,AVAX ONE TECHNOLOGY LTD.,Nasdaq,sec,avax one technology
MHUBF,MineHub Technologies Inc.,OTC,sec,minehub technologies
BHIC,"BioScience Health Innovations, Inc.",OTC,sec,bioscience health innovations
GOSS,"Gossamer Bio, Inc.",Nasdaq,sec,gossamer bio
TRGEF,Targa Exploration Corp.,OTC,sec,targa exploration
PAVM,PAVmed Inc.,Nasdaq,sec,pavmed
LICN,Lichen International Ltd,Nasdaq,sec,lichen international
INCR,Intercure Ltd.,Nasdaq,sec,intercure
BENF,Beneficient,Nasdaq,sec,beneficient
SCAG,Scage Future,Nasdaq,sec,scage future
AAME,ATLANTIC AMERICAN CORP,Nasdaq,sec,atlantic american
FOFA,"FAMILY OFFICE OF AMERICA, INC.",OTC,sec,family office of america
YHNA,YHN Acquisition I Ltd,Nasdaq,sec,yhn acquisition i
DCX,Digital Currency X Technology Inc.,Nasdaq,sec,digital currency x technology
PFAI,Pinnacle Food Group Ltd,Nasdaq,sec,pinnacle food
ATHR,"Aether Holdings, Inc.",Nasdaq,sec,aether
PXS,Pyxis Tankers Inc.,Nasdaq,sec,pyxis tankers
FTEK,"FUEL TECH, INC.",Nasdaq,sec,fuel tech
QNTO,"QUAINT OAK BANCORP, INC.",OTC,sec,quaint oak bancorp
AIOS,AIOS Tech Inc.,Nasdaq,sec,aios tech
LITB,"LightInTheBox Holding Co., Ltd.",NYSE,sec,lightinthebox
USREF,Tactical Resources Corp.,OTC,sec,tactical resources
HSPT,Horizon Space Acquisition II Corp.,Nasdaq,sec,horizon space acquisition ii
LGL,LGL GROUP INC,NYSE,sec,lgl
CYDVF,Century Lithium Corp.,OTC,sec,century lithium
KMRK,K-TECH SOLUTIONS CO LTD,Nasdaq,sec,k tech solutions
SAGGF,Sterling Metals Corp.,OTC,sec,sterling metals
KSCP,"Knightscope, Inc.",Nasdaq,sec,knightscope
QNTM,Quantum Biopharma Ltd.,Nasdaq,sec,quantum biopharma
GNS,Genius Group Ltd,NYSE,sec,genius
QETA,Quetta Acquisition Corp,Nasdaq,sec,quetta acquisition
PRPL,"Purple Innovation, Inc.",Nasdaq,sec,purple innovation
PPSI,"PIONEER POWER SOLUTIONS, INC.",Nasdaq,sec,pioneer power solutions
IXHL,Incannex Healthcare Inc.,Nasdaq,sec,incannex healthcare
OFS,OFS Capital Corp,Nasdaq,sec,ofs capital
BHM,"Bluerock Homes Trust, Inc.",NYSE,sec,bluerock homes trust
VIDA,VIDA Global Inc.,NYSE,sec,vida global
PRPO,"Precipio, Inc.",Nasdaq,sec,precipio
JFU,9F Inc.,Nasdaq,sec,9f
FSTJ,First America Resources Corp,OTC,sec,first america resources
RGCCF,Relevant Gold Corp.,OTC,sec,relevant gold
LOMLF,Lion One Metals Ltd.,OTC,sec,lion one metals
HTCO,High-Trend International Group,Nasdaq,sec,high trend international
CRSF,Crisp Momentum Inc.,OTC,sec,crisp momentum
JDZG,JIADE Ltd,Nasdaq,sec,jiade
GLXZ,"Galaxy Gaming, Inc.",OTC,sec,galaxy gaming
MKTW,"MARKETWISE, INC.",Nasdaq,sec,marketwise
TLPH,"TALPHERA, INC.",Nasdaq,sec,talphera
MDXH,MDxHealth SA,Nasdaq,sec,mdxhealth sa
LOCL,Local Bounti Corporation/DE,NYSE,sec,local bounti de
BRAG,Bragg Gaming Group Inc.,Nasdaq,sec,bragg gaming
PLNH,Planet 13 Holdings Inc.,OTC,sec,planet 13
ONMD,OneMedNet Corp,Nasdaq,sec,onemednet
CNTM,"ConnectM Technology Solutions, Inc.",None,sec,connectm technology solutions
GLBS,GLOBUS MARITIME LTD,Nasdaq,sec,globus maritime
SEOVF,SERNOVA CORP.,OTC,sec,sernova
CVV,CVD EQUIPMENT CORP,Nasdaq,sec,cvd equipment
HPAI,Helport AI Ltd,Nasdaq,sec,helport ai
ACFN,"ACORN ENERGY, INC.",Nasdaq,sec,acorn energy
MBBC,"Marathon Bancorp, Inc. /MD/",Nasdaq,sec,marathon bancorp md
SCLX,Scilex Holding Co,Nasdaq,sec,scilex
REVFF,Gitennes Exploration Inc.,OTC,sec,gitennes exploration
LEEEF,Leef Brands Inc.,OTC,sec,leef brands
HGBL,Heritage Global Inc.,Nasdaq,sec,heritage global
NTRB,NutriBand Inc.,Nasdaq,sec,nutriband
MLGO,MicroAlgo Inc.,Nasdaq,sec,microalgo
GIBO,GIBO HOLDINGS Ltd,Nasdaq,sec,gibo
NSFDF,NXT Energy Solutions Inc.,OTC,sec,nxt energy solutions
JZ,Jianzhi Education Technology Group Co Ltd,Nasdaq,sec,jianzhi education technology
ISTKF,Intellistake Technologies Corp.,OTC,sec,intellistake technologies
STG,Sunlands Technology Group,NYSE,sec,sunlands technology
AVAI,"AVAI BIO, INC.",OTC,sec,avai bio
TVGN,Tevogen Bio Holdings Inc.,Nasdaq,sec,tevogen bio
TETEF,Technology & Telecommunication Acquisition Corp,OTC,sec,technology telecommunication acquisition
ZYBT,Zhengye Biotechnology Holding Ltd,Nasdaq,sec,zhengye biotechnology
SDEV,Stablecoin Development Corp,NYSE,sec,stablecoin development
DTSQ,DT Cloud Star Acquisition Corp,Nasdaq,sec,dt cloud star acquisition
JAGU,Jaguar Uranium Corp.,NYSE,sec,jaguar uranium
GRML,Greenland Mines Ltd,Nasdaq,sec,greenland mines
ASFH,ASIAFIN HOLDINGS CORP.,OTC,sec,asiafin
JRSH,"Jerash Holdings (US), Inc.",Nasdaq,sec,jerash us
USIO,"Usio, Inc.",Nasdaq,sec,usio
MSSAF,Metal Sky Star Acquisition Corp,OTC,sec,metal sky star acquisition
ATOS,"ATOSSA THERAPEUTICS, INC.",Nasdaq,sec,atossa therapeutics
MAMO,Massimo Group,Nasdaq,sec,massimo
FGNX,FG Nexus Inc.,Nasdaq,sec,fg nexus
PHUN,"Phunware, Inc.",Nasdaq,sec,phunware
GRF,"EAGLE CAPITAL GROWTH FUND, INC.",NYSE,sec,eagle capital growth fund
WYHG,Wing Yip Food Holdings Group Ltd,Nasdaq,sec,wing yip food
PSTV,"PLUS THERAPEUTICS, INC.",Nasdaq,sec,plus therapeutics
BRIA,BrilliA Inc,NYSE,sec,brillia
MIRA,"MIRA PHARMACEUTICALS, INC.",Nasdaq,sec,mira pharmaceuticals
GSIW,Garden Stage Ltd,Nasdaq,sec,garden stage
MPU,Mega Matrix Inc,NYSE,sec,mega matrix
ESAUF,ESGold Corp.,OTC,sec,esgold
MDBH,"MDB Capital Holdings, LLC",Nasdaq,sec,mdb capital llc
VASO,VASO Corp,OTC,sec,vaso
SCWO,374Water Inc.,Nasdaq,sec,374water
STLNF,Stallion Uranium Corp.,OTC,sec,stallion uranium
EUDA,EUDA Health Holdings Ltd,Nasdaq,sec,euda health
LTRN,Lantern Pharma Inc.,Nasdaq,sec,lantern pharma
NEPH,NEPHROS INC,Nasdaq,sec,nephros
CREX,"CREATIVE REALITIES, INC.",Nasdaq,sec,creative realities
ZDGE,"Zedge, Inc.",NYSE,sec,zedge
RAVE,"RAVE RESTAURANT GROUP, INC.",Nasdaq,sec,rave restaurant
BRFH,BARFRESH FOOD GROUP INC.,Nasdaq,sec,barfresh food
MLCI,Mount Logan Capital Inc.,Nasdaq,sec,mount logan capital
VTSI,"VirTra, Inc",Nasdaq,sec,virtra
TELA,"TELA Bio, Inc.",Nasdaq,sec,tela bio
TPCS,TECHPRECISION CORP,Nasdaq,sec,techprecision
TACT,TRANSACT TECHNOLOGIES INC,Nasdaq,sec,transact technologies
LISMF,LITHIUM SOUTH DEVELOPMENT Corp,OTC,sec,lithium south development
MCAG,Mountain Crest Acquisition Corp. V,OTC,sec,mountain crest acquisition v
UCL,uCloudlink Group Inc.,Nasdaq,sec,ucloudlink
SNTL,Sentinel Holdings Ltd.,OTC,sec,sentinel
ENZN,"Viskase Holdings, Inc.",OTC,sec,viskase
MREO,Mereo BioPharma Group plc,Nasdaq,sec,mereo biopharma
CULP,CULP INC,Nasdaq,sec,culp
PXLW,"PIXELWORKS, INC",Nasdaq,sec,pixelworks
SLMT,Brera Holdings PLC,Nasdaq,sec,brera
MATH,Metalpha Technology Holding Ltd,Nasdaq,sec,metalpha technology
DXLG,"DESTINATION XL GROUP, INC.",Nasdaq,sec,destination xl
BLGO,"BIOLARGO, INC.",OTC,sec,biolargo
MMCP,"Mag Mile Capital, Inc.",OTC,sec,mag mile capital
INMB,"Inmune Bio, Inc.",Nasdaq,sec,inmune bio
STRR,"Star Equity Holdings, Inc.",Nasdaq,sec,star equity
FKWL,FRANKLIN WIRELESS CORP,Nasdaq,sec,franklin wireless
FUSE,Fusemachines Inc.,Nasdaq,sec,fusemachines
EMGDF,Eminent Gold Corp.,OTC,sec,eminent gold
WSTRF,Western Uranium & Vanadium Corp.,OTC,sec,western uranium vanadium
KOSS,KOSS CORP,Nasdaq,sec,koss
ILLR,Triller Group Inc.,Nasdaq,sec,triller
LITS,"Lite Strategy, Inc.",Nasdaq,sec,lite strategy
LFLRF,LaFleur Minerals Inc..,OTC,sec,lafleur minerals
TOON,"Kartoon Studios, Inc.",NYSE,sec,kartoon studios
ATCMF,ATICO MINING Corp,OTC,sec,atico mining
HOLO,MicroCloud Hologram Inc.,Nasdaq,sec,microcloud hologram
BGL,Blue Gold Ltd,Nasdaq,sec,blue gold
ATNM,"Actinium Pharmaceuticals, Inc.",NYSE,sec,actinium pharmaceuticals
EXYN,"Exyn Technologies, Inc.",Nasdaq,sec,exyn technologies
RADX,Radiopharm Theranostics Ltd,Nasdaq,sec,radiopharm theranostics
KFFB,Kentucky First Federal Bancorp,Nasdaq,sec,kentucky first federal bancorp
RMCO,Royalty Management Holding Corp,Nasdaq,sec,royalty management
RNXT,"RenovoRx, Inc.",Nasdaq,sec,renovorx
CNTY,CENTURY CASINOS INC /CO/,Nasdaq,sec,century casinos
GAME,"GameSquare Holdings, Inc.",Nasdaq,sec,gamesquare
BCHT,Birchtech Corp.,NYSE,sec,birchtech
NNVC,"NANOVIRICIDES, INC.",NYSE,sec,nanoviricides
AERT,"Aeries Technology, Inc.",Nasdaq,sec,aeries technology
SNBR,Sleep Number Corp,Nasdaq,sec,sleep number
RYET,Ruanyun Edai Technology Inc.,Nasdaq,sec,ruanyun edai technology
WELNF,Integrated Wellness Acquisition Corp,OTC,sec,integrated wellness acquisition
RDI,READING INTERNATIONAL INC,Nasdaq,sec,reading international
MNTS,Momentus Inc.,Nasdaq,sec,momentus
JG,Aurora Mobile Ltd,Nasdaq,sec,aurora mobile
ATMH,"ALL THINGS MOBILE ANALYTIC, INC.",OTC,sec,all things mobile analytic
TOP,TOP Financial Group Ltd,Nasdaq,sec,top financial
OESX,"ORION ENERGY SYSTEMS, INC.",Nasdaq,sec,orion energy systems
NAAS,NaaS Technology Inc.,Nasdaq,sec,naas technology
HERZ,"Herzfeld Credit Income Fund, Inc",Nasdaq,sec,herzfeld credit income fund
BIRD,"Allbirds, Inc.",Nasdaq,sec,allbirds
STI,Solidion Technology Inc.,Nasdaq,sec,solidion technology
GDHG,GOLDEN HEAVEN GROUP HOLDINGS LTD.,Nasdaq,sec,golden heaven
NMTC,NEUROONE MEDICAL TECHNOLOGIES Corp,Nasdaq,sec,neuroone medical technologies
NRDE,NU RIDE INC.,OTC,sec,nu ride
SOWG,Sow Good Inc.,Nasdaq,sec,sow good
SWAG,"Stran & Company, Inc.",Nasdaq,sec,stran
WPRT,WESTPORT FUEL SYSTEMS INC.,Nasdaq,sec,westport fuel systems
VPLM,Voip-pal.com Inc,OTC,sec,voip pal com
AHMA,AMBITIONS ENTERPRISE MANAGEMENT CO. L.L.C,Nasdaq,sec,ambitions enterprise management l l c
EONR,EON Resources Inc.,NYSE,sec,eon resources
POAS,PHAOS TECHNOLOGY HOLDINGS (CAYMAN) Ltd,NYSE,sec,phaos technology cayman
TVRD,"Tvardi Therapeutics, Inc.",Nasdaq,sec,tvardi therapeutics
BZDLF,KINCORA COPPER LTD,OTC,sec,kincora copper
CDLX,"Cardlytics, Inc.",Nasdaq,sec,cardlytics
LIVE,LIVE VENTURES Inc,Nasdaq,sec,live ventures
PHNMF,Phenom Resources Corp.,OTC,sec,phenom resources
NSYS,NORTECH SYSTEMS INC,Nasdaq,sec,nortech systems
ARAI,Arrive AI Inc.,Nasdaq,sec,arrive ai
LSF,"Laird Superfood, Inc.",NYSE,sec,laird superfood
SCIA,"SCI Engineered Materials, Inc.",OTC,sec,sci engineered materials
RSRV,RESERVE PETROLEUM CO,OTC,sec,reserve petroleum
MYO,"MYOMO, INC.",NYSE,sec,myomo
TAOX,TAO Synergies Inc.,Nasdaq,sec,tao synergies
QZMRF,QUARTZ MOUNTAIN RESOURCES LTD,OTC,sec,quartz mountain resources
VERU,VERU INC.,Nasdaq,sec,veru
DARE,"Dare Bioscience, Inc.",Nasdaq,sec,dare bioscience
KTCC,KEY TRONIC CORP,Nasdaq,sec,key tronic
NTIP,"NETWORK-1 TECHNOLOGIES, INC.",NYSE,sec,network 1 technologies
JSDA,JONES SODA CO.,OTC,sec,jones soda
GIFT,"GIFTIFY, INC.",Nasdaq,sec,giftify
ARAY,ACCURAY INC,Nasdaq,sec,accuray
WYGC,Wenyuan Group Corp.,OTC,sec,wenyuan
VGES,Vanguard Green Investment Ltd,OTC,sec,vanguard green investment
IBATF,INTERNATIONAL BATTERY METALS LTD.,OTC,sec,international battery metals
GRCE,"Grace Therapeutics, Inc.",Nasdaq,sec,grace therapeutics
EVAX,Evaxion A/S,Nasdaq,sec,evaxion a s
RCT,RedCloud Holdings plc,Nasdaq,sec,redcloud
INVU,"Investview, Inc.",OTC,sec,investview
AZZTF,Aztec Minerals Corp.,OTC,sec,aztec minerals
MAUUF,AERO ENERGY Ltd,OTC,sec,aero energy
BAYA,Bayview Acquisition Corp,Nasdaq,sec,bayview acquisition
NXTC,"NextCure, Inc.",Nasdaq,sec,nextcure
BAFN,BayFirst Financial Corp.,Nasdaq,sec,bayfirst financial
AAPI,"Apple iSports Group, Inc.",OTC,sec,apple isports
SEGG,Sports Entertainment Gaming Global Corp,Nasdaq,sec,sports entertainment gaming global
GROW,U S GLOBAL INVESTORS INC,Nasdaq,sec,u s global investors
UG,UNITED GUARDIAN INC,Nasdaq,sec,united guardian
EVTV,"Envirotech Vehicles, Inc.",Nasdaq,sec,envirotech vehicles
SFCO,Southern Financial Corp,OTC,sec,southern financial
ALGS,"Aligos Therapeutics, Inc.",Nasdaq,sec,aligos therapeutics
ATCH,"AtlasClear Holdings, Inc.",NYSE,sec,atlasclear
NTRP,"NextTrip, Inc.",Nasdaq,sec,nexttrip
ZTG,Zenta Group Co Ltd,Nasdaq,sec,zenta
RAND,RAND CAPITAL CORP,Nasdaq,sec,rand capital
LASE,Laser Photonics Corp,Nasdaq,sec,laser photonics
MRNO,Murano Global Investments Plc,Nasdaq,sec,murano global investments
NSRX,Nasus Pharma Ltd,NYSE,sec,nasus pharma
BOSC,BOS BETTER ONLINE SOLUTIONS LTD,Nasdaq,sec,bos better online solutions
BOLD,"Boundless Bio, Inc.",Nasdaq,sec,boundless bio
QUCY,Quantum Cyber N.V.,Nasdaq,sec,quantum cyber n v
RMTI,"ROCKWELL MEDICAL, INC.",Nasdaq,sec,rockwell medical
AVNI,ARVANA INC,OTC,sec,arvana
RDGL,VIVOS INC,OTC,sec,vivos
BEEM,Beam Global,Nasdaq,sec,beam global
APLM,Apollomics Inc.,Nasdaq,sec,apollomics
QTZM,Quantum Genesis AI Corp.,None,sec,quantum genesis ai
NYC,American Strategic Investment Co.,NYSE,sec,american strategic investment
GUER,"Guerrilla RF, Inc.",OTC,sec,guerrilla rf
MKDW,MKDWELL Tech Inc.,Nasdaq,sec,mkdwell tech
BURU,"Nuburu, Inc.",NYSE,sec,nuburu
USGDF,AMERICAN PACIFIC MINING CORP,OTC,sec,american pacific mining
BLNE,"Beeline Holdings, Inc.",Nasdaq,sec,beeline
ANGH,Anghami Inc,Nasdaq,sec,anghami
WKHS,Workhorse Group Inc.,Nasdaq,sec,workhorse
SKKY,"Skkynet Cloud Systems, Inc.",OTC,sec,skkynet cloud systems
BRLS,Borealis Foods Inc.,Nasdaq,sec,borealis foods
NTZ,NATUZZI S P A,NYSE,sec,natuzzi s p a
KNGRF,Kingsmen Resources Ltd.,OTC,sec,kingsmen resources
CPHI,"CHINA PHARMA HOLDINGS, INC.",NYSE,sec,china pharma
HAFG,"Holistic Asset Finance Group Co., Ltd.",OTC,sec,holistic asset finance
MLSS,MILESTONE SCIENTIFIC INC.,NYSE,sec,milestone scientific
BGDE,"Big Digital Energy, Inc.",Nasdaq,sec,big digital energy
EHSI,Elite Health Systems Inc.,OTC,sec,elite health systems
KDKGF,KLONDIKE GOLD CORP /FI,OTC,sec,klondike gold fi
PMEC,Primech Holdings Ltd,Nasdaq,sec,primech
CXXIF,C21 Investments Inc.,OTC,sec,c21 investments
VEEA,VEEA INC.,Nasdaq,sec,veea
INLX,"INTELLINETICS, INC.",NYSE,sec,intellinetics
HSPOF,Horizon Space Acquisition I Corp.,OTC,sec,horizon space acquisition i
PRKA,"PARKS AMERICA, INC",OTC,sec,parks america
RITE,MINERALRITE Corp,OTC,sec,mineralrite
FOXX,Foxx Development Holdings Inc.,Nasdaq,sec,foxx development
YSXT,"YSX Tech Co., Ltd",Nasdaq,sec,ysx tech
RITR,Reitar Logtech Holdings Ltd,Nasdaq,sec,reitar logtech
CTSO,Cytosorbents Corp,Nasdaq,sec,cytosorbents
ZBAO,Zhibao Technology Inc.,Nasdaq,sec,zhibao technology
BMNM,"BIMINI CAPITAL MANAGEMENT, INC.",OTC,sec,bimini capital management
QCLS,"Q/C TECHNOLOGIES, INC.",Nasdaq,sec,q c technologies
HWAUF,Headwater Gold Inc.,OTC,sec,headwater gold
ATVK,"Globaltek Ventures, Inc.",OTC,sec,globaltek ventures
ZLME,Zhanling International Ltd,OTC,sec,zhanling international
BTAI,"BioXcel Therapeutics, Inc.",Nasdaq,sec,bioxcel therapeutics
DAIO,DATA I/O CORP,Nasdaq,sec,data i o
SUUN,POWERBANK Corp,Nasdaq,sec,powerbank
XBP,"XBP Global Holdings, Inc.",Nasdaq,sec,xbp global
PLSM,Pulsenmore Ltd.,Nasdaq,sec,pulsenmore
SMXT,"SolarMax Technology, Inc.",Nasdaq,sec,solarmax technology
CRWS,CROWN CRAFTS INC,Nasdaq,sec,crown crafts
PTLE,PTL Ltd,Nasdaq,sec,ptl
BMR,Beamr Imaging Ltd.,Nasdaq,sec,beamr imaging
NAMI,Jinxin Technology Holding Co,Nasdaq,sec,jinxin technology
NPT,Texxon Holding Ltd,Nasdaq,sec,texxon
KPLT,"Katapult Holdings, Inc.",Nasdaq,sec,katapult
ABIT,Athena Bitcoin Global,OTC,sec,athena bitcoin global
WBQNL,Woodbridge Liquidation Trust,OTC,sec,woodbridge liquidation trust
CGDXF,XALI GOLD CORP.,OTC,sec,xali gold
GDST,Goldenstone Acquisition Ltd.,OTC,sec,goldenstone acquisition
PRT,PermRock Royalty Trust,NYSE,sec,permrock royalty trust
PFSB,"PFS Bancorp, Inc.",OTC,sec,pfs bancorp
DGNX,Diginex Ltd,Nasdaq,sec,diginex
GRNQ,Greenpro Capital Corp.,Nasdaq,sec,greenpro capital
BONXF,BONTERRA RESOURCES INC.,OTC,sec,bonterra resources
LSTA,"LISATA THERAPEUTICS, INC.",Nasdaq,sec,lisata therapeutics
RNGE,"RANGE IMPACT, INC.",OTC,sec,range impact
CIF,MFS INTERMEDIATE HIGH INCOME FUND,NYSE,sec,mfs intermediate high income fund
BLIV,BeLive Holdings,Nasdaq,sec,belive
RAPH,Raphael Pharmaceutical Inc.,OTC,sec,raphael pharmaceutical
YXT,YXT.COM GROUP HOLDING Ltd,Nasdaq,sec,yxt com
PVCT,"PROVECTUS BIOPHARMACEUTICALS, INC.",OTC,sec,provectus biopharmaceuticals
BCG,"Binah Capital Group, Inc.",Nasdaq,sec,binah capital
CCEL,CRYO CELL INTERNATIONAL INC,NYSE,sec,cryo cell international
PRKR,PARKERVISION INC,OTC,sec,parkervision
OPAD,Offerpad Solutions Inc.,NYSE,sec,offerpad solutions
SST,"System1, Inc.",NYSE,sec,system1
ITHUF,"iANTHUS CAPITAL HOLDINGS, INC.",OTC,sec,ianthus capital
CBLO,"C2 Blockchain, Inc.",OTC,sec,c2 blockchain
AAUAF,ALMADEN MINERALS LTD,OTC,sec,almaden minerals
SPPL,SIMPPLE LTD.,Nasdaq,sec,simpple
WIMI,WiMi Hologram Cloud Inc.,Nasdaq,sec,wimi hologram cloud
IGC,"IGC Pharma, Inc.",NYSE,sec,igc pharma
EMCGF,Embrace Change Acquisition Corp.,OTC,sec,embrace change acquisition
COHN,Cohen & Co Inc.,NYSE,sec,cohen
OTLK,"Outlook Therapeutics, Inc.",Nasdaq,sec,outlook therapeutics
KYNB,"KYNTRA BIO, INC.",Nasdaq,sec,kyntra bio
CDIX,Cardiff Lexington Corp,OTC,sec,cardiff lexington
NRSN,NeuroSense Therapeutics Ltd.,Nasdaq,sec,neurosense therapeutics
AWRE,AWARE INC /MA/,Nasdaq,sec,aware ma
SNTI,"Senti Biosciences Holdings, Inc.",Nasdaq,sec,senti biosciences
IGTA,Inception Growth Acquisition Ltd,OTC,sec,inception growth acquisition
PLUR,Pluri Inc.,Nasdaq,sec,pluri
DYNR,"DYNARESOURCE, INC.",OTC,sec,dynaresource
MRMD,MARIMED INC.,OTC,sec,marimed
SFRX,SEAFARER EXPLORATION CORP,OTC,sec,seafarer exploration
WBSR,Webstar Technology Group Inc.,OTC,sec,webstar technology
ELSE,ELECTRO SENSORS INC,Nasdaq,sec,electro sensors
PAPL,Pineapple Financial Inc.,NYSE,sec,pineapple financial
PSQH,"PSQ Holdings, Inc.",NYSE,sec,psq
PETV,"PetVivo Holdings, Inc.",OTC,sec,petvivo
CLPS,CLPS Inc,Nasdaq,sec,clps
REFR,RESEARCH FRONTIERS INC,Nasdaq,sec,research frontiers
BIOX,Bioceres Crop Solutions Corp.,Nasdaq,sec,bioceres crop solutions
CLRCF,ClimateRock,OTC,sec,climaterock
CRVO,CervoMed Inc.,Nasdaq,sec,cervomed
BRNS,Barinthus Biotherapeutics plc.,Nasdaq,sec,barinthus biotherapeutics
PBMLF,Pacific Booker Minerals Inc.,OTC,sec,pacific booker minerals
RLBY,RELIABILITY INC,OTC,sec,reliability
TPST,"Tempest Therapeutics, Inc.",Nasdaq,sec,tempest therapeutics
NEON,Neonode Inc.,Nasdaq,sec,neonode
DYAI,DYADIC INTERNATIONAL INC,Nasdaq,sec,dyadic international
KDOZF,KIDOZ INC.,OTC,sec,kidoz
LVLU,"Lulu's Fashion Lounge Holdings, Inc.",Nasdaq,sec,lulu s fashion lounge
ASPC,ASPAC III Acquisition Corp.,Nasdaq,sec,aspac iii acquisition
PLRZ,Polyrizon Ltd.,Nasdaq,sec,polyrizon
ABVC,"ABVC BIOPHARMA, INC.",Nasdaq,sec,abvc biopharma
AIFF,"FIREFLY NEUROSCIENCE, INC.",Nasdaq,sec,firefly neuroscience
STAK,STAK Inc.,Nasdaq,sec,stak
JOB,GEE Group Inc.,NYSE,sec,gee
NEUP,Neuphoria Therapeutics Inc.,Nasdaq,sec,neuphoria therapeutics
AGPU,Axe Compute Inc.,Nasdaq,sec,axe compute
BBGI,BEASLEY BROADCAST GROUP INC,Nasdaq,sec,beasley broadcast
GWH,"ESS Tech, Inc.",NYSE,sec,ess tech
SKYE,"Skye Bioscience, Inc.",Nasdaq,sec,skye bioscience
RSGLF,Rocky Shore Gold Ltd.,OTC,sec,rocky shore gold
PTN,PALATIN TECHNOLOGIES INC,NYSE,sec,palatin technologies
YQ,17 Education & Technology Group Inc.,Nasdaq,sec,17 education technology
BCTX,BriaCell Therapeutics Corp.,Nasdaq,sec,briacell therapeutics
EPOW,E-Power Inc.,Nasdaq,sec,e power
KLNG,"Koil Energy Solutions, Inc.",OTC,sec,koil energy solutions
UONE,"URBAN ONE, INC.",Nasdaq,sec,urban one
JL,J-Long Group Ltd,Nasdaq,sec,j long
MTTAF,Meta Critical Minerals Inc.,OTC,sec,meta critical minerals
ACCS,ACCESS Newswire Inc.,NYSE,sec,access newswire
PLAG,Planet Green Holdings Corp.,NYSE,sec,planet green
IPM,INTELLIGENT PROTECTION MANAGEMENT CORP.,Nasdaq,sec,intelligent protection management
VTGN,"Vistagen Therapeutics, Inc.",Nasdaq,sec,vistagen therapeutics
IRVRF,Irving Resources Inc.,OTC,sec,irving resources
CLIR,ClearSign Technologies Corp,Nasdaq,sec,clearsign technologies
GRAN,Grande Group Ltd/HK,Nasdaq,sec,grande hk
UTSI,UTSTARCOM HOLDINGS CORP.,Nasdaq,sec,utstarcom
FMST,Foremost Clean Energy Ltd.,Nasdaq,sec,foremost clean energy
AIXC,"AIxCrypto Holdings, Inc.",Nasdaq,sec,aixcrypto
SSGC,SafeSpace Global Corp,OTC,sec,safespace global
TRGXF,Terra Rossa Gold Ltd.,OTC,sec,terra rossa gold
HRGN,"Harvard Apparatus Regenerative Technology, Inc.",OTC,sec,harvard apparatus regenerative technology
ARKR,ARK RESTAURANTS CORP,Nasdaq,sec,ark restaurants
LESL,"Leslie's, Inc.",Nasdaq,sec,leslie s
XOS,"Xos, Inc.",Nasdaq,sec,xos
LPSN,LIVEPERSON INC,Nasdaq,sec,liveperson
CLRB,"Cellectar Biosciences, Inc.",Nasdaq,sec,cellectar biosciences
BESS,Bimergen Energy Corp,NYSE,sec,bimergen energy
SRGZ,Star Gold Corp.,OTC,sec,star gold
EFOI,"ENERGY FOCUS, INC/DE",Nasdaq,sec,energy focus de
RYOJ,"rYojbaba Co., Ltd.",Nasdaq,sec,ryojbaba
CRMZ,CREDITRISKMONITOR COM INC,OTC,sec,creditriskmonitor com
OTLC,"Oncotelic Therapeutics, Inc.",OTC,sec,oncotelic therapeutics
SER,"Serina Therapeutics, Inc.",NYSE,sec,serina therapeutics
EHLD,Euroholdings Ltd.,Nasdaq,sec,euroholdings
TRAW,"Traws Pharma, Inc.",Nasdaq,sec,traws pharma
KNRX,KNOREX LTD.,NYSE,sec,knorex
APAAF,Appia Rare Earths & Uranium Corp.,OTC,sec,appia rare earths uranium
QRHC,Quest Resource Holding Corp,Nasdaq,sec,quest resource
SPMEF,South Pacific Metals Corp.,OTC,sec,south pacific metals
GRDX,GridAI Technologies Corp.,Nasdaq,sec,gridai technologies
JVA,COFFEE HOLDING CO INC,Nasdaq,sec,coffee
NHTC,NATURAL HEALTH TRENDS CORP,Nasdaq,sec,natural health trends
TXMD,"TherapeuticsMD, Inc.",Nasdaq,sec,therapeuticsmd
ABVE,Above Food Ingredients Inc.,Nasdaq,sec,above food ingredients
CRVW,CareView Communications Inc,OTC,sec,careview communications
FEDU,Four Seasons Education (Cayman) Inc.,NYSE,sec,four seasons education cayman
ATCX,ATLAS CRITICAL MINERALS Corp,Nasdaq,sec,atlas critical minerals
CELU,Celularity Inc,Nasdaq,sec,celularity
SFCX,SUPA Consolidated Inc.,OTC,sec,supa consolidated
MRKR,"Marker Therapeutics, Inc.",Nasdaq,sec,marker therapeutics
VNTG,Vantage Corp (Singapore),NYSE,sec,vantage singapore
MVO,MV Oil Trust,NYSE,sec,mv oil trust
UFG,Uni-Fuels Holdings Ltd,Nasdaq,sec,uni fuels
VRHI,"Veri MedTech Holdings, Inc.",OTC,sec,veri medtech
MOBX,"MOBIX LABS, INC",Nasdaq,sec,mobix labs
DFLI,Dragonfly Energy Holdings Corp.,Nasdaq,sec,dragonfly energy
JSPR,"Jasper Therapeutics, Inc.",Nasdaq,sec,jasper therapeutics
DBGI,"Digital Brands Group, Inc.",Nasdaq,sec,digital brands
ALLR,"Allarity Therapeutics, Inc.",Nasdaq,sec,allarity therapeutics
MILIF,Military Metals Corp.,OTC,sec,military metals
CFND,C1 Fund Inc.,NYSE,sec,c1 fund
VYNE,VYNE Therapeutics Inc.,Nasdaq,sec,vyne therapeutics
STLY,"HG Holdings, Inc.",OTC,sec,hg
REED,"REED'S, INC.",NYSE,sec,reed s
HBIO,HARVARD BIOSCIENCE INC,Nasdaq,sec,harvard bioscience
ORIO,Orion Digital Corp.,Nasdaq,sec,orion digital
CHEV,Charging Robotics Inc.,OTC,sec,charging robotics
SNSE,"Sensei Biotherapeutics, Inc.",Nasdaq,sec,sensei biotherapeutics
TTIPF,"Thiogenesis Therapeutics, Corp.",OTC,sec,thiogenesis therapeutics
AEON,"AEON Biopharma, Inc.",NYSE,sec,aeon biopharma
SPEX,Spectre Acquisition Corp,None,sec,spectre acquisition
MSW,Ming Shing Group Holdings Ltd,Nasdaq,sec,ming shing
NZERF,New Zealand Energy Corp.,OTC,sec,new zealand energy
SNNF,"Seneca Bancorp, Inc.",OTC,sec,seneca bancorp
CVM,CEL SCI CORP,NYSE,sec,cel sci
CTGL,SKYTECH ORION GLOBAL CORP.,OTC,sec,skytech orion global
GOCO,"GoHealth, Inc.",Nasdaq,sec,gohealth
USEA,United Maritime Corp,Nasdaq,sec,united maritime
CHAI,"Core AI Holdings, Inc.",Nasdaq,sec,core ai
PDC,Perpetuals.com Ltd,Nasdaq,sec,perpetuals com
JGLDF,Japan Gold Corp.,OTC,sec,japan gold
DETX,"LIBERTY DEFENSE HOLDINGS, LTD.",Nasdaq,sec,liberty defense
AYTU,"AYTU BIOPHARMA, INC",Nasdaq,sec,aytu biopharma
FEMY,FEMASYS INC,Nasdaq,sec,femasys
UPLD,"Upland Software, Inc.",Nasdaq,sec,upland software
GREE,Greenidge Generation Holdings Inc.,Nasdaq,sec,greenidge generation
SLGB,Smart Logistics Global Ltd,Nasdaq,sec,smart logistics global
SAIH,SAIHEAT Ltd,Nasdaq,sec,saiheat
POWMF,Power Metal Resources PLC,OTC,sec,power metal resources
CCM,Concord Medical Services Holdings Ltd,NYSE,sec,concord medical services
PSHG,Performance Shipping Inc.,Nasdaq,sec,performance shipping
INUV,"Inuvo, Inc.",NYSE,sec,inuvo
WGRX,"Wellgistics Health, Inc.",Nasdaq,sec,wellgistics health
HLRTF,Hillcrest Energy Technologies Ltd.,OTC,sec,hillcrest energy technologies
AAQL,Antiaging Quantum Living Inc.,OTC,sec,antiaging quantum living
HYEX,HEALTHY EXTRACTS INC.,OTC,sec,healthy extracts
TBTC,TABLE TRAC INC,OTC,sec,table trac
CKX,"CKX LANDS, INC.",NYSE,sec,ckx lands
AUIAF,AURANIA RESOURCES LTD.,OTC,sec,aurania resources
ROMJF,Rubicon Organics Inc.,OTC,sec,rubicon organics
LGVN,Longeveron Inc.,Nasdaq,sec,longeveron
SVBL,"SILVER BULL RESOURCES, INC.",OTC,sec,silver bull resources
QNCX,"Quince Therapeutics, Inc.",Nasdaq,sec,quince therapeutics
HOWL,"Werewolf Therapeutics, Inc.",Nasdaq,sec,werewolf therapeutics
YTFD,"Yale Transaction Finders, Inc.",OTC,sec,yale transaction finders
SDST,Stardust Power Inc.,Nasdaq,sec,stardust power
YHC,LQR House Inc.,Nasdaq,sec,lqr house
FLUX,"Flux Power Holdings, Inc.",Nasdaq,sec,flux power
FTHM,Fathom Holdings Inc.,Nasdaq,sec,fathom
RYES,Rise Gold Corp.,OTC,sec,rise gold
FENG,Phoenix New Media Ltd,NYSE,sec,phoenix new media
LIMX,Limitless X Holdings Inc.,OTC,sec,limitless x
RVP,RETRACTABLE TECHNOLOGIES INC,NYSE,sec,retractable technologies
TLF,TANDY LEATHER FACTORY INC,Nasdaq,sec,tandy leather factory
LSH,Lakeside Holding Ltd,Nasdaq,sec,lakeside
TRSG,Tungray Technologies Inc,Nasdaq,sec,tungray technologies
SMSI,"SMITH MICRO SOFTWARE, INC.",Nasdaq,sec,smith micro software
GOVB,"Gouverneur Bancorp, Inc./MD/",OTC,sec,gouverneur bancorp md
OMH,Ohmyhome Ltd,Nasdaq,sec,ohmyhome
NTCL,NetClass Technology Inc,Nasdaq,sec,netclass technology
GEDC,"CalEthos, Inc.",OTC,sec,calethos
FAMI,"Farmmi, Inc.",Nasdaq,sec,farmmi
GNOLF,GENOIL INC,OTC,sec,genoil
ALGRF,KENADYR METALS CORP,OTC,sec,kenadyr metals
ACCL,Acco Group Holdings Ltd,Nasdaq,sec,acco
ILAL,International Land Alliance Inc.,OTC,sec,international land alliance
SPRS,SURGE COMPONENTS INC,OTC,sec,surge components
KLGDF,Kalo Gold Corp.,OTC,sec,kalo gold
MSGM,Motorsport Games Inc.,Nasdaq,sec,motorsport games
STCB,"Starco Brands, Inc.",OTC,sec,starco brands
TIGCF,Triumph Gold Corp.,OTC,sec,triumph gold
TWOSF,T2 Metals Corp.,OTC,sec,t2 metals
TULP,"BLOOMIA HOLDINGS, INC.",Nasdaq,sec,bloomia
ALTUF,Altura Energy Corp.,OTC,sec,altura energy
CPOP,"Pop Culture Group Co., Ltd",Nasdaq,sec,pop culture
MAPPF,PROSTAR HOLDINGS INC. /BC,OTC,sec,prostar bc
BLTH,"AMERICAN BATTERY MATERIALS, INC.",OTC,sec,american battery materials
ICMB,"Investcorp Credit Management BDC, Inc.",Nasdaq,sec,investcorp credit management bdc
TMDE,TMD Energy Ltd,NYSE,sec,tmd energy
AHT,ASHFORD HOSPITALITY TRUST INC,NYSE,sec,ashford hospitality trust
HHS,HARTE HANKS INC,Nasdaq,sec,harte hanks
PAYD,PAID INC,OTC,sec,paid
IEGCF,Independence Gold Corp.,OTC,sec,independence gold
RMCF,"Rocky Mountain Chocolate Factory, Inc.",Nasdaq,sec,rocky mountain chocolate factory
RDGMF,Ridgeline Minerals Corp,OTC,sec,ridgeline minerals
WETH,Wetouch Technology Inc.,Nasdaq,sec,wetouch technology
WNDW,"SolarWindow Technologies, Inc.",OTC,sec,solarwindow technologies
AIJTY,Jianpu Technology Inc.,OTC,sec,jianpu technology
VNRX,VOLITIONRX LTD,NYSE,sec,volitionrx
LIQT,LIQTECH INTERNATIONAL INC,Nasdaq,sec,liqtech international
COGDF,Compass Gold Corp,OTC,sec,compass gold
AEHL,Antelope Enterprise Holdings Ltd,Nasdaq,sec,antelope enterprise
VAUCF,Viva Gold Corp.,OTC,sec,viva gold
CTRM,Castor Maritime Inc.,Nasdaq,sec,castor maritime
GTHP,GUIDED THERAPEUTICS INC,OTC,sec,guided therapeutics
MXC,MEXCO ENERGY CORP,NYSE,sec,mexco energy
CRIS,CURIS INC,Nasdaq,sec,curis
RCG,"RENN Fund, Inc.",NYSE,sec,renn fund
ICCM,IceCure Medical Ltd.,Nasdaq,sec,icecure medical
ADGM,"Adagio Medical Holdings, Inc.",Nasdaq,sec,adagio medical
YAAS,Youxin Technology Ltd,Nasdaq,sec,youxin technology
BFNH,"BIOFORCE NANOSCIENCES HOLDINGS, INC.",OTC,sec,bioforce nanosciences
PASW,"Ping An Biomedical Co., Ltd.",Nasdaq,sec,ping an biomedical
XCUR,"EXICURE, INC.",Nasdaq,sec,exicure
SAGT,SAGTEC GLOBAL Ltd,Nasdaq,sec,sagtec global
CYN,Cyngn Inc.,Nasdaq,sec,cyngn
JF,J & Friends Holdings Ltd,Nasdaq,sec,j friends
MDRR,"Medalist Diversified, Inc.",Nasdaq,sec,medalist diversified
AUID,authID Inc.,Nasdaq,sec,authid
IRIX,IRIDEX CORP,Nasdaq,sec,iridex
CHKR,CHESAPEAKE GRANITE WASH TRUST,OTC,sec,chesapeake granite wash trust
LPCN,Lipocine Inc.,Nasdaq,sec,lipocine
MOBQ,"Mobiquity Technologies, Inc.",OTC,sec,mobiquity technologies
MODD,"Modular Medical, Inc.",Nasdaq,sec,modular medical
OSRH,"OSR Holdings, Inc.",Nasdaq,sec,osr
HCAI,"Huachen AI Parking Management Technology Holding Co., Ltd",Nasdaq,sec,huachen ai parking management technology
HUIZ,Huize Holding Ltd,Nasdaq,sec,huize
BHV,BLACKROCK VIRGINIA MUNICIPAL BOND TRUST,NYSE,sec,blackrock virginia municipal bond trust
ZJYL,Jin Medical International Ltd.,Nasdaq,sec,jin medical international
KARX,Karbon-X Corp.,OTC,sec,karbon x
AUST,Austin Gold Corp.,NYSE,sec,austin gold
FOFO,"Hang Feng Technology Innovation Co., Ltd.",Nasdaq,sec,hang feng technology innovation
MWYN,"Marwynn Holdings, Inc.",Nasdaq,sec,marwynn
MNDO,MIND CTI LTD,Nasdaq,sec,mind cti
LFWD,Lifeward Ltd.,Nasdaq,sec,lifeward
TARSF,Silver North Resources Ltd.,OTC,sec,silver north resources
MSBB,"Mercer Bancorp, Inc.",OTC,sec,mercer bancorp
MOGU,MOGU Inc.,NYSE,sec,mogu
RECT,Rectitude Holdings Ltd.,Nasdaq,sec,rectitude
KTTA,Pasithea Therapeutics Corp.,Nasdaq,sec,pasithea therapeutics
UUU,"UNIVERSAL SAFETY PRODUCTS, INC.",NYSE,sec,universal safety products
APUS,"Apimeds Pharmaceuticals US, Inc.",NYSE,sec,apimeds pharmaceuticals us
REBN,"Reborn Coffee, Inc.",Nasdaq,sec,reborn coffee
EQS,"EQUUS TOTAL RETURN, INC.",NYSE,sec,equus total return
XERI,"XERIANT, INC.",OTC,sec,xeriant
EPSM,Epsium Enterprise Ltd,Nasdaq,sec,epsium enterprise
TRUFF,Red Light Holland Corp.,OTC,sec,red light holland
KWM,K Wave Media Ltd.,Nasdaq,sec,k wave media
NCEL,NewcelX Ltd.,Nasdaq,sec,newcelx
VCGMF,Visionary Copper & Gold Mines Inc.,OTC,sec,visionary copper gold mines
LRE,"LEAD REAL ESTATE CO., LTD",Nasdaq,sec,lead real estate
LEDS,SemiLEDs Corp,Nasdaq,sec,semileds
IVFH,INNOVATIVE FOOD HOLDINGS INC,OTC,sec,innovative food
FDCT,"FDCTECH, INC.",OTC,sec,fdctech
NEWH,"NewHydrogen, Inc.",OTC,sec,newhydrogen
PRHI,"Presurance Holdings, Inc.",Nasdaq,sec,presurance
COPAF,COPAUR MINERALS INC.,OTC,sec,copaur minerals
GYRO,"Gyrodyne, LLC",Nasdaq,sec,gyrodyne llc
MDWK,"MDWerks, Inc.",OTC,sec,mdwerks
BKUCF,BLUE SKY URANIUM CORP.,OTC,sec,blue sky uranium
COOT,Australian Oilseeds Holdings Ltd,Nasdaq,sec,australian oilseeds
SGRP,"SPAR Group, Inc.",Nasdaq,sec,spar
GGRP,"Glimpse Group, Inc.",Nasdaq,sec,glimpse
IINN,Inspira Technologies OXY B.H.N. Ltd,Nasdaq,sec,inspira technologies oxy b h n
TOMZ,"TOMI Environmental Solutions, Inc.",Nasdaq,sec,tomi environmental solutions
BNKK,"BONK, INC.",Nasdaq,sec,bonk
HUDI,"Huadi International Group Co., Ltd.",Nasdaq,sec,huadi international
KPEA,Kun Peng International Ltd.,OTC,sec,kun peng international
PCSV,"PCS Edventures!, Inc.",None,sec,pcs edventures
TOPP,Toppoint Holdings Inc.,NYSE,sec,toppoint
DUKR,DUKE Robotics Corp.,Nasdaq,sec,duke robotics
PASG,"Passage BIO, Inc.",Nasdaq,sec,passage bio
SWVL,Swvl Holdings Corp,Nasdaq,sec,swvl
BRN,BARNWELL INDUSTRIES INC,NYSE,sec,barnwell industries
AIXN,"AiXin Life International, Inc.",OTC,sec,aixin life international
OHCFF,Light AI Inc.,OTC,sec,light ai
NOWG,Nowigence Inc.,None,sec,nowigence
MGIH,Millennium Group International Holdings Ltd,Nasdaq,sec,millennium international
IAALF,IBC Advanced Alloys Corp.,OTC,sec,ibc advanced alloys
ADIA,"Adia Nutrition, Inc.",OTC,sec,adia nutrition
GRTX,"Galera Therapeutics, Inc.",OTC,sec,galera therapeutics
SPST,Superstar Platforms Inc.,OTC,sec,superstar platforms
TDIC,Dreamland Ltd,Nasdaq,sec,dreamland
LRRIF,Lion Rock Resources Inc.,OTC,sec,lion rock resources
GMVMF,GMV Minerals Inc.,OTC,sec,gmv minerals
EDTK,Skillful Craftsman Education Technology Ltd,Nasdaq,sec,skillful craftsman education technology
AGAE,Allied Gaming & Entertainment Inc.,Nasdaq,sec,allied gaming entertainment
RYOOF,Rio Silver Inc.,OTC,sec,rio silver
BHSIF,BAYHORSE SILVER INC.,OTC,sec,bayhorse silver
COCP,"Cocrystal Pharma, Inc.",Nasdaq,sec,cocrystal pharma
CSDX,CS DIAGNOSTICS CORP.,OTC,sec,cs diagnostics
SCNX,"Scienture Holdings, Inc.",Nasdaq,sec,scienture
NAII,NATURAL ALTERNATIVES INTERNATIONAL INC,Nasdaq,sec,natural alternatives international
UPYY,UPAY,OTC,sec,upay
TURB,"Turbo Energy, S.A.",Nasdaq,sec,turbo energy s a
ABCP,AmBase Corp,OTC,sec,ambase
CLOQ,"CYBERLOQ TECHNOLOGIES, INC.",OTC,sec,cyberloq technologies
NXPL,NextPlat Corp,Nasdaq,sec,nextplat
JYD,Jayud Global Logistics Ltd,Nasdaq,sec,jayud global logistics
GIGM,GIGAMEDIA Ltd,Nasdaq,sec,gigamedia
ICU,SeaStar Medical Holding Corp,Nasdaq,sec,seastar medical
NNUP,NOCOPI TECHNOLOGIES INC/MD/,OTC,sec,nocopi technologies md
INTI,"Inhibitor Therapeutics, Inc.",OTC,sec,inhibitor therapeutics
INTJ,Intelligent Group Ltd,Nasdaq,sec,intelligent
ZDAI,"DirectBooking Technology Co., Ltd.",Nasdaq,sec,directbooking technology
UEEC,"United Health Products, Inc.",OTC,sec,united health products
SVRN,OceanPal Inc.,Nasdaq,sec,oceanpal
DOGZ,Dogness (International) Corp,Nasdaq,sec,dogness international
QMCI,QUOTEMEDIA INC,OTC,sec,quotemedia
CNTMF,Fluent Corp.,OTC,sec,fluent
MTWO,"M2i Global, Inc.",OTC,sec,m2i global
NIOMF,First American Uranium Inc.,OTC,sec,first american uranium
GFAI,"Guardforce AI Co., Ltd.",Nasdaq,sec,guardforce ai
MDCX,Medicus Pharma Ltd.,Nasdaq,sec,medicus pharma
YMT,Yimutian Inc.,Nasdaq,sec,yimutian
GTBP,"GT Biopharma, Inc.",Nasdaq,sec,gt biopharma
LDDD,Longduoduo Co Ltd,OTC,sec,longduoduo
CVKD,"Cadrenal Therapeutics, Inc.",Nasdaq,sec,cadrenal therapeutics
DFNS,T3 Defense Inc.,Nasdaq,sec,t3 defense
AWHL,Aspira Women's Health Inc.,OTC,sec,aspira women s health
CTXR,"Citius Pharmaceuticals, Inc.",Nasdaq,sec,citius pharmaceuticals
SLAI,SOLAI Ltd,NYSE,sec,solai
CMHSF,COMPREHENSIVE HEALTHCARE SYSTEMS INC. (CANADA),OTC,sec,comprehensive healthcare systems canada
DLPN,"Dolphin Entertainment, Inc.",Nasdaq,sec,dolphin entertainment
LGPS,LOGPROSTYLE INC.,NYSE,sec,logprostyle
LHAI,Linkhome Holdings Inc.,Nasdaq,sec,linkhome
COSM,Cosmos Health Inc.,Nasdaq,sec,cosmos health
INTZ,INTRUSION INC,Nasdaq,sec,intrusion
PMI,"Picard Medical, Inc.",NYSE,sec,picard medical
THH,TryHard Holdings Ltd,Nasdaq,sec,tryhard
LZMH,LZ Technology Holdings Ltd,Nasdaq,sec,lz technology
APHP,American Picture House Corp,OTC,sec,american picture house
PCMC,PUBLIC CO MANAGEMENT CORP,OTC,sec,public management
GNTA,Genenta Science S.p.A.,Nasdaq,sec,genenta science s p a
GAUZ,Gauzy Ltd.,Nasdaq,sec,gauzy
STSBF,South Star Battery Metals Corp.,OTC,sec,south star battery metals
CGDCF,Carlin Gold Corp,OTC,sec,carlin gold
LILIF,Argentina Lithium & Energy Corp.,OTC,sec,argentina lithium energy
ENDMF,Enduro Metals Corp.,OTC,sec,enduro metals
TBH,"Brag House Holdings, Inc.",Nasdaq,sec,brag house
POM,POMDOCTOR Ltd,Nasdaq,sec,pomdoctor
WVVI,WILLAMETTE VALLEY VINEYARDS INC,Nasdaq,sec,willamette valley vineyards
ONEG,OneConstruction Group Ltd,Nasdaq,sec,oneconstruction
APCX,AppTech Payments Corp.,OTC,sec,apptech payments
BGAVF,Bravada Gold Corp,OTC,sec,bravada gold
GDTC,CytoMed Therapeutics Ltd,Nasdaq,sec,cytomed therapeutics
LEXX,Lexaria Bioscience Corp.,Nasdaq,sec,lexaria bioscience
CHOW,ChowChow Cloud International Holdings Ltd,NYSE,sec,chowchow cloud international
INAB,"IN8BIO, INC.",Nasdaq,sec,in8bio
AIDX,"20/20 Biolabs, Inc.",Nasdaq,sec,20 20 biolabs
HIND,"Vyome Holdings, Inc",Nasdaq,sec,vyome
ARTW,ARTS WAY MANUFACTURING CO INC,Nasdaq,sec,arts way manufacturing
PFHO,PACIFIC HEALTH CARE ORGANIZATION INC,OTC,sec,pacific health care organization
CAHO,Caro Holdings Inc.,OTC,sec,caro
NIXX,"Nixxy, Inc.",Nasdaq,sec,nixxy
AIRI,AIR INDUSTRIES GROUP,NYSE,sec,air industries
TRXA,T-REX Acquisition Corp.,OTC,sec,t rex acquisition
YMAT,"J-Star Holding Co., Ltd.",Nasdaq,sec,j star
MYND,"Mynd.ai, Inc.",NYSE,sec,mynd ai
BNET,BION ENVIRONMENTAL TECHNOLOGIES INC,OTC,sec,bion environmental technologies
NWGL,CL Workshop Group Ltd,Nasdaq,sec,cl workshop
AUSI,AURA SYSTEMS INC,OTC,sec,aura systems
MMA,MIXED MARTIAL ARTS GROUP LTD,NYSE,sec,mixed martial arts
SEED,Origin Agritech LTD,Nasdaq,sec,origin agritech
TWOH,Two Hands Corp,OTC,sec,two hands
ALUR,"ALLURION TECHNOLOGIES, INC.",OTC,sec,allurion technologies
ZEOX,"Zeo ScientifiX, Inc.",OTC,sec,zeo scientifix
CFOO,China Foods Holdings Ltd.,OTC,sec,china foods
IVDN,INNOVATIVE DESIGNS INC,OTC,sec,innovative designs
EBON,Ebang International Holdings Inc.,Nasdaq,sec,ebang international
TPET,Trio Petroleum Corp,NYSE,sec,trio petroleum
ERNA,Ernexa Therapeutics Inc.,Nasdaq,sec,ernexa therapeutics
RVSN,Rail Vision Ltd.,Nasdaq,sec,rail vision
AIEV,"Thunder Power Holdings, Inc.",OTC,sec,thunder power
ATER,"Aterian, Inc.",Nasdaq,sec,aterian
VIPZ,"VIP Play, Inc.",OTC,sec,vip play
BON,Bon Natural Life Ltd,Nasdaq,sec,bon natural life
CNEY,CN ENERGY GROUP. INC.,Nasdaq,sec,cn energy
FRECF,Frequency Exchange Corp.,OTC,sec,frequency exchange
GTIM,Good Times Restaurants Inc.,Nasdaq,sec,good times restaurants
AQMS,"Aqua Metals, Inc.",Nasdaq,sec,aqua metals
SURG,"SurgePays, Inc.",Nasdaq,sec,surgepays
BGI,BIRKS GROUP INC.,NYSE,sec,birks
BBBMF,Lux Metals Corp.,OTC,sec,lux metals
CYCN,"Cyclerion Therapeutics, Inc.",Nasdaq,sec,cyclerion therapeutics
CMCT,Creative Media & Community Trust Corp,Nasdaq,sec,creative media community trust
PCLA,PicoCELA Inc.,Nasdaq,sec,picocela
BNGO,"Bionano Genomics, Inc.",Nasdaq,sec,bionano genomics
XELB,"XCel Brands, Inc.",Nasdaq,sec,xcel brands
OFAL,OFA Group,Nasdaq,sec,ofa
YYAI,AIRWA INC.,Nasdaq,sec,airwa
NGLD,Nevada Canyon Gold Corp.,OTC,sec,nevada canyon gold
BTOC,Armlogi Holding Corp.,Nasdaq,sec,armlogi
MBAI,Check-Cap Ltd,Nasdaq,sec,check cap
ULTHF,United Lithium Corp.,OTC,sec,united lithium
EDUC,EDUCATIONAL DEVELOPMENT CORP,Nasdaq,sec,educational development
MMTIF,MICROMEM TECHNOLOGIES INC,OTC,sec,micromem technologies
SUGP,SU Group Holdings Ltd,Nasdaq,sec,su
HKPD,"Cellyan Biotechnology Co., Ltd",Nasdaq,sec,cellyan biotechnology
MBRX,"Moleculin Biotech, Inc.",Nasdaq,sec,moleculin biotech
TAOP,Taoping Inc.,Nasdaq,sec,taoping
NVNI,Nvni Group Ltd,Nasdaq,sec,nvni
CSAI,"CLOUDASTRUCTURE, INC.",Nasdaq,sec,cloudastructure
LABT,Lakewood-Amedex Biotherapeutics Inc.,Nasdaq,sec,lakewood amedex biotherapeutics
INIKF,PopReach Corp,OTC,sec,popreach
PBSV,"Pharma-Bio Serv, Inc.",OTC,sec,pharma bio serv
BMGL,Basel Medical Group Ltd,Nasdaq,sec,basel medical
PHIO,Phio Pharmaceuticals Corp.,Nasdaq,sec,phio pharmaceuticals
RAIN,"Rain Enhancement Technologies Holdco, Inc.",Nasdaq,sec,rain enhancement technologies holdco
INTS,"INTENSITY THERAPEUTICS, INC.",Nasdaq,sec,intensity therapeutics
TOVX,"Theriva Biologics, Inc.",NYSE,sec,theriva biologics
IHT,INNSUITES HOSPITALITY TRUST,NYSE,sec,innsuites hospitality trust
CISO,"CISO Global, Inc.",Nasdaq,sec,ciso global
BTTC,Black Titan Corp,Nasdaq,sec,black titan
PRZO,ParaZero Technologies Ltd.,Nasdaq,sec,parazero technologies
PRSO,Peraso Inc.,Nasdaq,sec,peraso
RWAX,"TAP REAL ESTATE TECHNOLOGIES, INC.",OTC,sec,tap real estate technologies
BLRX,BioLineRx Ltd.,Nasdaq,sec,biolinerx
ORESF,Orestone Mining Corp.,OTC,sec,orestone mining
BANL,CBL International Ltd,Nasdaq,sec,cbl international
LPSIF,LEGEND POWER SYSTEMS INC.,OTC,sec,legend power systems
NRIS,"Norris Industries, Inc.",OTC,sec,norris industries
AMOD,"ALPHA MODUS HOLDINGS, INC.",Nasdaq,sec,alpha modus
GARWF,Golden Arrow Resources Corp,OTC,sec,golden arrow resources
CXAI,CXApp Inc.,Nasdaq,sec,cxapp
AHNRF,ATHENA GOLD CORP,OTC,sec,athena gold
SBDS,"Solo Brands, Inc.",OTC,sec,solo brands
BFRG,"BullFrog AI Holdings, Inc.",Nasdaq,sec,bullfrog ai
BICX,BioCorRx Inc.,OTC,sec,biocorrx
CCOOF,CORE SILVER CORP.,OTC,sec,core silver
MTEK,Maris Tech Ltd.,Nasdaq,sec,maris tech
FEBO,Fenbo Holdings Ltd,Nasdaq,sec,fenbo
PMNT,Perfect Moment Ltd.,NYSE,sec,perfect moment
GXAI,GAXOS.AI INC.,Nasdaq,sec,gaxos ai
MGNC,Mag Magna Corp,OTC,sec,mag magna
SUND,"Sundance Strategies, Inc.",OTC,sec,sundance strategies
FNFI,FIRST NILES FINANCIAL INC,OTC,sec,first niles financial
JUNS,"JUPITER NEUROSCIENCES, INC.",Nasdaq,sec,jupiter neurosciences
XWEL,"XWELL, Inc.",Nasdaq,sec,xwell
VSBGF,VSBLTY GROUPE TECHNOLOGIES CORP.,OTC,sec,vsblty groupe technologies
LHSW,Lianhe Sowell International Group Ltd,Nasdaq,sec,lianhe sowell international
VNOV,VitaNova Life Sciences Corp,OTC,sec,vitanova life sciences
REE,REE Automotive Ltd.,Nasdaq,sec,ree automotive
HOTH,"Hoth Therapeutics, Inc.",Nasdaq,sec,hoth therapeutics
TRIB,TRINITY BIOTECH PLC,Nasdaq,sec,trinity biotech
ECTM,ECA Marcellus Trust I,OTC,sec,eca marcellus trust i
BLIN,"Bridgeline Digital, Inc.",Nasdaq,sec,bridgeline digital
ALRTF,ALR Technologies SG Ltd.,OTC,sec,alr technologies sg
RSMXF,Regency Silver Corp.,OTC,sec,regency silver
SKYQ,Sky Quarry Inc.,Nasdaq,sec,sky quarry
CMMB,Chemomab Therapeutics Ltd.,Nasdaq,sec,chemomab therapeutics
AIMD,"Ainos, Inc.",Nasdaq,sec,ainos
FXBY,FOXBY CORP.,OTC,sec,foxby
JPOTF,Jackpot Digital Inc.,OTC,sec,jackpot digital
STQN,STRATEGIC ACQUISITIONS INC /NV/,OTC,sec,strategic acquisitions nv
KPRX,KIORA PHARMACEUTICALS INC,Nasdaq,sec,kiora pharmaceuticals
ELECF,Electric Royalties Ltd.,OTC,sec,electric royalties
MSAI,"MultiSensor AI Holdings, Inc.",Nasdaq,sec,multisensor ai
RAY,Raytech Holding Ltd,Nasdaq,sec,raytech
RMSG,Real Messenger Corp,Nasdaq,sec,real messenger
AWLIF,Ameriwest Critical Metals Inc.,OTC,sec,ameriwest critical metals
SKK,SKK Holdings Ltd,Nasdaq,sec,skk
BCDA,"BioCardia, Inc.",Nasdaq,sec,biocardia
TRBMF,TORQ RESOURCES INC.,OTC,sec,torq resources
IDAI,T Stamp Inc,Nasdaq,sec,t stamp
FCCI,"FAST CASUAL CONCEPTS, INC.",OTC,sec,fast casual concepts
AIRE,reAlpha Tech Corp.,Nasdaq,sec,realpha tech
CREG,Smart Powerr Corp.,Nasdaq,sec,smart powerr
BTCT,BTC Digital Ltd.,Nasdaq,sec,btc digital
KTEL,"KonaTel, Inc.",OTC,sec,konatel
ELOG,Eastern International Ltd.,Nasdaq,sec,eastern international
HIRU,HIRU Corp,OTC,sec,hiru
QNRX,"Quoin Pharmaceuticals, Ltd.",Nasdaq,sec,quoin pharmaceuticals
RPGL,Republic Power Group Ltd,Nasdaq,sec,republic power
SNTW,Summit Networks Inc.,OTC,sec,summit networks
JBDI,JBDI Holdings Ltd,Nasdaq,sec,jbdi
FTRK,Fast Track Group,Nasdaq,sec,fast track
KAPA,"Kairos Pharma, LTD.",NYSE,sec,kairos pharma
SFHG,SAMFINE CREATION HOLDINGS GROUP Ltd,Nasdaq,sec,samfine creation
GTEC,Greenland Technologies Holding Corp.,Nasdaq,sec,greenland technologies
CGTL,Creative Global Technology Holdings Ltd,Nasdaq,sec,creative global technology
OST,"Ostin Technology Group Co., Ltd.",Nasdaq,sec,ostin technology
ADTI,"Adapti, Inc.",OTC,sec,adapti
WKSP,Worksport Ltd,Nasdaq,sec,worksport
INEO,INNEOVA Holdings Ltd,Nasdaq,sec,inneova
SELX,Semilux International Ltd.,Nasdaq,sec,semilux international
MARPS,MARINE PETROLEUM TRUST,Nasdaq,sec,marine petroleum trust
APRE,"Aprea Therapeutics, Inc.",Nasdaq,sec,aprea therapeutics
AWX,AVALON HOLDINGS CORP,NYSE,sec,avalon
BIVI,BIOVIE INC.,Nasdaq,sec,biovie
CMBMF,Cambium Networks Corp,OTC,sec,cambium networks
ZSTK,ZeroStack Corp.,Nasdaq,sec,zerostack
CALC,"CalciMedica, Inc.",Nasdaq,sec,calcimedica
SOS,SOS Ltd,NYSE,sec,sos
FGI,FGI Industries Ltd.,Nasdaq,sec,fgi industries
GPMTF,GPM Metals Inc.,OTC,sec,gpm metals
OCLN,"ORIGINCLEAR, INC.",OTC,sec,originclear
MTVA,MetaVia Inc.,Nasdaq,sec,metavia
RIME,"Algorhythm Holdings, Inc.",Nasdaq,sec,algorhythm
RGNT,REGENTIS BIOMATERIALS LTD.,NYSE,sec,regentis biomaterials
ROYL,"Royale Energy, Inc.",OTC,sec,royale energy
BFRI,Biofrontera Inc.,Nasdaq,sec,biofrontera
HGTXU,HUGOTON ROYALTY TRUST,OTC,sec,hugoton royalty trust
QURT,"Quarta-Rad, Inc.",OTC,sec,quarta rad
APYP,"APPYEA, INC",OTC,sec,appyea
OBAI,"Our Bond, Inc.",Nasdaq,sec,our bond
AMST,Amesite Inc.,Nasdaq,sec,amesite
DSY,Big Tree Cloud Holdings Ltd,Nasdaq,sec,big tree cloud
QHUOY,QUHUO Ltd,None,sec,quhuo
KXIN,Kaixin Holdings,Nasdaq,sec,kaixin
GULTU,Gulf Coast Ultra Deep Royalty Trust,OTC,sec,gulf coast ultra deep royalty trust
CVR,CHICAGO RIVET & MACHINE CO,NYSE,sec,chicago rivet machine
SABOF,Sabio Holdings Inc.,OTC,sec,sabio
FTSP,"FinTrade Sherpa, Inc.",OTC,sec,fintrade sherpa
GVH,Globavend Holdings Ltd,Nasdaq,sec,globavend
SDCH,"SideChannel, Inc.",OTC,sec,sidechannel
TLIH,Ten-League International Holdings Ltd,Nasdaq,sec,ten league international
IMNN,"Imunon, Inc.",Nasdaq,sec,imunon
CLNV,Clean Vision Corp,OTC,sec,clean vision
REDRF,RED CANYON RESOURCES LTD.,OTC,sec,red canyon resources
HWKE,"Hawkeye Systems, Inc.",OTC,sec,hawkeye systems
HTOO,Fusion Fuel Green PLC,Nasdaq,sec,fusion fuel green
VRME,"VerifyMe, Inc.",Nasdaq,sec,verifyme
PMHS,"Polomar Health Services, Inc.",OTC,sec,polomar health services
NOTV,"Inotiv, Inc.",Nasdaq,sec,inotiv
PURE,"PURE BIOSCIENCE, INC.",OTC,sec,pure bioscience
BCUFF,Bell Copper Corp,OTC,sec,bell copper
AWCA,"Awaysis Capital, Inc.",OTC,sec,awaysis capital
SCND,SCIENTIFIC INDUSTRIES INC,OTC,sec,scientific industries
LNAI,Lunai Bioworks Inc.,Nasdaq,sec,lunai bioworks
SINT,"Sintx Technologies, Inc.",Nasdaq,sec,sintx technologies
OBULF,One Bullion Ltd,OTC,sec,one bullion
ZCRMF,ZINCORE METALS INC,OTC,sec,zincore metals
EVGN,Evogene Ltd.,Nasdaq,sec,evogene
CVAT,"Cavitation Technologies, Inc.",OTC,sec,cavitation technologies
GPOX,"GPO Plus, Inc.",OTC,sec,gpo plus
PBM,PSYENCE BIOMEDICAL LTD.,Nasdaq,sec,psyence biomedical
STFS,Star Fashion Culture Holdings Ltd,Nasdaq,sec,star fashion culture
MCUJF,MEDICURE INC,OTC,sec,medicure
URZEF,URZ3 ENERGY CORP.,OTC,sec,urz3 energy
BOLT,"Bolt Biotherapeutics, Inc.",Nasdaq,sec,bolt biotherapeutics
NTRX,"Entrex Carbon Market, Inc.",OTC,sec,entrex carbon market
CRCW,Crypto Co,OTC,sec,crypto
VRSSF,Verses AI Inc.,OTC,sec,verses ai
CCHH,CCH Holdings Ltd,Nasdaq,sec,cch
AMS,AMERICAN SHARED HOSPITAL SERVICES,NYSE,sec,american shared hospital services
ZTSTF,ZTEST ELECTRONICS INC /FI,OTC,sec,ztest electronics fi
DTST,Data Storage Corp,Nasdaq,sec,data storage
BRGX,"BIOREGENX, INC.",OTC,sec,bioregenx
DQWS,DSwiss Inc,OTC,sec,dswiss
ADXN,Addex Therapeutics Ltd.,Nasdaq,sec,addex therapeutics
CLWT,EURO TECH HOLDINGS CO LTD,Nasdaq,sec,euro tech
MOJO,EQUATOR Beverage Co,OTC,sec,equator beverage
CEIN,"CAMBER ENERGY, INC.",OTC,sec,camber energy
CETY,"Clean Energy Technologies, Inc.",Nasdaq,sec,clean energy technologies
ONEI,OneMeta Inc.,OTC,sec,onemeta
GDC,GD Culture Group Ltd,Nasdaq,sec,gd culture
CURX,Curanex Pharmaceuticals Inc,Nasdaq,sec,curanex pharmaceuticals
LIMN,"Liminatus Pharma, Inc.",Nasdaq,sec,liminatus pharma
KWIK,"KwikClick, Inc.",OTC,sec,kwikclick
DTSS,Datasea Intelligent Technology Ltd.,Nasdaq,sec,datasea intelligent technology
TKLF,"Tokyo Lifestyle Co., Ltd.",Nasdaq,sec,tokyo lifestyle
WFF,WF Holding Ltd,Nasdaq,sec,wf
MSN,EMERSON RADIO CORP,NYSE,sec,emerson radio
ETS,Elite Express Holding Inc.,Nasdaq,sec,elite express
APMCF,MORIEN RESOURCES CORP.,OTC,sec,morien resources
GCDT,Green Circle Decarbonize Technology Ltd,NYSE,sec,green circle decarbonize technology
IMIMF,Interra Copper Corp.,OTC,sec,interra copper
KITT,"Nauticus Robotics, Inc.",Nasdaq,sec,nauticus robotics
YHGJ,YUNHONG GREEN CTI LTD.,Nasdaq,sec,yunhong green cti
CLRO,CLEARONE INC,Nasdaq,sec,clearone
PETZ,"TDH Holdings, Inc.",Nasdaq,sec,tdh
CYAB,"CYABRA, INC.",Nasdaq,sec,cyabra
TRCK,"Track Group, Inc.",OTC,sec,track
LOBO,LOBO TECHNOLOGIES LTD.,Nasdaq,sec,lobo technologies
CETX,CEMTREX INC,Nasdaq,sec,cemtrex
SRRE,SUNRISE REAL ESTATE GROUP INC,OTC,sec,sunrise real estate
NCNA,NuCana plc,Nasdaq,sec,nucana
CETI,"Cyber Enviro-Tech, Inc.",OTC,sec,cyber enviro tech
HNOI,"HNO International, Inc.",OTC,sec,hno international
SLE,"Super League Enterprise, Inc.",Nasdaq,sec,super league enterprise
TDTH,Trident Digital Tech Holdings Ltd,Nasdaq,sec,trident digital tech
GNPX,"Genprex, Inc.",Nasdaq,sec,genprex
ORGN,"Origin Materials, Inc.",Nasdaq,sec,origin materials
CABR,"Caring Brands, Inc.",Nasdaq,sec,caring brands
EUEMF,European Energy Metals Corp.,OTC,sec,european energy metals
IMRN,Immuron Ltd,Nasdaq,sec,immuron
ILAG,Intelligent Living Application Group Inc.,Nasdaq,sec,intelligent living application
NCL,Northann Corp.,NYSE,sec,northann
MYSE,"Myseum.AI, Inc.",Nasdaq,sec,myseum ai
MTEX,MANNATECH INC,Nasdaq,sec,mannatech
ALP,Alpha Compute Corp,Nasdaq,sec,alpha compute
TGHL,GrowHub Ltd,Nasdaq,sec,growhub
SNES,"SenesTech, Inc.",Nasdaq,sec,senestech
VSTD,Vestand Inc.,Nasdaq,sec,vestand
ACXP,"Acurx Pharmaceuticals, Inc.",Nasdaq,sec,acurx pharmaceuticals
CELZ,"CREATIVE MEDICAL TECHNOLOGY HOLDINGS, INC.",Nasdaq,sec,creative medical technology
CNFN,CFN Enterprises Inc.,OTC,sec,cfn enterprises
MIMI,Mint Inc Ltd,Nasdaq,sec,mint
VVOS,"Vivos Therapeutics, Inc.",Nasdaq,sec,vivos therapeutics
DLXY,Delixy Holdings Ltd,Nasdaq,sec,delixy
UUUFF,Recharge Resources Ltd.,None,sec,recharge resources
ARBB,ARB IOT Group Ltd,Nasdaq,sec,arb iot
RBNE,Robin Energy Ltd.,Nasdaq,sec,robin energy
CPIVF,CAPTIVA VERDE WELLNESS CORP.,OTC,sec,captiva verde wellness
TNON,"Tenon Medical, Inc.",Nasdaq,sec,tenon medical
JTAI,Jet.AI Inc.,Nasdaq,sec,jet ai
HWH,HWH International Inc.,Nasdaq,sec,hwh international
HWNI,"HIGH WIRE NETWORKS, INC.",OTC,sec,high wire networks
YJ,Yunji Inc.,Nasdaq,sec,yunji
VYND,"Vynleads, Inc.",OTC,sec,vynleads
YCBD,"cbdMD, Inc.",NYSE,sec,cbdmd
INBS,INTELLIGENT BIO SOLUTIONS INC.,Nasdaq,sec,intelligent bio solutions
PMCB,"PharmaCyte Biotech, Inc.",Nasdaq,sec,pharmacyte biotech
GNVR,Genvor Inc,OTC,sec,genvor
RETO,"ReTo Eco-Solutions, Inc.",Nasdaq,sec,reto eco solutions
ACON,"Aclarion, Inc.",Nasdaq,sec,aclarion
USAQ,"QHSLab, Inc.",OTC,sec,qhslab
BIAF,"bioAffinity Technologies, Inc.",Nasdaq,sec,bioaffinity technologies
ELAB,PMGC Holdings Inc.,Nasdaq,sec,pmgc
SYNX,Silynxcom Ltd.,NYSE,sec,silynxcom
GWTI,"GREENWAY TECHNOLOGIES, INC. & SUBSIDIARIES",OTC,sec,greenway technologies subsidiaries
OXBR,OXBRIDGE RE HOLDINGS Ltd,Nasdaq,sec,oxbridge re
ANY,Sphere 3D Corp.,Nasdaq,sec,sphere 3d
BCLI,BRAINSTORM CELL THERAPEUTICS INC.,OTC,sec,brainstorm cell therapeutics
PUBC,Purebase Corp,OTC,sec,purebase
MTR,MESA ROYALTY TRUST/TX,NYSE,sec,mesa royalty trust tx
KRKR,36Kr Holdings Inc.,Nasdaq,sec,36kr
KAYS,"Kaya Holdings, Inc.",OTC,sec,kaya
DFSC,DEFSEC Technologies Inc.,Nasdaq,sec,defsec technologies
AITTF,TRENCHANT TECHNOLOGIES CAPITAL CORP.,OTC,sec,trenchant technologies capital
WAFU,Wah Fu Education Group Ltd,Nasdaq,sec,wah fu education
VSEE,"VSEE HEALTH, INC.",Nasdaq,sec,vsee health
AGRZ,Agroz Inc.,Nasdaq,sec,agroz
BMRA,BIOMERICA INC,Nasdaq,sec,biomerica
MRM,Medirom Healthcare Technologies Inc.,Nasdaq,sec,medirom healthcare technologies
LTUM,Lithium Corp,OTC,sec,lithium
LCFY,Locafy Ltd,Nasdaq,sec,locafy
BETRF,BetterLife Pharma Inc.,OTC,sec,betterlife pharma
ITOC,iTonic Holdings Ltd,Nasdaq,sec,itonic
MMTRS,MILLS MUSIC TRUST,OTC,sec,mills music trust
FBGL,FBS Global Ltd,Nasdaq,sec,fbs global
AIXI,Xiao-I Corp,Nasdaq,sec,xiao i
CWD,CaliberCos Inc.,Nasdaq,sec,calibercos
PCSA,"Processa Pharmaceuticals, Inc.",Nasdaq,sec,processa pharmaceuticals
BRQL,DYNAMIC AEROSPACE SYSTEMS Corp,OTC,sec,dynamic aerospace systems
HCWB,HCW Biologics Inc.,Nasdaq,sec,hcw biologics
LVRLF,CordovaCann Corp.,OTC,sec,cordovacann
SEAV,SEATech Ventures Corp.,OTC,sec,seatech ventures
IFBD,"Infobird Co., Ltd",Nasdaq,sec,infobird
CODX,"Co-Diagnostics, Inc.",Nasdaq,sec,diagnostics
TRRFF,TRIFECTA GOLD LTD,OTC,sec,trifecta gold
GLNS,Golden Star Resource Corp.,OTC,sec,golden star resource
HAMRF,SILVER HAMMER MINING CORP,OTC,sec,silver hammer mining
ASBP,"Aspire Biopharma Holdings, Inc.",Nasdaq,sec,aspire biopharma
AKAN,AKANDA CORP.,Nasdaq,sec,akanda
SCKT,"SOCKET MOBILE, INC.",Nasdaq,sec,socket mobile
JCTC,JEWETT CAMERON TRADING CO LTD,Nasdaq,sec,jewett cameron trading
KLYG,"Kelyniam Global, Inc.",OTC,sec,kelyniam global
MGRX,"MANGOCEUTICALS, INC.",Nasdaq,sec,mangoceuticals
GEBRF,Greenbriar Sustainable Living Inc.,OTC,sec,greenbriar sustainable living
SERPY,Top End Energy Ltd/ADR,OTC,sec,top end energy
FMFC,Kandal M Venture Ltd,Nasdaq,sec,kandal m venture
GOVX,"GeoVax Labs, Inc.",Nasdaq,sec,geovax labs
SYBX,"SYNLOGIC, INC.",OTC,sec,synlogic
NIMU,NON INVASIVE MONITORING SYSTEMS INC /FL/,OTC,sec,non invasive monitoring systems fl
EWSB,"EWSB Bancorp, Inc. /MD/",OTC,sec,ewsb bancorp md
MRAI,"Marpai, Inc.",OTC,sec,marpai
GLE,Global Engine Group Holding Ltd,Nasdaq,sec,global engine
NDRA,ENDRA Life Sciences Inc.,Nasdaq,sec,endra life sciences
CANF,Can-Fite BioPharma Ltd.,NYSE,sec,can fite biopharma
DKI,DarkIris Inc.,Nasdaq,sec,darkiris
SXTC,"China SXT Pharmaceuticals, Inc.",Nasdaq,sec,china sxt pharmaceuticals
UGRO,"urban-gro, Inc.",Nasdaq,sec,urban gro
ADVB,Advanced Biomed Inc.,Nasdaq,sec,advanced biomed
CRWE,"Crown Equity Holdings, Inc.",OTC,sec,crown equity
APM,Aptorum Group Ltd,Nasdaq,sec,aptorum
AMLM,"AMERICAN LITHIUM MINERALS, INC.",OTC,sec,american lithium minerals
BTBD,"BT Brands, Inc.",Nasdaq,sec,bt brands
NVNO,enVVeno Medical Corp,Nasdaq,sec,envveno medical
VNTXF,FORTE GROUP HOLDINGS INC.,OTC,sec,forte
SPFX,"STANDARD PREMIUM FINANCE HOLDINGS, INC.",OTC,sec,standard premium finance
DSNY,DESTINY MEDIA TECHNOLOGIES INC,OTC,sec,destiny media technologies
BMXI,BROOKMOUNT EXPLORATIONS INC,OTC,sec,brookmount explorations
BASA,"BASANITE, INC.",OTC,sec,basanite
BABB,"BAB, INC.",OTC,sec,bab
MGN,Megan Holdings Ltd.,Nasdaq,sec,megan
NROM,NOBLE ROMANS INC,OTC,sec,noble romans
XBIO,"Xenetic Biosciences, Inc.",Nasdaq,sec,xenetic biosciences
NYMXF,NYMOX PHARMACEUTICAL CORP,OTC,sec,nymox pharmaceutical
NXL,"Nexalin Technology, Inc.",Nasdaq,sec,nexalin technology
SKAS,"Saker Aviation Services, Inc.",OTC,sec,saker aviation services
NGTF,"NightFood Holdings, Inc.",OTC,sec,nightfood
IPDN,"Professional Diversity Network, Inc.",Nasdaq,sec,professional diversity network
ZDPY,"Zoned Properties, Inc.",OTC,sec,zoned properties
HKIT,HiTek Global Inc.,Nasdaq,sec,hitek global
TGL,TREASURE GLOBAL INC,Nasdaq,sec,treasure global
ZICX,Zicix Corp,OTC,sec,zicix
BCAB,"BioAtla, Inc.",Nasdaq,sec,bioatla
BTM,Bitcoin Depot Inc.,Nasdaq,sec,bitcoin depot
AZI,Autozi Internet Technology (Global) Ltd.,Nasdaq,sec,autozi internet technology global
PLCKF,Plurilock Security Inc.,OTC,sec,plurilock security
IQST,iQSTEL Inc,Nasdaq,sec,iqstel
MSGY,Masonglory Ltd,Nasdaq,sec,masonglory
GRAPF,First Canadian Graphite Inc.,OTC,sec,first canadian graphite
SONM,"DNA X, Inc.",Nasdaq,sec,dna x
BLIS,"NAPC Defense, Inc.",OTC,sec,napc defense
WAST,WASTE ENERGY CORP.,OTC,sec,waste energy
AITX,Artificial Intelligence Technology Solutions Inc.,OTC,sec,artificial intelligence technology solutions
DXYN,DIXIE GROUP INC,OTC,sec,dixie
POLA,"Polar Power, Inc.",Nasdaq,sec,polar power
CAPC,"CAPSTONE COMPANIES, INC.",OTC,sec,capstone companies
WNW,Meiwu Technology Co Ltd,Nasdaq,sec,meiwu technology
MFBI,"Monroe Federal Bancorp, Inc.",OTC,sec,monroe federal bancorp
INBP,INTEGRATED BIOPHARMA INC,OTC,sec,integrated biopharma
BVAXF,BioVaxys Technology Corp.,OTC,sec,biovaxys technology
CMGHF,CHAODA MODERN AGRICULTURE HOLDINGS LTD /FI,OTC,sec,chaoda modern agriculture fi
IONI,I-ON Digital Corp.,OTC,sec,i on digital
FABC,"Fabric.AI, Inc.",Nasdaq,sec,fabric ai
WBUY,WEBUY GLOBAL LTD,Nasdaq,sec,webuy global
PIAC,PRINCETON CAPITAL CORP,OTC,sec,princeton capital
MITQ,MOVING iMAGE TECHNOLOGIES INC.,NYSE,sec,moving image technologies
STME,Stimcell Energetics Inc.,OTC,sec,stimcell energetics
ESHSF,Eddy Smart Home Solutions Ltd.,OTC,sec,eddy smart home solutions
HXHX,Haoxin Holdings Ltd,Nasdaq,sec,haoxin
JCSE,JE Cleantech Holdings Ltd,Nasdaq,sec,je cleantech
TRLEF,Trillion Energy International Inc.,None,sec,trillion energy international
SILO,"Silo Pharma, Inc.",Nasdaq,sec,silo pharma
HLYK,HealthLynked Corp,OTC,sec,healthlynked
FTFT,Future FinTech Group Inc.,Nasdaq,sec,future fintech
HCWC,HEALTHY CHOICE WELLNESS CORP.,NYSE,sec,healthy choice wellness
HSCS,HeartSciences Inc.,Nasdaq,sec,heartsciences
TANH,TANTECH HOLDINGS LTD,Nasdaq,sec,tantech
ZCMD,Zhongchao Inc.,Nasdaq,sec,zhongchao
TCRT,"Alaunos Therapeutics, Inc.",Nasdaq,sec,alaunos therapeutics
GURE,"GULF RESOURCES, INC.",Nasdaq,sec,gulf resources
LCTC,"Lifeloc Technologies, Inc",OTC,sec,lifeloc technologies
XTLB,XTL BIOPHARMACEUTICALS LTD,Nasdaq,sec,xtl biopharmaceuticals
AMZE,"AMAZE HOLDINGS, INC.",NYSE,sec,amaze
OLOX,OLENOX INDUSTRIES INC.,Nasdaq,sec,olenox industries
AIM,AIM ImmunoTech Inc.,NYSE,sec,aim immunotech
HGYN,HONG YUAN HOLDING GROUP,OTC,sec,hong yuan
GLXG,Galaxy Payroll Group Ltd,Nasdaq,sec,galaxy payroll
ORKT,ORANGEKLOUD TECHNOLOGY INC.,Nasdaq,sec,orangekloud technology
CLGN,CollPlant Biotechnologies Ltd,Nasdaq,sec,collplant biotechnologies
RBOT,Vicarious Surgical Inc.,OTC,sec,vicarious surgical
CENN,Cenntro Inc.,Nasdaq,sec,cenntro
NVGLF,NV Gold Corp,OTC,sec,nv gold
VRRCF,VR Resources Ltd.,OTC,sec,vr resources
LUCY,Innovative Eyewear Inc,Nasdaq,sec,innovative eyewear
MWG,Multi Ways Holdings Ltd,NYSE,sec,multi ways
ADMQ,"ADM ENDEAVORS, INC.",OTC,sec,adm endeavors
SSM,Sono Group N.V.,Nasdaq,sec,sono n v
CDT,CDT Equity Inc.,Nasdaq,sec,cdt equity
XPON,Expion360 Inc.,Nasdaq,sec,expion360
SPHL,SPRINGVIEW HOLDINGS LTD,Nasdaq,sec,springview
CUPR,Cuprina Holdings (Cayman) LTD,Nasdaq,sec,cuprina cayman
KIQSF,KELSO TECHNOLOGIES INC,OTC,sec,kelso technologies
SNTG,Sentage Holdings Inc.,Nasdaq,sec,sentage
MEGL,Magic Empire Global Ltd,Nasdaq,sec,magic empire global
TCRI,"TechCom, Inc.",OTC,sec,techcom
SOAR,"Volato Group, Inc.",NYSE,sec,volato
ZPHYF,ZEPHYR MINERALS LTD.,OTC,sec,zephyr minerals
RNAZ,"Transcode Therapeutics, Inc.",Nasdaq,sec,transcode therapeutics
CVSI,"CV Sciences, Inc.",OTC,sec,cv sciences
AERA,AI Era Corp.,OTC,sec,ai era
NBLXF,Noble Plains Uranium Corp.,OTC,sec,noble plains uranium
FBLG,"FibroBiologics, Inc.",Nasdaq,sec,fibrobiologics
NXGL,"NEXGEL, INC.",Nasdaq,sec,nexgel
TOPS,TOP SHIPS INC.,NYSE,sec,top ships
SNGX,"SOLIGENIX, INC.",Nasdaq,sec,soligenix
MHUAF,"Meihua International Medical Technologies Co., Ltd.",OTC,sec,meihua international medical technologies
AMBIQ,Ambipar Emergency Response,OTC,sec,ambipar emergency response
VS,Versus Systems Inc.,Nasdaq,sec,versus systems
AQB,AQUABOUNTY TECHNOLOGIES INC,Nasdaq,sec,aquabounty technologies
TSEOF,Trinseo PLC,OTC,sec,trinseo
GP,GREENPOWER MOTOR Co INC.,Nasdaq,sec,greenpower motor
AETN,"AETERNUM HEALTH, INC.",OTC,sec,aeternum health
OLB,"OLB GROUP, INC.",Nasdaq,sec,olb
XAIR,"Beyond Air, Inc.",Nasdaq,sec,beyond air
JWEL,Jowell Global Ltd.,Nasdaq,sec,jowell global
NOTE,"FiscalNote Holdings, Inc.",OTC,sec,fiscalnote
AAMTF,Armada Mercantile Ltd,OTC,sec,armada mercantile
UBXG,U-BX Technology Ltd.,Nasdaq,sec,u bx technology
ALDS,APPlife Digital Solutions Inc,OTC,sec,applife digital solutions
MLEC,Moolec Science SA,Nasdaq,sec,moolec science sa
MAXNQ,"Maxeon Solar Technologies, Ltd.",OTC,sec,maxeon solar technologies
ADMT,"ADM TRONICS UNLIMITED, INC.",OTC,sec,adm tronics unlimited
AIHS,Senmiao Technology Ltd,Nasdaq,sec,senmiao technology
MNDR,Mobile-health Network Solutions,Nasdaq,sec,mobile health network solutions
PPBT,PURPLE BIOTECH LTD.,Nasdaq,sec,purple biotech
VIVK,"Vivakor, Inc.",Nasdaq,sec,vivakor
TWAV,"TaoWeave, Inc.",Nasdaq,sec,taoweave
XITO,"Xenous Holdings, Inc.",OTC,sec,xenous
RVPH,"REVIVA PHARMACEUTICALS HOLDINGS, INC.",OTC,sec,reviva pharmaceuticals
INM,InMed Pharmaceuticals Inc.,Nasdaq,sec,inmed pharmaceuticals
BGMS,"Bio Green Med Solution, Inc.",Nasdaq,sec,bio green med solution
DAIC,"CID Holdco, Inc.",Nasdaq,sec,cid holdco
WXM,WF International Ltd.,Nasdaq,sec,wf international
SMTK,"SmartKem, Inc.",Nasdaq,sec,smartkem
WCT,Wellchange Holdings Co Ltd,Nasdaq,sec,wellchange
ITHR,"Intelithrive, Inc.",OTC,sec,intelithrive
DSS,"DSS, INC.",NYSE,sec,dss
APVO,Aptevo Therapeutics Inc.,Nasdaq,sec,aptevo therapeutics
MFON,MOBIVITY HOLDINGS CORP.,OTC,sec,mobivity
ZONE,"CleanCore Solutions, Inc.",NYSE,sec,cleancore solutions
XHLD,"TEN Holdings, Inc.",Nasdaq,sec,ten
GITS,"Global Interactive Technologies, Inc.",Nasdaq,sec,global interactive technologies
MTEN,Mingteng International Corp Inc.,Nasdaq,sec,mingteng international
NMEX,NORTHERN MINERALS & EXPLORATION LTD.,OTC,sec,northern minerals exploration
SYRA,Syra Health Corp,OTC,sec,syra health
BGLC,BioNexus Gene Lab Corp,Nasdaq,sec,bionexus gene lab
WLDS,Wearable Devices Ltd.,Nasdaq,sec,wearable devices
LUDG,"LUDWIG ENTERPRISES, INC.",OTC,sec,ludwig enterprises
CPMV,Mosaic ImmunoEngineering Inc.,OTC,sec,mosaic immunoengineering
CHNR,CHINA NATURAL RESOURCES INC,Nasdaq,sec,china natural resources
VEST,Loan Artificial Intelligence Corp.,None,sec,loan artificial intelligence
BKYI,BIO KEY INTERNATIONAL INC,OTC,sec,bio key international
CLEV,Concrete Leveling Systems Inc,OTC,sec,concrete leveling systems
HVGDF,HARVEST GOLD CORP,OTC,sec,harvest gold
SMX,SMX (Security Matters) Public Ltd Co,Nasdaq,sec,smx security matters public
GLGI,"GREYSTONE LOGISTICS, INC.",OTC,sec,greystone logistics
FASLF,First Andes Silver Ltd.,OTC,sec,first andes silver
NWTG,"Newton Golf Company, Inc.",Nasdaq,sec,newton golf
BRQSF,"Borqs Technologies, Inc.",OTC,sec,borqs technologies
KRTL,KRTL Holding Group Inc,OTC,sec,krtl
IOTR,iOThree Ltd,Nasdaq,sec,iothree
MBIO,"MUSTANG BIO, INC.",Nasdaq,sec,mustang bio
CIIT,"Tianci International, Inc.",Nasdaq,sec,tianci international
ISPC,iSpecimen Inc.,Nasdaq,sec,ispecimen
RDHL,RedHill Biopharma Ltd.,Nasdaq,sec,redhill biopharma
MKZR,"MacKenzie Realty Capital, Inc.",Nasdaq,sec,mackenzie realty capital
AVPMF,AVRUPA MINERALS LTD.,OTC,sec,avrupa minerals
PWDY,"POWERDYNE INTERNATIONAL, INC.",OTC,sec,powerdyne international
HYFM,"HYDROFARM HOLDINGS GROUP, INC.",Nasdaq,sec,hydrofarm
SRCO,"SPARTA COMMERCIAL SERVICES, INC.",OTC,sec,sparta commercial services
DRMA,"Dermata Therapeutics, Inc.",Nasdaq,sec,dermata therapeutics
BRTX,"BioRestorative Therapies, Inc.",Nasdaq,sec,biorestorative therapies
WAI,Top KingWin Ltd,Nasdaq,sec,top kingwin
FRSX,Foresight Autonomous Holdings Ltd.,Nasdaq,sec,foresight autonomous
RHEP,"REGIONAL HEALTH PROPERTIES, INC",OTC,sec,regional health properties
CTTH,"CTT PHARMACEUTICAL HOLDINGS, INC.",OTC,sec,ctt pharmaceutical
EJH,E-Home Household Service Holdings Ltd,Nasdaq,sec,e home household service
PMAX,Powell Max Ltd,Nasdaq,sec,powell max
EEIQ,EpicQuest Education Group International Ltd,Nasdaq,sec,epicquest education international
PULM,"Pulmatrix, Inc.",Nasdaq,sec,pulmatrix
MI,NFT Ltd,NYSE,sec,nft
CLIK,Click Holdings Ltd.,Nasdaq,sec,click
BTCY,BIOTRICITY INC.,OTC,sec,biotricity
TGNT,"Totaligent, Inc.",OTC,sec,totaligent
BNZI,"Banzai International, Inc.",Nasdaq,sec,banzai international
VERTF,Vertiqal Studios Corp.,OTC,sec,vertiqal studios
CYCU,"Cycurion, Inc.",Nasdaq,sec,cycurion
ROIUF,Route1 Inc.,OTC,sec,route1
ADIL,"ADIAL PHARMACEUTICALS, INC.",Nasdaq,sec,adial pharmaceuticals
VYST,Vystar Corp,OTC,sec,vystar
CRE,Cre8 Enterprise Ltd,Nasdaq,sec,cre8 enterprise
CAPS,Capstone Holding Corp.,Nasdaq,sec,capstone
CJMB,CALLAN JMB INC.,Nasdaq,sec,callan jmb
TOGI,"TurnOnGreen, Inc.",OTC,sec,turnongreen
AVCRF,Avricore Health Inc.,OTC,sec,avricore health
XCRT,"Xcelerate, Inc.",OTC,sec,xcelerate
PRSI,PORTSMOUTH SQUARE INC,OTC,sec,portsmouth square
HCTI,"Healthcare Triangle, Inc.",Nasdaq,sec,healthcare triangle
THURF,Thunderstruck Resources Ltd.,OTC,sec,thunderstruck resources
SVUHF,SRIVARU Holding Ltd,OTC,sec,srivaru
ACUT,Accustem Sciences Inc.,OTC,sec,accustem sciences
YDKG,Yueda Digital Holding,Nasdaq,sec,yueda digital
APTOF,Aptose Biosciences Inc.,OTC,sec,aptose biosciences
GHST,GHST World Inc.,OTC,sec,ghst world
ICON,Icon Energy Corp,Nasdaq,sec,icon energy
RMSL,RemSleep Holdings Inc.,OTC,sec,remsleep
IZM,ICZOOM Group Inc.,Nasdaq,sec,iczoom
BAOS,Baosheng Media Group Holdings Ltd,Nasdaq,sec,baosheng media
ENVB,"Enveric Biosciences, Inc.",Nasdaq,sec,enveric biosciences
GSUN,Golden Sun Technology Group Ltd.,Nasdaq,sec,golden sun technology
ASTC,ASTROTECH Corp,Nasdaq,sec,astrotech
GELS,Gelteq Ltd,Nasdaq,sec,gelteq
WLFFF,Wolfden Resources Corp,OTC,sec,wolfden resources
SQFT,"Presidio Property Trust, Inc.",Nasdaq,sec,presidio property trust
VPRB,"VPR Brands, LP.",OTC,sec,vpr brands lp
GBR,"New Concept Energy, Inc.",NYSE,sec,new concept energy
SPTY,"SPECIFICITY, INC.",OTC,sec,specificity
CDIO,"Cardio Diagnostics Holdings, Inc.",Nasdaq,sec,cardio diagnostics
SUNE,"SUNation Energy, Inc.",Nasdaq,sec,sunation energy
ONFO,"Onfolio Holdings, Inc",Nasdaq,sec,onfolio
REVB,"REVELATION BIOSCIENCES, INC.",Nasdaq,sec,revelation biosciences
DROR,"Dror Ortho-Design, Inc.",OTC,sec,dror ortho design
CDTG,CDT Environmental Technology Investment Holdings Ltd,Nasdaq,sec,cdt environmental technology investment
BIXT,"BIOXYTRAN, INC",OTC,sec,bioxytran
BUDZ,"WEED, INC.",OTC,sec,weed
SSEBF,SILVER SPRUCE RESOURCES INC.,OTC,sec,silver spruce resources
AKTX,Akari Therapeutics Plc,Nasdaq,sec,akari therapeutics
CNSP,"CNS Pharmaceuticals, Inc.",Nasdaq,sec,cns pharmaceuticals
SNYR,Synergy CHC Corp.,Nasdaq,sec,synergy chc
ALZN,"Alzamend Neuro, Inc.",Nasdaq,sec,alzamend neuro
PSYCF,Psyched Wellness Ltd.,OTC,sec,psyched wellness
CYAN,CYANOTECH CORP,OTC,sec,cyanotech
MAGE,MAGELLAN COPPER & GOLD Corp,OTC,sec,magellan copper gold
SVRE,SaverOne 2014 Ltd.,Nasdaq,sec,saverone 2014
GLMD,Galmed Pharmaceuticals Ltd.,Nasdaq,sec,galmed pharmaceuticals
PHGE,BiomX Inc.,NYSE,sec,biomx
ABCFF,ABACUS MINING & EXPLORATION CORP,OTC,sec,abacus mining exploration
VIVS,"VivoSim Labs, INC.",Nasdaq,sec,vivosim labs
SXTP,"60 DEGREES PHARMACEUTICALS, INC.",Nasdaq,sec,60 degrees pharmaceuticals
GRHI,"GOLD ROCK HOLDINGS, INC.",OTC,sec,gold rock
IVDA,"Iveda Solutions, Inc.",Nasdaq,sec,iveda solutions
EDHL,Everbright Digital Holding Ltd.,Nasdaq,sec,everbright digital
OCG,Oriental Culture Holding LTD,Nasdaq,sec,oriental culture
HIHO,HIGHWAY HOLDINGS LTD,Nasdaq,sec,highway
CPCPF,CopperCorp Resources Inc.,OTC,sec,coppercorp resources
ZHDM,Ainnova Tech,OTC,sec,ainnova tech
LMFA,"LM FUNDING AMERICA, INC.",Nasdaq,sec,lm funding america
KCRD,"Kindcard, Inc.",OTC,sec,kindcard
ATXG,ADDENTAX GROUP CORP.,Nasdaq,sec,addentax
XRTX,XORTX Therapeutics Inc.,Nasdaq,sec,xortx therapeutics
MTNB,"Matinas BioPharma Holdings, Inc.",NYSE,sec,matinas biopharma
JEM,707 Cayman Holdings Ltd.,Nasdaq,sec,707 cayman
RENX,RenX Enterprises Corp.,Nasdaq,sec,renx enterprises
YYGH,YY Group Holding Ltd.,Nasdaq,sec,yy
TUTH,Standard Dental Labs Inc.,OTC,sec,standard dental labs
LBSR,LIBERTY STAR URANIUM & METALS CORP.,OTC,sec,liberty star uranium metals
SNOA,"Sonoma Pharmaceuticals, Inc.",Nasdaq,sec,sonoma pharmaceuticals
IWSH,"Wright Investors Service Holdings, Inc.",OTC,sec,wright investors service
ALBT,Avalon GloboCare Corp.,Nasdaq,sec,avalon globocare
RTCJF,Baijiayun Group Ltd,OTC,sec,baijiayun
LMRMF,Lomiko Metals Inc.,OTC,sec,lomiko metals
AUUD,AUDDIA INC.,Nasdaq,sec,auddia
BYAH,"Park Ha Biological Technology Co., Ltd.",Nasdaq,sec,park ha biological technology
DXF,Eason Technology Ltd,NYSE,sec,eason technology
NCRA,"NOCERA, INC.",Nasdaq,sec,nocera
HTCR,"HeartCore Enterprises, Inc.",Nasdaq,sec,heartcore enterprises
FEED,"ENvue Medical, Inc.",Nasdaq,sec,envue medical
EGMCF,EMERGENT METALS CORP.,OTC,sec,emergent metals
SHPH,"Shuttle Pharmaceuticals Holdings, Inc.",Nasdaq,sec,shuttle pharmaceuticals
SNRG,SusGlobal Energy Corp.,OTC,sec,susglobal energy
EPWKF,EPWK Holdings Ltd.,OTC,sec,epwk
GEGP,GOLD ENTERPRISE GROUP INC,OTC,sec,gold enterprise
DXST,Decent Holding Inc.,Nasdaq,sec,decent
SOBR,"SOBR Safe, Inc.",Nasdaq,sec,sobr safe
ITP,"IT TECH PACKAGING, INC.",NYSE,sec,it tech packaging
BIYA,Baiya International Group Inc.,Nasdaq,sec,baiya international
EHGO,EShallGo Inc.,Nasdaq,sec,eshallgo
LBGJ,Li Bang International Corp Inc.,Nasdaq,sec,li bang international
PLTYF,"Plastec Technologies, Ltd.",OTC,sec,plastec technologies
GRI,"GRI Bio, Inc.",Nasdaq,sec,gri bio
TOFB,TOFUTTI BRANDS INC,OTC,sec,tofutti brands
AEMD,AETHLON MEDICAL INC,Nasdaq,sec,aethlon medical
IPST,"IP STRATEGY HOLDINGS, INC.",Nasdaq,sec,ip strategy
CIMG,CIMG Inc.,OTC,sec,cimg
AMIX,"Autonomix Medical, Inc.",Nasdaq,sec,autonomix medical
INHD,INNO HOLDINGS INC.,Nasdaq,sec,inno
VEEE,"Twin Vee PowerCats, Co.",Nasdaq,sec,twin vee powercats
SGLY,Singularity Future Technology Ltd.,Nasdaq,sec,singularity future technology
CTNT,CHEETAH NET SUPPLY CHAIN SERVICE INC.,Nasdaq,sec,cheetah net supply chain service
WHLT,CHASE PACKAGING CORP,OTC,sec,chase packaging
MSS,Maison Solutions Inc.,Nasdaq,sec,maison solutions
RAYA,Erayak Power Solution Group Inc.,Nasdaq,sec,erayak power solution
HIGR,Hi-Great Group Holding Co,OTC,sec,hi great
NXTS,Nexentis Technologies Inc.,Nasdaq,sec,nexentis technologies
FMHS,"FARMHOUSE, INC. /NV",OTC,sec,farmhouse nv
BITTF,BITTERROOT RESOURCES LTD,OTC,sec,bitterroot resources
FUNI,"Hypha Labs, Inc.",OTC,sec,hypha labs
KSEZ,Kinetic Seas Inc.,OTC,sec,kinetic seas
KIDZ,"Classover Holdings, Inc.",Nasdaq,sec,classover
BQ,Boqii Holding Ltd,NYSE,sec,boqii
LBUY,"LEAFBUYER TECHNOLOGIES, INC.",OTC,sec,leafbuyer technologies
BOXL,Boxlight Corp,Nasdaq,sec,boxlight
AZTR,"Azitra, Inc.",NYSE,sec,azitra
INDP,"Indaptus Therapeutics, Inc.",Nasdaq,sec,indaptus therapeutics
ARTL,"ARTELO BIOSCIENCES, INC.",Nasdaq,sec,artelo biosciences
ZNB,Zeta Network Group,Nasdaq,sec,zeta network
CBIH,"Cannabis Bioscience International Holdings, Inc.",OTC,sec,cannabis bioscience international
TBLLF,Tombill Mines Ltd,OTC,sec,tombill mines
HAO,Haoxi Health Technology Ltd,Nasdaq,sec,haoxi health technology
MECPF,MUSTANG ENERGY CORP.,OTC,sec,mustang energy
NCPL,Netcapital Inc.,Nasdaq,sec,netcapital
CASIF,"CASI Pharmaceuticals, Inc.",OTC,sec,casi pharmaceuticals
CHSN,Chanson International Holding,Nasdaq,sec,chanson international
DCOY,Decoy Therapeutics Inc.,Nasdaq,sec,decoy therapeutics
CUEN,Cuentas Inc.,OTC,sec,cuentas
XXII,"22nd Century Group, Inc.",Nasdaq,sec,22nd century
FLYE,"Fly-E Group, Inc.",Nasdaq,sec,fly e
PGOL,PATRIOT GOLD CORP,OTC,sec,patriot gold
QWTR,"Quest Water Global, Inc.",OTC,sec,quest water global
MVNC,Marvion Inc.,OTC,sec,marvion
VCIG,VCI Global Ltd,Nasdaq,sec,vci global
GWAV,"Greenwave Technology Solutions, Inc.",Nasdaq,sec,greenwave technology solutions
SENR,"Strategic Environmental & Energy Resources, Inc.",OTC,sec,strategic environmental energy resources
ABTS,Abits Group Inc,Nasdaq,sec,abits
SYGCF,Sylla Gold Corp.,OTC,sec,sylla gold
CHR,"Cheer Holding, Inc.",Nasdaq,sec,cheer
ENSC,"Ensysce Biosciences, Inc.",Nasdaq,sec,ensysce biosciences
CLDI,"Calidi Biotherapeutics, Inc.",NYSE,sec,calidi biotherapeutics
LXEH,Lixiang Education Holding Co. Ltd.,Nasdaq,sec,lixiang education
CNRCF,Canter Resources Corp.,OTC,sec,canter resources
FWFW,"FLYWHEEL ADVANCED TECHNOLOGY, INC.",OTC,sec,flywheel advanced technology
KLSVF,KLONDIKE SILVER CORP.,OTC,sec,klondike silver
SRKZF,SKY GOLD CORP.,OTC,sec,sky gold
BTOG,BIT ORIGIN Ltd,Nasdaq,sec,bit origin
DRCT,"Direct Digital Holdings, Inc.",Nasdaq,sec,direct digital
LIFD,LFTD PARTNERS INC.,OTC,sec,lftd partners
UCAR,U Power Ltd,Nasdaq,sec,u power
ALTX,ALTEX INDUSTRIES INC,OTC,sec,altex industries
CLRI,"Cleartronic, Inc.",OTC,sec,cleartronic
DOGP,"Dogecoin Cash, Inc.",OTC,sec,dogecoin cash
SPRC,SciSparc Ltd.,Nasdaq,sec,scisparc
IPSI,"Innovative Payment Solutions, Inc.",OTC,sec,innovative payment solutions
OVTZ,OCULUS INC.,OTC,sec,oculus
OGEN,ORAGENICS INC,NYSE,sec,oragenics
DPLS,"DarkPulse, Inc.",OTC,sec,darkpulse
NUWE,"Nuwellis, Inc.",Nasdaq,sec,nuwellis
AGMH,"AGM GROUP HOLDINGS, INC.",Nasdaq,sec,agm
LNKS,Linkers Industries Ltd,Nasdaq,sec,linkers industries
VBIO,"Valion Bio, Inc.",Nasdaq,sec,valion bio
HEPA,"Hepion Pharmaceuticals, Inc.",OTC,sec,hepion pharmaceuticals
CPMD,"CANNAPHARMARX, INC.",OTC,sec,cannapharmarx
FFLO,"Free Flow USA, Inc.",OTC,sec,free flow usa
LINMF,Linear Minerals Corp,OTC,sec,linear minerals
WCUFF,World Copper Ltd.,OTC,sec,world copper
MYSZ,"My Size, Inc.",Nasdaq,sec,my size
NCT,Intercont (Cayman) Ltd,Nasdaq,sec,intercont cayman
AUMN,Golden Minerals Co,OTC,sec,golden minerals
CMND,Clearmind Medicine Inc.,Nasdaq,sec,clearmind medicine
ASNS,ACTELIS NETWORKS INC,OTC,sec,actelis networks
PREM,Premier Air Charter Holdings Inc.,OTC,sec,premier air charter
VSME,VS MEDIA Holdings Ltd,Nasdaq,sec,vs media
MDLK,ModuLink Inc.,OTC,sec,modulink
GIPR,"GENERATION INCOME PROPERTIES, INC.",Nasdaq,sec,generation income properties
NVSGF,Nevada Sunrise Metals Corp.,OTC,sec,nevada sunrise metals
IVF,"INVO Fertility, Inc.",Nasdaq,sec,invo fertility
BNBX,BNB PLUS CORP.,Nasdaq,sec,bnb plus
VRAX,Virax Biolabs Group Ltd,Nasdaq,sec,virax biolabs
BBLG,Bone Biologics Corp,Nasdaq,sec,bone biologics
SKYI,"Sky Century Investment, Inc.",OTC,sec,sky century investment
MMEX,MMEX Resources Corp,OTC,sec,mmex resources
GTCH,GBT Technologies Inc.,OTC,sec,gbt technologies
VTAK,"Catheter Precision, Inc.",NYSE,sec,catheter precision
SBFM,Sunshine Biopharma Inc.,Nasdaq,sec,sunshine biopharma
SOPA,SOCIETY PASS INCORPORATED.,Nasdaq,sec,society pass
SHFS,"SHF Holdings, Inc.",Nasdaq,sec,shf
PW,Power REIT,NYSE,sec,power reit
UK,Ucommune International Ltd,Nasdaq,sec,ucommune international
ORIS,ORIENTAL RISE HOLDINGS Ltd,Nasdaq,sec,oriental rise
GPUSF,Alset Capital Inc.,None,sec,alset capital
ATPC,Agape ATP Corp,Nasdaq,sec,agape atp
EZRA,"Reliance Global Group, Inc.",Nasdaq,sec,reliance global
STKH,Steakholder Foods Ltd.,Nasdaq,sec,steakholder foods
CRCE,"Circle Energy, Inc./NV",OTC,sec,circle energy nv
CNET,ZW Data Action Technologies Inc.,Nasdaq,sec,zw data action technologies
SBEV,"SPLASH BEVERAGE GROUP, INC.",NYSE,sec,splash beverage
GNLN,"Greenlane Holdings, Inc.",Nasdaq,sec,greenlane
PKTX,"ProtoKinetix, Inc.",OTC,sec,protokinetix
BSPK,"Bespoke Extracts, Inc.",OTC,sec,bespoke extracts
BZYR,BURZYNSKI RESEARCH INSTITUTE INC,OTC,sec,burzynski research institute
ODYY,"Odyssey Health, Inc.",OTC,sec,odyssey health
TRNR,"Interactive Strength, Inc.",Nasdaq,sec,interactive strength
DEVS,DevvStream Corp.,Nasdaq,sec,devvstream
GCTK,"Glucotrack, Inc.",Nasdaq,sec,glucotrack
BDRX,Biodexa Pharmaceuticals Plc,Nasdaq,sec,biodexa pharmaceuticals
SCNI,Scinai Immunotherapeutics Ltd.,Nasdaq,sec,scinai immunotherapeutics
MWAI,"MedWellAI, Inc.",OTC,sec,medwellai
EMRH,EMERGING HOLDINGS INC,OTC,sec,emerging
LUVU,"Luvu Brands, Inc.",OTC,sec,luvu brands
MASK,3 E Network Technology Group Ltd,Nasdaq,sec,3 e network technology
FCHL,Fitness Champs Holdings Ltd,Nasdaq,sec,fitness champs
AGSS,"AMERIGUARD SECURITY SERVICES, INC.",OTC,sec,ameriguard security services
RKDA,"Arcadia Biosciences, Inc.",Nasdaq,sec,arcadia biosciences
VSA,VisionSys AI Inc,Nasdaq,sec,visionsys ai
NVVE,Nuvve Holding Corp.,Nasdaq,sec,nuvve
FRGT,"Freight Technologies, Inc.",Nasdaq,sec,freight technologies
OMQS,OMNIQ Corp.,OTC,sec,omniq
PTOS,"P2 Solar, Inc.",OTC,sec,p2 solar
FGL,Founder Group Ltd,Nasdaq,sec,founder
PFSA,"Profusa, Inc.",Nasdaq,sec,profusa
CBDL,CBD Life Sciences Inc.,OTC,sec,cbd life sciences
TNMG,TNL Mediagene,Nasdaq,sec,tnl mediagene
VIZNF,VISIONARY METALS CORP.,OTC,sec,visionary metals
PPCB,"Propanc Biopharma, Inc.",Nasdaq,sec,propanc biopharma
CCTG,CCSC Technology International Holdings Ltd,Nasdaq,sec,ccsc technology international
BRWC,Birdie Win Corp,OTC,sec,birdie win
DEFG,Grayscale Decentralized Finance (DeFi) Fund LLC,OTC,sec,grayscale decentralized finance defi fund llc
JAGX,"Jaguar Health, Inc.",Nasdaq,sec,jaguar health
BJDX,"Bluejay Diagnostics, Inc.",Nasdaq,sec,bluejay diagnostics
TWNPQ,Twin Hospitality Group Inc.,OTC,sec,twin hospitality
LQWC,LIFEQUEST WORLD CORP.,OTC,sec,lifequest world
WTER,ALKALINE WATER Co INC,OTC,sec,alkaline water
RAKR,Rainmaker Worldwide Inc.,OTC,sec,rainmaker worldwide
GV,Visionary Holdings Inc.,Nasdaq,sec,visionary
ESMC,ESCALON MEDICAL CORP,OTC,sec,escalon medical
ELVG,"Elvictor Group, Inc.",OTC,sec,elvictor
KUST,"KUSTOM ENTERTAINMENT, INC.",Nasdaq,sec,kustom entertainment
WTO,UTime Ltd,Nasdaq,sec,utime
ZVSA,"ZyVersa Therapeutics, Inc.",OTC,sec,zyversa therapeutics
DTCKF,DAVIS COMMODITIES Ltd,OTC,sec,davis commodities
LSBCF,"LakeShore Biopharma Co., Ltd.",OTC,sec,lakeshore biopharma
CRUCF,Colibri Resource Corp,OTC,sec,colibri resource
LITSF,LITHOS GROUP LTD.,OTC,sec,lithos
IBG,Innovation Beverage Group Ltd,Nasdaq,sec,innovation beverage
MEHA,Functional Brands Inc.,Nasdaq,sec,functional brands
AGTX,Agentix Corp.,OTC,sec,agentix
FBCD,"FBC Holding, Inc.",OTC,sec,fbc
IMTE,Integrated Media Technology Ltd,Nasdaq,sec,integrated media technology
FUST,FUSE GROUP HOLDING INC.,OTC,sec,fuse
FCUV,FOCUS UNIVERSAL INC.,Nasdaq,sec,focus universal
LNTO,LELANTOS HOLDINGS INC.,OTC,sec,lelantos
SETO,SETO HOLDINGS INC,OTC,sec,seto
ASFT,"Appsoft Technologies, Inc.",OTC,sec,appsoft technologies
GTLL,GLOBAL TECHNOLOGIES LTD,OTC,sec,global technologies
GMEX,GMEX Robotics Corp,Nasdaq,sec,gmex robotics
AGNPF,Algernon Health Inc.,None,sec,algernon health
REOS,ReoStar Energy CORP,OTC,sec,reostar energy
ISCO,International Stem Cell CORP,OTC,sec,international stem cell
JZXN,"Jiuzi Holdings, Inc.",Nasdaq,sec,jiuzi
YBGJ,Yubo International Biotech Ltd,OTC,sec,yubo international biotech
UPC,Universe Pharmaceuticals INC,Nasdaq,sec,universe pharmaceuticals
RDGT,Ridgetech Inc.,Nasdaq,sec,ridgetech
AYRWF,Ayr Wellness Inc.,OTC,sec,ayr wellness
TRUG,"TruGolf Holdings, Inc.",Nasdaq,sec,trugolf
LRHC,La Rosa Holdings Corp.,Nasdaq,sec,la rosa
CISS,C3is Inc.,Nasdaq,sec,c3is
EDBL,Edible Garden AG Inc,Nasdaq,sec,edible garden ag
IMCC,IM Cannabis Corp.,Nasdaq,sec,im cannabis
ONCO,"Onconetix, Inc.",Nasdaq,sec,onconetix
ELPW,Elong Power Holding Ltd.,Nasdaq,sec,elong power
SKFG,"Stark Focus Group, Inc.",OTC,sec,stark focus
PRFX,PRF Technologies Ltd.,Nasdaq,sec,prf technologies
BABYF,Else Nutrition Holdings Inc.,OTC,sec,else nutrition
ADNH,"ADVENT TECHNOLOGIES HOLDINGS, INC.",OTC,sec,advent technologies
ZCAR,"Zoomcar Holdings, Inc.",OTC,sec,zoomcar
FDXTF,FENDX TECHNOLOGIES INC.,OTC,sec,fendx technologies
PAVS,Paranovus Entertainment Technology Ltd.,Nasdaq,sec,paranovus entertainment technology
ABPO,"Abpro Holdings, Inc.",OTC,sec,abpro
PTIX,"Protagenic Therapeutics, Inc.new",OTC,sec,protagenic therapeutics new
VISM,"VISIUM TECHNOLOGIES, INC.",OTC,sec,visium technologies
ELOX,"Eloxx Pharmaceuticals, Inc.",OTC,sec,eloxx pharmaceuticals
GRNL,GREENLITE VENTURES INC,OTC,sec,greenlite ventures
BMTM,"Bright Mountain Media, Inc.",OTC,sec,bright mountain media
SLXN,Silexion Therapeutics Corp,Nasdaq,sec,silexion therapeutics
VHAI,Vocodia Holdings Corp,OTC,sec,vocodia
MNTR,"Mentor Capital, Inc.",OTC,sec,mentor capital
NEXR,Nexera Technologies Ltd,Nasdaq,sec,nexera technologies
MITI,"Mitesco, Inc.",OTC,sec,mitesco
HSTA,Hestia Insight Inc.,OTC,sec,hestia insight
VMAR,Vision Marine Technologies Inc.,Nasdaq,sec,vision marine technologies
RUBI,Rubico Inc.,Nasdaq,sec,rubico
IPW,iPower Inc.,Nasdaq,sec,ipower
QIND,Quality Industrial Corp.,OTC,sec,quality industrial
FECOF,FEC Resources Inc.,OTC,sec,fec resources
WHLR,"Wheeler Real Estate Investment Trust, Inc.",Nasdaq,sec,wheeler real estate investment trust
PNYG,Pony Group Inc.,OTC,sec,pony
GMER,"GOOD GAMING, INC.",OTC,sec,good gaming
NULGF,NuLegacy Gold Corp,OTC,sec,nulegacy gold
SKVI,"SKINVISIBLE, INC.",OTC,sec,skinvisible
GRXXF,Critical Reagent Processing Corp.,OTC,sec,critical reagent processing
CONC,CONECTISYS CORP,OTC,sec,conectisys
BNRG,Brenmiller Energy Ltd.,Nasdaq,sec,brenmiller energy
BRVO,Bravo Multinational Inc.,OTC,sec,bravo multinational
EEGI,"Eline Entertainment Group, Inc.",OTC,sec,eline entertainment
CBMJ,"CONSERVATIVE BROADCAST MEDIA & PUBLISHING, INC.",OTC,sec,conservative broadcast media publishing
NUMD,"Nu-Med Plus, Inc.",OTC,sec,nu med plus
CERO,"CERO THERAPEUTICS HOLDINGS, INC.",OTC,sec,cero therapeutics
ENRT,Enertopia Corp.,OTC,sec,enertopia
TAAG,"Awareness Group, Inc.",OTC,sec,awareness
QPRC,QUEST PATENT RESEARCH CORP,OTC,sec,quest patent research
ZSPC,"zSpace, Inc.",OTC,sec,zspace
MRPT,MACREPORT NET INC,OTC,sec,macreport net
EMMA,"Emmaus Life Sciences, Inc.",OTC,sec,emmaus life sciences
EVFM,"Evofem Biosciences, Inc.",OTC,sec,evofem biosciences
ATXI,"AVENUE THERAPEUTICS, INC.",OTC,sec,avenue therapeutics
NAFS,"Havana Roasters Coffee Companies, Inc.",None,sec,havana roasters coffee companies
CLDVF,Cloud3 Ventures Inc.,OTC,sec,cloud3 ventures
XAGE,"Longevity Health Holdings, Inc.",OTC,sec,longevity health
LIPO,LIPELLA PHARMACEUTICALS INC.,OTC,sec,lipella pharmaceuticals
DBMM,"Digital Brand Media & Marketing Group, Inc.",OTC,sec,digital brand media marketing
GNTOF,GENTOR RESOURCES INC.,OTC,sec,gentor resources
GBUX,"GIVBUX, INC.",OTC,sec,givbux
CBDW,1606 CORP.,OTC,sec,1606
ILST,INTERNATIONAL STAR INC,OTC,sec,international star
ARRT,"Artisan Consumer Goods, Inc.",OTC,sec,artisan consumer goods
PTCO,PetroGas Co,OTC,sec,petrogas
PAIYY,Aesthetic Medical International Holdings Group Ltd,OTC,sec,aesthetic medical international
QSJC,"TANCHENG GROUP CO., LTD.",OTC,sec,tancheng
GRPS,"Trans American Aquaculture, Inc",OTC,sec,trans american aquaculture
FMTOF,Femto Technologies Inc.,OTC,sec,femto technologies
DREM,Dream Homes & Development Corp.,OTC,sec,dream homes development
OZSC,"OZOP ENERGY SOLUTIONS, INC.",OTC,sec,ozop energy solutions
AIBT,"AIBOTICS, INC.",OTC,sec,aibotics
CBDY,Target Group Inc.,OTC,sec,target
KAVL,"Kaival Brands Innovations Group, Inc.",OTC,sec,kaival brands innovations
CSUI,CANNABIS SUISSE CORP.,OTC,sec,cannabis suisse
OWPC,"One World Products, Inc.",OTC,sec,one world products
MDCE,Medical Care Technologies Inc.,OTC,sec,medical care technologies
CLOW,"Cloudweb, Inc.",OTC,sec,cloudweb
NIHK,"Video River Networks, Inc.",OTC,sec,video river networks
LGHL,Lion Group Holding Ltd,Nasdaq,sec,lion
WINT,WINDTREE THERAPEUTICS INC /DE/,OTC,sec,windtree therapeutics de
TLSS,"Transportation & Logistics Systems, Inc.",OTC,sec,transportation logistics systems
DDDX,"3DX Industries, Inc.",OTC,sec,3dx industries
EMBYF,Nexera Energy Inc.,OTC,sec,nexera energy
GRVE,GROOVE BOTANICALS INC.,OTC,sec,groove botanicals
RMTG,Regenerative Medical Technology Group Inc.,OTC,sec,regenerative medical technology
LGMK,"LogicMark, Inc.",OTC,sec,logicmark
MCOM,micromobility.com Inc.,OTC,sec,micromobility com
GGLXF,GGL RESOURCES CORP.,OTC,sec,ggl resources
DGTEF,Eat & Beyond Global Holdings Inc.,OTC,sec,eat beyond global
NSTM,NovelStem International Corp.,OTC,sec,novelstem international
NIVF,NewGenIvf Group Ltd,Nasdaq,sec,newgenivf
GREH,Green Rain Energy Holdings Inc.,OTC,sec,green rain energy
SLDC,"Solidus Communications, Inc.",OTC,sec,solidus communications
CYTOF,Altamira Therapeutics Ltd.,OTC,sec,altamira therapeutics
MSPR,"MSP Recovery, Inc.",OTC,sec,msp recovery
UOKAF,MDJM LTD,OTC,sec,mdjm
GFMH,Goliath Film & Media Holdings,OTC,sec,goliath film media
HGAS,Global Gas Corp,OTC,sec,global gas
VIIQ,VisitIQ Corp.,OTC,sec,visitiq
ETUGF,E2Gold Inc.,OTC,sec,e2gold
JFIL,"Jubilant Flame International, Ltd",OTC,sec,jubilant flame international
AREB,AMERICAN REBEL HOLDINGS INC,OTC,sec,american rebel
CWPE,CW Petroleum Corp,OTC,sec,cw petroleum
PRPH,"ProPhase Labs, Inc.",OTC,sec,prophase labs
SBIG,"SpringBig Holdings, Inc.",OTC,sec,springbig
STAI,ScanTech AI Systems Inc.,OTC,sec,scantech ai systems
FOXO,FOXO TECHNOLOGIES INC.,OTC,sec,foxo technologies
NRHI,"Natural Resource Holdings, Inc.",OTC,sec,natural resource
SATT,SATIVUS TECH CORP.,OTC,sec,sativus tech
ITOX,"IIOT-OXYS, Inc.",OTC,sec,iiot oxys
NMHI,Nature's Miracle Holding Inc.,OTC,sec,nature s miracle
SDOT,Sadot Group Inc.,Nasdaq,sec,sadot
TIRXF,TIAN RUIXIANG HOLDINGS LTD,OTC,sec,tian ruixiang
IPTNF,IMPACT ANALYTICS INC.,None,sec,impact analytics
AOXY,ADVANCED OXYGEN TECHNOLOGIES INC,OTC,sec,advanced oxygen technologies
WOK,WORK Medical Technology Group LTD,Nasdaq,sec,work medical technology
EZGO,EZGO Technologies Ltd.,Nasdaq,sec,ezgo technologies
MGAM,"Mobile Global Esports, Inc.",OTC,sec,mobile global esports
GPLB,Green Planet Bio Engineering Co. Ltd.,OTC,sec,green planet bio engineering
VIVC,VIVIC CORP.,OTC,sec,vivic
WORX,SCWorx Corp.,OTC,sec,scworx
FYNN,Fyntechnical Innovations Inc,OTC,sec,fyntechnical innovations
FATAQ,"Fat Brands, Inc",OTC,sec,fat brands
NNAX,New Momentum Corp.,OTC,sec,new momentum
MTLK,METALINK LTD,OTC,sec,metalink
ONAR,Onar Holding Corp,OTC,sec,onar
NBND,NetBrands Corp.,OTC,sec,netbrands
PTPI,"Petros Pharmaceuticals, Inc.",OTC,sec,petros pharmaceuticals
BBLR,Bubblr Inc.,OTC,sec,bubblr
CNBX,CNBX Pharmaceuticals Inc.,OTC,sec,cnbx pharmaceuticals
SPOWF,Strata Power Corp,OTC,sec,strata power
BPTH,"BIO-PATH HOLDINGS, INC.",OTC,sec,bio path
IOBTQ,"IO Biotech, Inc.",OTC,sec,io biotech
OMTK,Omnitek Engineering Corp,OTC,sec,omnitek engineering
ESSI,"ECO SCIENCE SOLUTIONS, INC.",OTC,sec,eco science solutions
GCAN,"Greater Cannabis Company, Inc.",OTC,sec,greater cannabis
GRLF,GREEN LEAF INNOVATIONS INC,OTC,sec,green leaf innovations
TMGI,"Transglobal Management Group, Inc.",OTC,sec,transglobal management
LEEN,"Leopard Energy, Inc.",OTC,sec,leopard energy
ECPL,ECOPLUS INC,OTC,sec,ecoplus
NFSN,"Nongfu Shop Digital New Retail Co., Ltd",OTC,sec,nongfu shop digital new retail
WNLV,Winvest Group Ltd,OTC,sec,winvest
SNBH,SENTIENT BRANDS HOLDINGS INC.,OTC,sec,sentient brands
HUBC,Hub Cyber Security Ltd.,Nasdaq,sec,hub cyber security
BOTY,"LINGERIE FIGHTING CHAMPIONSHIPS, INC.",OTC,sec,lingerie fighting championships
BDPT,"BIOADAPTIVES, INC.",OTC,sec,bioadaptives
FCHS,"First Choice Healthcare Solutions, Inc.",OTC,sec,first choice healthcare solutions
ATDS,"Data443 Risk Mitigation, Inc.",OTC,sec,data443 risk mitigation
NGCG,"New Generation Consumer Group, Inc.",OTC,sec,new generation consumer
LILMF,Lilium N.V.,OTC,sec,lilium n v
ALDA,ATLANTICA INC,OTC,sec,atlantica
CIRX,CIRTRAN CORP,OTC,sec,cirtran
SVVC,"Firsthand Technology Value Fund, Inc.",OTC,sec,firsthand technology value fund
RGBP,Regen BioPharma Inc,OTC,sec,regen biopharma
QTTOY,Qutoutiao Inc.,OTC,sec,qutoutiao
CPTAF,Captivision Inc.,OTC,sec,captivision
GTIC,"Greentech Innovations, Inc.",OTC,sec,greentech innovations
BHATF,Blue Hat Interactive Entertainment Technology,OTC,sec,blue hat interactive entertainment technology
CMLS,CUMULUS MEDIA INC,None,sec,cumulus media
PNXP,PINEAPPLE EXPRESS CANNABIS Co,OTC,sec,pineapple express cannabis
OCEA,"Ocean Biomedical, Inc.",OTC,sec,ocean biomedical
SIGY,"Sigyn Therapeutics, Inc.",OTC,sec,sigyn therapeutics
ADTX,"Aditxt, Inc.",Nasdaq,sec,aditxt
BINI,"BOLLINGER INNOVATIONS, INC.",OTC,sec,bollinger innovations
BSFC,Blue Star Foods Corp.,OTC,sec,blue star foods
STEK,Stemtech Corp,OTC,sec,stemtech
BMPA,"BMP AI Technologies, Inc.",OTC,sec,bmp ai technologies
CWNOF,CHINESEWORLDNET COM INC,OTC,sec,chineseworldnet com
WLGSF,"WANG & LEE GROUP, Inc.",OTC,sec,wang lee
BLMZF,Harrison Global Holdings Inc.,OTC,sec,harrison global
GTIJF,GRAPHJET TECHNOLOGY,OTC,sec,graphjet technology
STRG,"STARGUIDE GROUP, INC.",OTC,sec,starguide
KMCM,Titan Holdings Corp.,None,sec,titan
BID,Tribeca Strategic Acquisition Corp.,None,sec,tribeca strategic acquisition
EAI,"ENTERGY ARKANSAS, LLC",NYSE,sec,entergy arkansas llc
AILIH,Ameren Illinois Co,OTC,sec,ameren illinois
GPJA,GEORGIA POWER CO,NYSE,sec,georgia power
EMP,"ENTERGY MISSISSIPPI, LLC",NYSE,sec,entergy mississippi llc
NRUC,NATIONAL RURAL UTILITIES COOPERATIVE FINANCE CORP /DC/,NYSE,sec,national rural utilities cooperative finance dc
ENJ,"ENTERGY NEW ORLEANS, LLC",NYSE,sec,entergy new orleans llc
UELMO,UNION ELECTRIC CO,OTC,sec,union electric
CMS-PB,CONSUMERS ENERGY CO,NYSE,sec,consumers energy
ACCO,ACCO BRANDS Corp,NYSE,sec,acco brands
CHSCP,CHS INC,Nasdaq,sec,chs
ZTR,Virtus Total Return Fund Inc.,NYSE,sec,virtus total return fund
WDS,WOODSIDE ENERGY GROUP LTD,NYSE,sec,woodside energy
VMO,Invesco Municipal Opportunity Trust,NYSE,sec,invesco municipal opportunity trust
SPY,SPDR S&P 500 ETF TRUST,NYSE,sec,spdr s p 500 etf trust
CITR,CitroTech Inc.,NYSE,sec,citrotech
BTO,JOHN HANCOCK FINANCIAL OPPORTUNITIES FUND,NYSE,sec,john hancock financial opportunities fund
MDY,SPDR S&P MIDCAP 400 ETF TRUST,NYSE,sec,spdr s p midcap 400 etf trust
IVHI,"Invech Holdings, Inc.",OTC,sec,invech
DIA,SPDR DOW JONES INDUSTRIAL AVERAGE ETF TRUST,NYSE,sec,spdr dow jones industrial average etf trust
TSM,TAIWAN SEMICONDUCTOR MANUFACTURING CO LTD,NYSE,sec,taiwan semiconductor manufacturing
MADL,MAN AHL DIVERSIFIED I LP,None,sec,man ahl diversified i lp
QQQ,"INVESCO QQQ TRUST, SERIES 1",Nasdaq,sec,invesco qqq trust series 1
KWY,KINGSWAY Corp,NYSE,sec,kingsway
NHFLF,NORTHFIELD CAPITAL CORP,OTC,sec,northfield capital
SVA,SINOVAC BIOTECH LTD,Nasdaq,sec,sinovac biotech
XSIAX,VOYA CREDIT INCOME FUND,None,sec,voya credit income fund
SDSYA,SOUTH DAKOTA SOYBEAN PROCESSORS LLC,OTC,sec,south dakota soybean processors llc
AEBMY,ANADOLU EFES BIRACILIK VE MALT SANAYI A S/ADR,OTC,sec,anadolu efes biracilik ve malt sanayi a s
GLD,SPDR GOLD TRUST,NYSE,sec,spdr gold trust
IPB,MERRILL LYNCH DEPOSITOR INC INDEXPLUS TRUST SERIES 2003-1,NYSE,sec,merrill lynch depositor indexplus trust series 2003 1
IAU,ISHARES GOLD TRUST,NYSE,sec,ishares gold trust
KTN,STRUCTURED PRODUCTS CORP CRED ENHANCE CORTS TR FOR AON CAP A,NYSE,sec,structured products cred enhance corts tr for aon cap a
KTH,STRUCTURED PRODUCTS CORP CORTS TR FOR PECO ENERGY CAP TR III,NYSE,sec,structured products corts tr for peco energy cap tr iii
JBK,LEHMAN ABS CORP GOLDMAN SACHS CAP 1 SEC BACKED SER 2004-6,NYSE,sec,lehman abs goldman sachs cap 1 sec backed ser 2004 6
GJH,STRATS SM TRUST FOR U S CELL CORP SEC SERIES 2004 6,NYSE,sec,strats sm trust for u s cell sec series 2004 6
GEHDF,Great Eastern Holdings Ltd,OTC,sec,great eastern
PYT,PPLUS Trust Series GSC-2,NYSE,sec,pplus trust series gsc 2
GAIN,GLADSTONE INVESTMENT CORPORATION\DE,Nasdaq,sec,gladstone investment de
USO,"United States Oil Fund, LP",NYSE,sec,united states oil fund lp
DBC,Invesco DB Commodity Index Tracking Fund,NYSE,sec,invesco db commodity index tracking fund
FXE,Invesco CurrencyShares Euro Trust,NYSE,sec,invesco currencyshares euro trust
SLV,iShares Silver Trust,NYSE,sec,ishares silver trust
GSG,iShares S&P GSCI Commodity-Indexed Trust,NYSE,sec,ishares s p gsci commodity indexed trust
GJO,"STRATS SM TRUST FOR WAL-MART STORES, INC. SECURITIES, SERIES 2005-4",NYSE,sec,strats sm trust for wal mart stores securities series 2005 4
GJP,"STRATS(SM) TRUST FOR DOMINION RESOURCES, INC. SECURITIES, SERIES 2005-6",NYSE,sec,strats sm trust for dominion resources securities series 2005 6
ELC,"ENTERGY LOUISIANA, LLC",NYSE,sec,entergy louisiana llc
ASTI,"Ascent Solar Technologies, Inc.",Nasdaq,sec,ascent solar technologies
GJR,"STRATS(SM) Trust for Procter & Gamble Securities, Series 2006-1",NYSE,sec,strats sm trust for procter gamble securities series 2006 1
FXB,Invesco CurrencyShares British Pound Sterling Trust,NYSE,sec,invesco currencyshares british pound sterling trust
FXC,Invesco CurrencyShares Canadian Dollar Trust,NYSE,sec,invesco currencyshares canadian dollar trust
FXY,Invesco CurrencyShares Japanese Yen Trust,NYSE,sec,invesco currencyshares japanese yen trust
FXA,Invesco CurrencyShares Australian Dollar Trust,NYSE,sec,invesco currencyshares australian dollar trust
FXF,Invesco CurrencyShares Swiss Franc Trust,NYSE,sec,invesco currencyshares swiss franc trust
GJS,"STRATS(SM) Trust for Goldman Sachs Group Securities, Series 2006-2",NYSE,sec,strats sm trust for goldman sachs securities series 2006 2
GJT,"STRATS(SM) Trust for Allstate Corp Securities, Series 2006-3",NYSE,sec,strats sm trust for allstate securities series 2006 3
UNG,"United States Natural Gas Fund, LP",NYSE,sec,united states natural gas fund lp
DBP,Invesco DB Precious Metals Fund,NYSE,sec,invesco db precious metals fund
DBO,Invesco DB Oil Fund,NYSE,sec,invesco db oil fund
DBE,Invesco DB Energy Fund,NYSE,sec,invesco db energy fund
DBA,INVESCO DB AGRICULTURE FUND,NYSE,sec,invesco db agriculture fund
DBB,INVESCO DB BASE METALS FUND,NYSE,sec,invesco db base metals fund
UDN,INVESCO DB US DOLLAR INDEX BEARISH FUND,NYSE,sec,invesco db us dollar index bearish fund
UUP,Invesco DB US Dollar Index Bullish Fund,NYSE,sec,invesco db us dollar index bullish fund
EDD,"Morgan Stanley Emerging Markets Domestic Debt Fund, Inc.",NYSE,sec,morgan stanley emerging markets domestic debt fund
UGA,"United States Gasoline Fund, LP",NYSE,sec,united states gasoline fund lp
OAK-PA,"Brookfield Oaktree Holdings, LLC",NYSE,sec,brookfield oaktree llc
UNL,"United States 12 Month Natural Gas Fund, LP",NYSE,sec,united states 12 month natural gas fund lp
USL,"United States 12 Month Oil Fund, LP",NYSE,sec,united states 12 month oil fund lp
VYCO,VYCOR MEDICAL INC,OTC,sec,vycor medical
ETI-P,"ENTERGY TEXAS, INC.",NYSE,sec,entergy texas
SIVR,abrdn Silver ETF Trust,NYSE,sec,abrdn silver etf trust
SGOL,abrdn Gold ETF Trust,NYSE,sec,abrdn gold etf trust
PALL,abrdn Palladium ETF Trust,NYSE,sec,abrdn palladium etf trust
PPLT,abrdn Platinum ETF Trust,NYSE,sec,abrdn platinum etf trust
JTGEY,"Citibank,N.A./ADR",OTC,sec,citibank n a
BNO,"United States Brent Oil Fund, LP",NYSE,sec,united states brent oil fund lp
USCI,United States Commodity Index Funds Trust,NYSE,sec,united states commodity index funds trust
GLTR,abrdn Precious Metals Basket ETF Trust,NYSE,sec,abrdn precious metals basket etf trust
AMBO,Ambow Education Holding Ltd.,NYSE,sec,ambow education
WNHK,"Winning Catering Group, Inc.",OTC,sec,winning catering
PRBRY,PREMIUM BRANDS HOLDINGS Corp,OTC,sec,premium brands
MROSY,Melrose Industries Plc/ADR,OTC,sec,melrose industries
EDSA,"Edesa Biotech, Inc.",Nasdaq,sec,edesa biotech
DSRNY,DiaSorin SpA/ADR,OTC,sec,diasorin spa
BPYPP,Brookfield Property Partners L.P.,Nasdaq,sec,brookfield property partners l p
OUNZ,VanEck Merk Gold ETF,NYSE,sec,vaneck merk gold etf
BUHPY,Bumrungrad Hospital Public Co Limited/ADR,OTC,sec,bumrungrad hospital public
MANU,Manchester United plc,NYSE,sec,manchester united
BPRE,Bluerock Private Real Estate Fund,NYSE,sec,bluerock private real estate fund
CPPBY,Central Pattana Public Co Limited/ADR,OTC,sec,central pattana public
PTMSY,PT MDS Retailing Tbk/ADR,OTC,sec,pt mds retailing tbk
IPSAY,IPSOS/ADR,OTC,sec,ipsos
GBTC,Grayscale Bitcoin Trust ETF,NYSE,sec,grayscale bitcoin trust etf
ODRS,"Outdoor Specialty Products, Inc.",OTC,sec,outdoor specialty products
BDRY,Amplify Commodity Trust,NYSE,sec,amplify commodity trust
GLDM,World Gold Trust,NYSE,sec,world gold trust
DCFBS,"DCFC Holdings, LLC",OTC,sec,dcfc llc
SFPT,"Safepoint Holdings, Inc.",None,sec,safepoint
ICR-PA,"InPoint Commercial Real Estate Income, Inc.",NYSE,sec,inpoint commercial real estate income
BAR,GraniteShares Gold Trust,NYSE,sec,graniteshares gold trust
PLTM,GraniteShares Platinum Trust,NYSE,sec,graniteshares platinum trust
MSYND,GREENLIT VENTURES INC.,None,sec,greenlit ventures
LIME,"Neutron Holdings, Inc.",None,sec,neutron
ETCG,Grayscale Ethereum Classic Trust (ETC),OTC,sec,grayscale ethereum classic trust etc
AAAU,Goldman Sachs Physical Gold ETF,CBOE,sec,goldman sachs physical gold etf
ZCSH,Grayscale Zcash Trust (ZEC),OTC,sec,grayscale zcash trust zec
BITW,Bitwise 10 Crypto Index ETF,NYSE,sec,bitwise 10 crypto index etf
ETHE,Grayscale Ethereum Staking ETF,NYSE,sec,grayscale ethereum staking etf
GDLC,Grayscale CoinDesk Crypto 5 ETF,NYSE,sec,grayscale coindesk crypto 5 etf
LTCN,Grayscale Litecoin Trust (LTC),OTC,sec,grayscale litecoin trust ltc
BCHG,Grayscale Bitcoin Cash Trust (BCH),OTC,sec,grayscale bitcoin cash trust bch
LBZZ,Lendbuzz Inc.,None,sec,lendbuzz
HZEN,Grayscale Horizen Trust (ZEN),OTC,sec,grayscale horizen trust zen
AUC,ATIF Holdings Ltd,Nasdaq,sec,atif
PDSRX,Principal Real Asset Fund,None,sec,principal real asset fund
IAUM,iShares Gold Trust Micro,NYSE,sec,ishares gold trust micro
GXLM,Grayscale Stellar Lumens Trust (XLM),OTC,sec,grayscale stellar lumens trust xlm
BITB,Bitwise Bitcoin ETF,NYSE,sec,bitwise bitcoin etf
PHDWY,"PT Ace Hardware Indonesia, Tbk./ADR",OTC,sec,pt ace hardware indonesia tbk
OBTC,Osprey Bitcoin Trust,Nasdaq,sec,osprey bitcoin trust
PASTY,Plastic Omnium/ADR,OTC,sec,plastic omnium
SVIX,VS Trust,CBOE,sec,vs trust
DGCOF,Daura Capital Corp.,OTC,sec,daura capital
VCRDX,Harrison Street Infrastructure Income Fund,None,sec,harrison street infrastructure income fund
WDSP,"World Scan Project, Inc.",OTC,sec,world scan project
EMI,"Encore Medical, Inc.",None,sec,encore medical
HODL,VanEck Bitcoin ETF,CBOE,sec,vaneck bitcoin etf
AUGCF,AU Gold Corp.,OTC,sec,au gold
BRRR,CoinShares Bitcoin ETF,Nasdaq,sec,coinshares bitcoin etf
LFTO,"Liftoff Mobile, Inc.",None,sec,liftoff mobile
BTCW,WisdomTree Bitcoin Fund,CBOE,sec,wisdomtree bitcoin fund
AMSS,AMASS BRANDS,Nasdaq,sec,amass brands
DRIL,Lannister Mining Corp.,None,sec,lannister mining
MANA,Grayscale Decentraland Trust (MANA),OTC,sec,grayscale decentraland trust mana
GLIV,Grayscale Livepeer Trust (LPT),OTC,sec,grayscale livepeer trust lpt
GLNK,Grayscale Chainlink Trust ETF,NYSE,sec,grayscale chainlink trust etf
GBAT,Grayscale Basic Attention Token Trust (BAT),OTC,sec,grayscale basic attention token trust bat
FBTC,Fidelity Wise Origin Bitcoin Fund,CBOE,sec,fidelity wise origin bitcoin fund
TSLVF,TIER ONE SILVER INC.,OTC,sec,tier one silver
ORIB,Orion Bliss Corp.,OTC,sec,orion bliss
BTCO,Invesco Galaxy Bitcoin ETF,CBOE,sec,invesco galaxy bitcoin etf
CBPHF,"Clover Biopharmaceuticals, Ltd.",OTC,sec,clover biopharmaceuticals
ODOT,Osprey Polkadot Trust,OTC,sec,osprey polkadot trust
FGDL,Franklin Templeton Holdings Trust,NYSE,sec,franklin templeton trust
ETHV,VanEck Ethereum ETF,CBOE,sec,vaneck ethereum etf
ITRE,"IntriEnergy, Inc.",OTC,sec,intrienergy
VCX,"Fundrise Innovation Fund, LLC",NYSE,sec,fundrise innovation fund llc
OSOL,Osprey Solana Trust,OTC,sec,osprey solana trust
SOGSY,Saturn Oil & Gas Inc.,OTC,sec,saturn oil gas
ARKB,Ark 21Shares Bitcoin ETF,CBOE,sec,ark 21shares bitcoin etf
GLEI,Galaxy Enterprises Inc. /WY/,OTC,sec,galaxy enterprises wy
XXC,XINXU COPPER INDUSTRY TECHNOLOGY Ltd,None,sec,xinxu copper industry technology
TCRG,Cannaisseur Group Inc.,OTC,sec,cannaisseur
INNP,INNOCAN PHARMA Corp,None,sec,innocan pharma
FBDT,"First Breach, Inc.",None,sec,first breach
FRFAF,Fresh Factory B.C. Ltd.,OTC,sec,fresh factory b c
EIIA,Eagle Point Institutional Income Fund,NYSE,sec,eagle point institutional income fund
GSOL,Grayscale Solana Staking ETF,NYSE,sec,grayscale solana staking etf
ISRLF,Israel Acquisitions Corp,OTC,sec,israel acquisitions
OBNB,Osprey BNB Chain Trust,OTC,sec,osprey bnb chain trust
MIMDF,MiMedia Holdings Inc.,OTC,sec,mimedia
WHK,WhiteHawk Income Corp,None,sec,whitehawk income
PGIM,PGIM Private Credit Fund,None,sec,pgim private credit fund
FRBT,"Forbright, Inc.",None,sec,forbright
LCLN,"Lincoln International, Inc.",NYSE,sec,lincoln international
CGL,CGL Logistics Holdings Ltd,None,sec,cgl logistics
TVCN,TV Channels Network Inc.,None,sec,tv channels network
CRGT,"Cortigent, Inc.",None,sec,cortigent
CTWO,COTWO ADVISORS PHYSICAL EUROPEAN CARBON ALLOWANCE TRUST,NYSE,sec,cotwo advisors physical european carbon allowance trust
UZX,Linkage Global Inc,Nasdaq,sec,linkage global
TDGGF,TDG Gold Corp.,OTC,sec,tdg gold
NXNT,"Nexscient, Inc.",OTC,sec,nexscient
BRBF,BRB Foods Inc.,None,sec,brb foods
USDW,MADE IN USA INC.,OTC,sec,made in usa
IBIT,iShares Bitcoin Trust ETF,Nasdaq,sec,ishares bitcoin trust etf
DEFI,Hashdex Commodities Trust,NYSE,sec,hashdex commodities trust
RADB,TETE Technologies Inc,None,sec,tete technologies
NOPFF,Nevada Organic Phosphate Inc.,OTC,sec,nevada organic phosphate
TETH,21Shares Ethereum ETF,CBOE,sec,21shares ethereum etf
CCEYF,CanCambria Energy Corp.,OTC,sec,cancambria energy
EZBC,Franklin Templeton Digital Holdings Trust,CBOE,sec,franklin templeton digital trust
QETH,Invesco Galaxy Ethereum ETF,CBOE,sec,invesco galaxy ethereum etf
DMNT,"DMINT, Inc.",None,sec,dmint
INHI,Unitrend Entertainment Group Ltd,None,sec,unitrend entertainment
PC,Premium Catering (Holdings) Ltd,Nasdaq,sec,premium catering
LBRJ,"Libera Gaming Operations, Inc",None,sec,libera gaming operations
FETH,Fidelity Ethereum Fund,CBOE,sec,fidelity ethereum fund
ETHA,iShares Ethereum Trust ETF,Nasdaq,sec,ishares ethereum trust etf
NSURF,North Shore Uranium Ltd.,OTC,sec,north shore uranium
PSUS,"Pershing Square USA, Ltd.",NYSE,sec,pershing square usa
KMYGY,"Kumyang Co., Ltd./ADR",OTC,sec,kumyang
NMCPF,Nuvau Minerals Corp,OTC,sec,nuvau minerals
FGO,FG Holdings Ltd,None,sec,fg
KOGDF,KO Gold Inc.,OTC,sec,ko gold
AAS,Antharas Inc,None,sec,antharas
EZET,Franklin Ethereum Trust,CBOE,sec,franklin ethereum trust
MOGMF,Mogotes Metals Inc.,OTC,sec,mogotes metals
ILPLF,Island Pharmaceuticals Ltd,OTC,sec,island pharmaceuticals
VTEK,VISTEK LTD,None,sec,vistek
ETHW,Bitwise Ethereum ETF,NYSE,sec,bitwise ethereum etf
BTC,Grayscale Bitcoin Mini Trust ETF,NYSE,sec,grayscale bitcoin mini trust etf
ETH,Grayscale Ethereum Staking Mini ETF,NYSE,sec,grayscale ethereum staking mini etf
CUPPF,Super Copper Corp.,OTC,sec,super copper
MEDG,MEDI Group Ltd,None,sec,medi
GYGLF,Guzman y Gomez Ltd,OTC,sec,guzman y gomez
LPCHY,Lapco Holdings Limited/ADR,OTC,sec,lapco
STCK,Grayscale Stacks Trust (STX),OTC,sec,grayscale stacks trust stx
GSNR,Grayscale Near Trust (NEAR),OTC,sec,grayscale near trust near
MSTKY,MatsukiyoCocokara & Co./ADR,OTC,sec,matsukiyococokara
ITXP,"Independence Power Holdings, Inc.",OTC,sec,independence power
GDGIF,"Gemdale Gold, Inc",OTC,sec,gemdale gold
NSNFY,"Nissin Foods Holdings Co., Ltd./ADR",OTC,sec,nissin foods
OPTH,Optimi Health Corp.,Nasdaq,sec,optimi health
SGIHY,"Sugi Holdings Co., Ltd./ADR",OTC,sec,sugi
CCLV,"C2 Capital Group, Inc.",None,sec,c2 capital
TSOL,21Shares Solana ETF,CBOE,sec,21shares solana etf
TOXR,21Shares XRP ETF,CBOE,sec,21shares xrp etf
GTAO,Grayscale Bittensor Trust (TAO),OTC,sec,grayscale bittensor trust tao
LRVIY,"Laboratorios Farmaceuticos Rovi, S.A./ADR",OTC,sec,laboratorios farmaceuticos rovi s a
PMHMY,Perfect Medical Health Management Ltd./ADR,OTC,sec,perfect medical health management
NCIQ,Hashdex Nasdaq CME Crypto Index ETF,Nasdaq,sec,hashdex nasdaq cme crypto index etf
VZSLY,Vizsla Royalties Corp.,OTC,sec,vizsla royalties
MYCRY,Mycronic AB/ADR,OTC,sec,mycronic ab
SCTAY,Sectra AB/ADR,OTC,sec,sectra ab
PDYTY,PT Dayamitra Telekomunikasi Tbk/ADR,OTC,sec,pt dayamitra telekomunikasi tbk
KKSIY,Kokusai Electric Corporation/ADR,OTC,sec,kokusai electric
MGNO,"Magnolia Bancorp, Inc.",OTC,sec,magnolia bancorp
EZPZ,Franklin Crypto Trust,CBOE,sec,franklin crypto trust
GSUI,Grayscale Sui Staking ETF,NYSE,sec,grayscale sui staking etf
DDHLY,Digital Domain Holdings Limited/ADR,OTC,sec,digital domain
PBRRY,PT Barito Renewables Energy Tbk/ADR,OTC,sec,pt barito renewables energy tbk
UHP,Ultra High Point Holdings Ltd,None,sec,ultra high point
GAVA,Grayscale Avalanche Staking ETF,Nasdaq,sec,grayscale avalanche staking etf
LHI,Living Homeopathy International Ltd.,None,sec,living homeopathy international
SBMW,"Security Midwest Bancorp, Inc.",OTC,sec,security midwest bancorp
GXRP,Grayscale XRP Trust ETF,NYSE,sec,grayscale xrp trust etf
DFSLY,Defeng Solife Holdings Limited/ADR,OTC,sec,defeng solife
MDDTY,Mandatum Oyj/ADR,OTC,sec,mandatum oyj
DAVI,DAVION HEALTHCARE PLC,None,sec,davion healthcare
XRP,Bitwise XRP ETF,NYSE,sec,bitwise xrp etf
SOLC,Canary Marinade Solana ETF,Nasdaq,sec,canary marinade solana etf
KYTFY,Kyoto Financial Group Inc/ADR,OTC,sec,kyoto financial
OBNK,Osprey BONK Trust,OTC,sec,osprey bonk trust
MTNE,CH4 Natural Solutions Corp,None,sec,ch4 natural solutions
PRNCF,Prince Silver Corp.,OTC,sec,prince silver
GHRTF,Greenheart Gold Inc.,OTC,sec,greenheart gold
BSOL,Bitwise Solana Staking ETF,NYSE,sec,bitwise solana staking etf
BLTG,BOUNDLESS GROUP,None,sec,boundless
ALEUY,ALLEGRO.EU SA/ADR,OTC,sec,allegro eu sa
UPX,Uptrend Holdings Ltd,None,sec,uptrend
SPED,Speed Group Holdings Ltd,None,sec,speed
SMFSY,"Sumitomo Forestry Co., Ltd./ADR",OTC,sec,sumitomo forestry
EUEV,EUROEV Holdings Ltd,None,sec,euroev
FCHDF,Fairchild Gold Corp.,OTC,sec,fairchild gold
AMPM,AM PM Group Ltd,None,sec,am pm
STA,"Starton Holdings, Inc.",None,sec,starton
CLBZ,Collab Z Inc.,None,sec,collab z
SUWA,Sharewow Ltd,None,sec,sharewow
PWRL,Powerlaw Corp.,None,sec,powerlaw
VAII,Voyager Acquisition Corp. II,None,sec,voyager acquisition ii
VCCG,V Capital Consulting Group Ltd,None,sec,v capital consulting
YLY,Zi Yun Dong Fang Ltd,None,sec,zi yun dong fang
PCPGY,PC Partner Group Ltd/ADR,OTC,sec,pc partner
TTEI,TDE GROUP Ltd,None,sec,tde
BWOW,Bitwise Dogecoin ETF,NYSE,sec,bitwise dogecoin etf
YGSHY,Yangzijiang Shipbuilding Holdings Ltd/ADR,OTC,sec,yangzijiang shipbuilding
AFA,FARLONG HOLDING Corp,None,sec,farlong
GDOG,Grayscale Dogecoin Trust ETF,NYSE,sec,grayscale dogecoin trust etf
GRLMF,GreenLight Metals Inc.,OTC,sec,greenlight metals
BXRLY,Boxer Retail Limited/ADR,OTC,sec,boxer retail
SOEZ,Franklin Solana Trust,NYSE,sec,franklin solana trust
PLAI,PressLogic Inc.,None,sec,presslogic
RIKU,RIKU DINING GROUP Ltd,None,sec,riku dining
XRPZ,Franklin XRP Trust,NYSE,sec,franklin xrp trust
GGTKY,PT GoTo Gojek Tokopedia Tbk/ADR,OTC,sec,pt goto gojek tokopedia tbk
ONWRY,Onward Medical N.V./ADR,OTC,sec,onward medical n v
HZRBY,"Horizon Robotics, Inc./ADR",OTC,sec,horizon robotics
SUIS,Canary Staked SUI ETF,Nasdaq,sec,canary staked sui etf
VAVX,VanEck Avalanche ETF,Nasdaq,sec,vaneck avalanche etf
NHLTY,Nightingale Health Plc,OTC,sec,nightingale health
TSUI,21Shares Sui ETF,Nasdaq,sec,21shares sui etf
IDPEY,IDP Education Ltd./ADR,OTC,sec,idp education
MNZLY,Mercury NZ Ltd./ADR,OTC,sec,mercury nz
CLRLY,Central Retail Corp Public Co Limited/ADR,OTC,sec,central retail public
FSOL,Fidelity Solana Fund,NYSE,sec,fidelity solana fund
SMPHY,SM Prime Holdings Inc./ADR,OTC,sec,sm prime
MREGY,Meridian Energy Ltd/ADR,OTC,sec,meridian energy
GRCPY,Canal Plus SA/ADR,OTC,sec,canal plus sa
LSHGY,Louis Hachette Group/ADR,OTC,sec,louis hachette
PSBTY,PT Sumber Alfaria Trijaya Tbk/ADR,OTC,sec,pt sumber alfaria trijaya tbk
TDOG,21Shares Dogecoin ETF,Nasdaq,sec,21shares dogecoin etf
THCLY,"Toho Co., Ltd./ADR",OTC,sec,toho
MCL,Mclaren International Holdings Ltd,None,sec,mclaren international
ACMIF,Allied Critical Metals Corp.,OTC,sec,allied critical metals
JXAMY,JX Advanced Metals Corporation/ADR,OTC,sec,jx advanced metals
DNCLY,"DeNA Co., Ltd./ADR",OTC,sec,dena
PLUN,Plutonian Acquisition Corp. II,None,sec,plutonian acquisition ii
HIFI,Hillhouse Frontier Holdings Inc.,None,sec,hillhouse frontier
NEUT,Neutrans Inc.,None,sec,neutrans
FSSL,FS Specialty Lending Fund,NYSE,sec,fs specialty lending fund
LILW,Little West Holdings Inc.,None,sec,little west
FRLCY,Freelancer Ltd,OTC,sec,freelancer
GBH,Gigabit Inc.,None,sec,gigabit
SCBXY,SCB X Public Co Ltd,OTC,sec,scb x public
TKCYY,"Tokyo Ohka Kogyo Co., Ltd./ADR",OTC,sec,tokyo ohka kogyo
CNXU,Conexeu Sciences Inc.,None,sec,conexeu sciences
CAPI,"CAPSTONE 72, INC.",None,sec,capstone 72
GDNT,Guident Corp.,None,sec,guident
HAMA,HAMA Intelligence Ltd,None,sec,hama intelligence
IDXMF,IDEX METALS CORP.,OTC,sec,idex metals
JOSS,"JOSS Realty REIT, Inc.",None,sec,joss realty reit
BGHL,BILLION GROUP HOLDINGS Ltd,None,sec,billion
APEX,APEX Global Solutions Ltd,None,sec,apex global solutions
SOUD,Hacker Interstellar Inc.,None,sec,hacker interstellar
SLBT,SL Science Holding Ltd,None,sec,sl science
RECCY,Reece Limited/ADR,OTC,sec,reece
BMOK,BM Acquisition Corp.,None,sec,bm acquisition
CPXXY,Capital Power Corp/ADR,OTC,sec,capital power
PRSKY,PrairieSky Royalty Ltd/ADR,OTC,sec,prairiesky royalty
GBNXY,Gibson Energy Inc/ADR,OTC,sec,gibson energy
NPIXY,Northland Power Inc./ADR,OTC,sec,northland power
SAPUY,Saputo Inc./ADR,OTC,sec,saputo
BIREY,Birchcliff Energy Ltd./ADR,OTC,sec,birchcliff energy
ARCL,ARC Group Acquisition I Corp.,None,sec,arc acquisition i
SBAQ,Subversive Bitcoin Acquisition Corp.,None,sec,subversive bitcoin acquisition
ELFTY,Element Fleet Management Corp./ADR,OTC,sec,element fleet management
FNIGY,Finning International Inc./ADR,OTC,sec,finning international
METRY,METRO INC./ADR,OTC,sec,metro
TPZEY,Topaz Energy Corp./ADR,OTC,sec,topaz energy
HNPHY,Hansoh Pharmaceutical Group Co Limited/ADR,OTC,sec,hansoh pharmaceutical
TCLXY,TCL Electronics Holdings Limited/ADR,OTC,sec,tcl electronics
TMKVY,Tamarack Valley Energy Ltd./ADR,OTC,sec,tamarack valley energy
NWCYY,North West Co Inc./ADR,OTC,sec,north west
SSRLY,Sienna Senior Living Inc./ADR,OTC,sec,sienna senior living
SVICY,StorageVault Canada Inc./ADR,OTC,sec,storagevault canada
GIVE,Wealth Management System Inc.,None,sec,wealth management system
QSOL,Invesco Galaxy Solana ETF,CBOE,sec,invesco galaxy solana etf
VIRMF,Viridian Metals Inc.,OTC,sec,viridian metals
EVON,EvoNexus Group LTD,None,sec,evonexus
IBL,I Bella Perfect Inc.,None,sec,i bella perfect
VSGRY,VusionGroup,OTC,sec,vusiongroup
ROZE,ROZE AI INC.,None,sec,roze ai
GGRPY,GPT Group/ADR,OTC,sec,gpt
LSBA,Law's Business Group Holding Ltd,None,sec,law s business
BKPOY,Bank Pekao S.A./ADR,OTC,sec,bank pekao s a
CSCCY,Capstone Copper Corp./ADR,OTC,sec,capstone copper
ZSICY,"Zhejiang Sanhua Intelligent Controls Co., Ltd./ADR",OTC,sec,zhejiang sanhua intelligent controls
PAXG,Pine Tree Acquisition Corp.,None,sec,pine tree acquisition
STJNY,Stella-Jones Inc./ADR,OTC,sec,stella jones
UNID,"RiverNorth Short Prime Unicorn Fund 2028, Inc",None,sec,rivernorth short prime unicorn fund 2028
UNIU,"RiverNorth Long Prime Unicorn Fund 2028, Inc.",None,sec,rivernorth long prime unicorn fund 2028
GRVT,GreenVector Holdings Ltd,None,sec,greenvector
AMTU,"AMATUHI HOLDINGS, INC.",None,sec,amatuhi
RONE,"ReserveOne Holdings, Inc.",None,sec,reserveone
ASKRY,Asker Healthcare Group AB/ADR,OTC,sec,asker healthcare ab
MBSHY,"Mitsubishi Gas Chemical Company, Inc./ADR",OTC,sec,mitsubishi gas chemical
MLIZY,MELIUZ S.A.,OTC,sec,meliuz s a
MYX,Maywood Acquisition Corp. 2,Nasdaq,sec,maywood acquisition 2
USDE,StableCoinX Inc.,None,sec,stablecoinx
EVVO,Evvolutions LeadTech Inc,None,sec,evvolutions leadtech
BWGC,BW Industrial Holdings Inc.,None,sec,bw industrial
BOT,"RoboStrategy, Inc.",Nasdaq,sec,robostrategy
GONYF,GO Residential Real Estate Investment Trust,OTC,sec,go residential real estate investment trust
GUAC,Berto Acquisition Corp. II,None,sec,berto acquisition ii
VECA,Vernal Capital Acquisition Corp.,NYSE,sec,vernal capital acquisition
FDXF,"FedEx Freight Holding Company, Inc.",None,sec,fedex freight
AESP,Aeon Acquisition I Corp.,None,sec,aeon acquisition i
FHFFY,Foshan Haitian Flavouring & Food Co Ltd./ADR,OTC,sec,foshan haitian flavouring food
CLNK,Bitwise Chainlink ETF,NYSE,sec,bitwise chainlink etf
ALOG,ALBERT ORIGIN ACQUISITION Corp,None,sec,albert origin acquisition
QADR,QDRO Acquisition Corp.,Nasdaq,sec,qdro acquisition
SAGU,Shreya Acquisition Group,None,sec,shreya acquisition
BSTR,"BSTR Holdings, Inc.",None,sec,bstr
OCTV,Octave Intelligence plc,None,sec,octave intelligence
CCIL,CALM Chain International Ltd,None,sec,calm chain international
QMLS,"QumulusAI, Inc.",None,sec,qumulusai
TKVA,"Salspera, Inc.",None,sec,salspera
ADBT,"Advasa Holdings, Inc.",None,sec,advasa
UATCY,"Unisound AI Technology Co., Ltd./ADR",OTC,sec,unisound ai technology
KHOBF,KHEOBA Ltd,OTC,sec,kheoba
DYBTY,Duality Biotherapeutics Inc/ADR,OTC,sec,duality biotherapeutics
APNA,APEIRON ACQUISITION VEHICLE I,None,sec,apeiron acquisition vehicle i
POCH,"POCHE TECHNOLOGY CO., Ltd",None,sec,poche technology
ETSS,Energy Transition Special Opportunities,None,sec,energy transition special opportunities
BAVA,Bitwise Avalanche ETF,NYSE,sec,bitwise avalanche etf
ARTC,Art Technology Acquisition Corp.,Nasdaq,sec,art technology acquisition
RSMIY,RESOLUTION MINERALS LTD/ADR,OTC,sec,resolution minerals
AFNX,AfterNext Acquisition I Corp.,None,sec,afternext acquisition i
MARH,Starrygazey Inc.,None,sec,starrygazey
PWRU,Yesil Global Enerji A.S.,None,sec,yesil global enerji a s
APAT,AsiaPac AdTechinno Group Ltd,None,sec,asiapac adtechinno
NHKSY,NHK Spring Co. Ltd/ADR,OTC,sec,nhk spring
RKAM,"ROKIT America, Inc.",None,sec,rokit america
ZGJLY,"Zhejiang Leapmotor Technology Co., Ltd./ADR",OTC,sec,zhejiang leapmotor technology
GTLRY,Greatland Resources Limited/ADR,OTC,sec,greatland resources
MSSHY,Mitsui-Soko Holdings Co Limited/ADR,OTC,sec,mitsui soko
SBCLY,Sumitomo Bakelite Co Limited/ADR,OTC,sec,sumitomo bakelite
AKCLY,Aica Kogyo Co Limited/ADR,OTC,sec,aica kogyo
BHYP,Bitwise Hyperliquid ETF,NYSE,sec,bitwise hyperliquid etf
MFP,"Middleby Food Processing, Inc.",None,sec,middleby food processing
OBBCY,"OBIC Business Consultants Co., Ltd./ADR",OTC,sec,obic business consultants
TRBG,Turbogen Ltd.,None,sec,turbogen
PECE,Peace Acquisition Corp.,None,sec,peace acquisition
EXCBF,Excalibur Metals Corp.,OTC,sec,excalibur metals
ZSHLY,"Zensho Holdings Co., Ltd./ADR",OTC,sec,zensho
HRBAY,"Horiba, Ltd./ADR",OTC,sec,horiba
ECR,Encore Inc.,None,sec,encore
PTAXY,Paltac Corporation/ADR,OTC,sec,paltac
HONA,Honeywell Aerospace Inc.,None,sec,honeywell aerospace
SNEVY,SUNEVISION HOLDINGS/ADR,OTC,sec,sunevision
GLVPY,GLENVEAGH PROPERTIES PLC/ADR,OTC,sec,glenveagh properties
TEICY,TOSEI CORP/ADR,OTC,sec,tosei
PNIG,Pacipic Nexus IntelliTech Group,None,sec,pacipic nexus intellitech
THYP,21Shares Hyperliquid ETF,Nasdaq,sec,21shares hyperliquid etf
MTMTY,Metlen Energy & Metals PLC/ADR,OTC,sec,metlen energy metals
MBGL,Mobility Global Inc.,None,sec,mobility global
IDAC,Iron Dome Acquisition I Corp.,None,sec,iron dome acquisition i
OHAC,Oceanhawk Acquisition Corp.,None,sec,oceanhawk acquisition
SSMR,Sunshine Silver Mining & Refining Co,None,sec,sunshine silver mining refining
MTLMY,Metallium Limited/ADR,OTC,sec,metallium
MDAT,Web3Labs Global Inc.,None,sec,web3labs global
LKYLY,Locksley Resources Limited/ADR,OTC,sec,locksley resources
CDTHY,CONDUIT HOLDINGS LTD/ADR,OTC,sec,conduit
NGCOY,"Nagase & Co., Ltd./ADR",OTC,sec,nagase
RENGY,"Rengo Co., Ltd./ADR",OTC,sec,rengo
AWATY,Air Water Inc./ADR,OTC,sec,air water
WATR,Air Water Ventures Ltd,None,sec,air water ventures
AVAT,Avalanche Treasury Corp,None,sec,avalanche treasury
FRTT,Fort Technology Inc,None,sec,fort technology
SMGSY,SMG Swiss Marketplace Group AG/ADR,OTC,sec,smg swiss marketplace ag
ORNJY,OranjeBTC S.A. Educacao E Investmentimento/ADR,OTC,sec,oranjebtc s a educacao e investmentimento
APUR,Aperture AC,None,sec,aperture ac
NBKBY,Noba Bank Group AG/ADR,OTC,sec,noba bank ag
ZJGIY,Zijin Gold International Co Limited/ADR,OTC,sec,zijin gold international
MRUWY,"Maruwa Co., Ltd./ADR",OTC,sec,maruwa
OTAI,Starlink AI Acquisition Corp,None,sec,starlink ai acquisition
DPDSY,DPC DASH LTD/ADR,OTC,sec,dpc dash
CLYD,"BEACON TOPCO, INC.",None,sec,beacon topco
MLAA,Mountain Lake Acquisition Corp. II,Nasdaq,sec,mountain lake acquisition ii
SECZ,"Securitize Holdings, Inc.",None,sec,securitize
CRAUY,"Chery Automobile Co., Ltd./ADR",OTC,sec,chery automobile
OBOCY,Ottobock SE & Co. KGaA/ADR,OTC,sec,ottobock se kgaa
TGRGF,Tiger Gold Corp.,OTC,sec,tiger gold
HYRD,Hyperides Holdings Ltd,None,sec,hyperides
ENRD,Einride AB,None,sec,einride ab
KPET,KPET Ultra Paceline Corp,None,sec,kpet ultra paceline
AIOK,AI OKTO Corp.,None,sec,ai okto
NATNF,Nation Gold Corp.,OTC,sec,nation gold
TVIV,Texas Ventures Acquisition IV Corp,None,sec,texas ventures acquisition iv
BORAY,"Bora Pharmaceuticals Co., Ltd./ADR",OTC,sec,bora pharmaceuticals
BLDC,"Blockfusion Data Centers, Inc.",None,sec,blockfusion data centers
GOW,GOWell Energy Technology,None,sec,gowell energy technology
UDUD,UDynamics Ltd,None,sec,udynamics
FTHA,Forefront Tech Holdings Acquisition Corp,None,sec,forefront tech acquisition
SWBKY,Shawbrook Group plc/ADR,OTC,sec,shawbrook
MDKGY,Merdeka Gold Resources Tbk PT/ADR,OTC,sec,merdeka gold resources tbk pt
ANJFY,"Anjoy Foods Group Co., Ltd./ADR",OTC,sec,anjoy foods
FRTRY,"Fortior Technology (Shenzhen) Co., Ltd./ADR",OTC,sec,fortior technology shenzhen
SICCY,"SICC Co., Ltd./ADR",OTC,sec,sicc
ETHB,iShares Staked Ethereum Trust ETF,Nasdaq,sec,ishares staked ethereum trust etf
FMAC,Future Money Acquisition Corp,Nasdaq,sec,future money acquisition
SGPIY,"Seres Group Co., Ltd./ADR",OTC,sec,seres
MOT,MetaOptics Ltd,None,sec,metaoptics
NHIV,NewHold Investment Corp IV,None,sec,newhold investment iv
YARRF,Pirate Gold Corp.,OTC,sec,pirate gold
AIBZ,Bitzero Holdings Inc.,None,sec,bitzero
MPJPY,Metaplanet Inc.,OTC,sec,metaplanet
EWAV,East West Ave Acquisition Corp.,None,sec,east west ave acquisition
NYB,NYB Holdings Ltd,None,sec,nyb
SNSC,SunScout Holding Ltd,None,sec,sunscout
APMC,AmperCap Acquisition Co,None,sec,ampercap acquisition
AFNDY,Allfunds Group PLC./ADR,OTC,sec,allfunds
NCLA,Nuclea Energy Inc.,None,sec,nuclea energy
AACP,Apogee Acquisition Corp,None,sec,apogee acquisition
QLEP,Quantum Leap Acquisition Corp,None,sec,quantum leap acquisition
NRGFF,AE Fuels Corp,OTC,sec,ae fuels
TARX,Tarsier Pharma Ltd.,None,sec,tarsier pharma
KEYY,Keystone Acquisition Corp.,None,sec,keystone acquisition
FFGG,FF Global Holdings Ltd,None,sec,ff global
SKAI,Sky Acquisition Group,None,sec,sky acquisition
GFTFF,Grafton Resources Inc.,OTC,sec,grafton resources
MSBT,Morgan Stanley Bitcoin Trust,NYSE,sec,morgan stanley bitcoin trust
SUCH,Suchness Tech Ltd,None,sec,suchness tech
LTGR,Long Table Growth Corp.,None,sec,long table growth
ADIG,ADI GLOBAL DISTRIBUTION INC.,None,sec,adi global distribution
MRCO,Mercator Acquisition Corp.,None,sec,mercator acquisition
GBNB,Grayscale BNB ETF,None,sec,grayscale bnb etf
SSHBY,"SBI Shinsei Bank, Limited/ADR",OTC,sec,sbi shinsei bank
GHYP,Grayscale HYPE ETF,None,sec,grayscale hype etf
YKCLY,Yamato Kogyo Co. Ltd/ADR,OTC,sec,yamato kogyo
KERCY,Keisei Electric Railway Co. Ltd/ADR,OTC,sec,keisei electric railway
ODKUY,"Odakyu Electric Railway Co., Ltd./ADR",OTC,sec,odakyu electric railway
AZBLY,Azbil Corporation/ADR,OTC,sec,azbil
SCOP,Sprott Physical Copper Trust,NYSE,sec,sprott physical copper trust
GCGR,General Catalyst Global Resilience Merger Corp.,None,sec,general catalyst global resilience merger
AIST,AI STRATEGY INC.,None,sec,ai strategy
INIO,INNIO Holding GmbH,None,sec,innio gmbh
KNWAY,Knowledge Atlas Technology Joint Stock Co Limited/ADR,OTC,sec,knowledge atlas technology joint stock
MMXGY,Minimax Group Inc./ADR,OTC,sec,minimax
JNGDY,"Jingdong Industrials, Inc./ADR",OTC,sec,jingdong industrials
MCAH,Mountain Crest Acquisition 6 Corp.,None,sec,mountain crest acquisition 6
EROC,"ERock, Inc.",None,sec,erock
QNT,Quantinuum Inc.,None,sec,quantinuum
AELKY,ASELSAN Elektronik Sanayi ve Ticaret Anonim Sirketi/ADR,OTC,sec,aselsan elektronik sanayi ve ticaret anonim sirketi
DGAC,DISCIPLINED GROWTH ACQUISITION Corp,None,sec,disciplined growth acquisition
ACGC,ACP Holdings Acquisition Corp.,None,sec,acp acquisition
GSRV,GSR V Acquisition Corp.,None,sec,gsr v acquisition
SHILY,Shanghai Iluvatar CoreX Semiconductor Co Ltd/ADR,OTC,sec,shanghai iluvatar corex semiconductor
XTND,"Xtend AI Robotics, Inc.",None,sec,xtend ai robotics
AMAN,Amanat Acquisition Corp.,Nasdaq,sec,amanat acquisition
IQMX,IQM Finland Oy,None,sec,iqm finland oy
CXII,Churchill Capital Corp XII,None,sec,churchill capital xii
BAGZ,Cryptex Digital Market Cap ETF,None,sec,cryptex digital market cap etf
CAII,Collective Acquisition Corp. II,None,sec,collective acquisition ii
LTAFF,Lithium Africa Corp.,OTC,sec,lithium africa
CMPLY,Com7 PCL/ADR,OTC,sec,com7 pcl
SICOF,Silverco Mining Ltd.,OTC,sec,silverco mining
RACC,Research Alliance Corp III,Nasdaq,sec,research alliance iii
AADX,"Applied Aerospace & Defense, Inc.",None,sec,applied aerospace defense
CVCPY,CVC Capital Partners plc/ADR,OTC,sec,cvc capital partners
PFSTY,Pfisterer Holdings SE/ADR,OTC,sec,pfisterer se
FXAC,FortuneX Acquisition Corp,None,sec,fortunex acquisition
IACQ,Irenic Acquisition Corp.,None,sec,irenic acquisition
MNTGY,"Montage Technology Co., Ltd./ADR",OTC,sec,montage technology
WXILY,"Wuxi Lead Intelligent Equipment Co., Ltd./ADR",OTC,sec,wuxi lead intelligent equipment
MUYNY,Muyuan Foods Co. Ltd/ADR,OTC,sec,muyuan foods
EBGCY,Eastroc Beverage Group Co. Ltd/ADR,OTC,sec,eastroc beverage
ICGSF,ICG Silver & Gold Ltd.,OTC,sec,icg silver gold
RREV,RRE Ventures Acquisition Corp.,Nasdaq,sec,rre ventures acquisition
SKBBY,"Sichuan Kelun-Biotech Biopharmaceutical Co., Ltd./ADR",OTC,sec,sichuan kelun biotech biopharmaceutical
BHTGY,"Beijing Haizhi Technology Group Co., Ltd./ADR",OTC,sec,beijing haizhi technology
NTCMY,Natura Cosmeticos S.A./ADR,OTC,sec,natura cosmeticos s a
ATAYY,American Tungsten & Antimony Ltd,OTC,sec,american tungsten antimony
BVGLY,Bellevue Gold Ltd./ADR,OTC,sec,bellevue gold
EULLY,EUROPEAN LITHIUM LTD/ADR,OTC,sec,european lithium
DTRSY,DATELINE RESOURCES LTD/ADR,OTC,sec,dateline resources
BCLGY,BALTIC CLASSIFIEDS GROUP PLC/ADR,OTC,sec,baltic classifieds
MTGLY,Mininglamp Technology Group Limited/ADR,OTC,sec,mininglamp technology
JXIRY,Jiaxin International Resources Investment Limited/ADR,OTC,sec,jiaxin international resources investment
SXTEY,"Shenzhen Xunce Technology Co., Ltd./ADR",OTC,sec,shenzhen xunce technology
TYOEY,Toyo Engineering Corporation/ADR,OTC,sec,toyo engineering
HGZDY,"Hangzhou Diagens Biotechnology Co., Ltd./ADR",OTC,sec,hangzhou diagens biotechnology
JONE,Jones Ventures INTL Acquisition1 Corp,None,sec,jones ventures intl acquisition1
TEAC,Tidewise Acquisition Corp,None,sec,tidewise acquisition
FDMM,Freedom Metals Acquisition Corp.,None,sec,freedom metals acquisition
HCAX,Hall Chadwick Acquisition Corp II,None,sec,hall chadwick acquisition ii
YICC,Yorkville International Capital Corp.,None,sec,yorkville international capital
OBX,"Gazelle Parent, Inc.",None,sec,gazelle parent
VGTHY,"Victory Giant Technology (HuiZhou) Co., Ltd./ADR",OTC,sec,victory giant technology huizhou
OPNHY,Open House Group Co. Ltd/ADR,OTC,sec,open house
MCFN,"McCarthy Finney, Inc.",None,sec,mccarthy finney
GOOG,Alphabet Inc.,Nasdaq,sec,alphabet
USB-PA,US BANCORP \DE\,NYSE,sec,us bancorp de
BRK-A,BERKSHIRE HATHAWAY INC,NYSE,sec,berkshire hathaway
ASMLF,ASML HOLDING NV,OTC,sec,asml nv
TSMWF,TAIWAN SEMICONDUCTOR MANUFACTURING CO LTD,OTC,sec,taiwan semiconductor manufacturing
BABAF,Alibaba Group Holding Ltd,OTC,sec,alibaba
PCCYF,PETROCHINA CO LTD,OTC,sec,petrochina
JPM-PC,JPMORGAN CHASE & CO,NYSE,sec,jpmorgan chase
BML-PG,BANK OF AMERICA CORP /DE/,NYSE,sec,bank of america de
NVSEF,NOVARTIS AG,OTC,sec,novartis ag
BML-PL,BANK OF AMERICA CORP /DE/,NYSE,sec,bank of america de
BAC-PB,BANK OF AMERICA CORP /DE/,NYSE,sec,bank of america de
TOYOF,TOYOTA MOTOR CORP/,OTC,sec,toyota motor
CILJF,CHINA LIFE INSURANCE CO LTD,OTC,sec,china life insurance
BAC-PK,BANK OF AMERICA CORP /DE/,NYSE,sec,bank of america de
RYDAF,Shell plc,OTC,sec,shell
BHPLF,BHP Group Ltd,OTC,sec,bhp
MBFJF,MITSUBISHI UFJ FINANCIAL GROUP INC,OTC,sec,mitsubishi ufj financial
SAPGF,SAP SE,OTC,sec,sap se
HBCYF,HSBC HOLDINGS PLC,OTC,sec,hsbc
NONOF,NOVO NORDISK A S,OTC,sec,novo nordisk a s
WFC-PY,WELLS FARGO & COMPANY/MN,NYSE,sec,wells fargo mn
ABLZF,ABB LTD,OTC,sec,abb
WFC-PL,WELLS FARGO & COMPANY/MN,NYSE,sec,wells fargo mn
ABBNY,ABB LTD,OTC,sec,abb
BCDRF,"Banco Santander, S.A.",OTC,sec,banco santander s a
SNEJF,Sony Group Corp,OTC,sec,sony
TBB,AT&T INC.,NYSE,sec,at t
BTAFF,British American Tobacco p.l.c.,OTC,sec,british american tobacco p l c
SNYNF,Sanofi,OTC,sec,sanofi
UNLYF,UNILEVER PLC,OTC,sec,unilever
BUDFF,Anheuser-Busch InBev SA/NV,OTC,sec,anheuser busch inbev sa nv
WFC-PC,WELLS FARGO & COMPANY/MN,NYSE,sec,wells fargo mn
DTEGF,DEUTSCHE TELEKOM AG,OTC,sec,deutsche telekom ag
GLAXF,GSK plc,OTC,sec,gsk
BPAQF,BP PLC,OTC,sec,bp
RTPPF,RIO TINTO PLC,OTC,sec,rio tinto
SMFNF,"SUMITOMO MITSUI FINANCIAL GROUP, INC.",OTC,sec,sumitomo mitsui financial
IDEXF,Industria de Diseno Textil Inditex SA / ADR,OTC,sec,industria de diseno textil inditex sa
BYDDF,BYD CO LTD,OTC,sec,byd
NCRRP,NCR Voyix Corp,OTC,sec,ncr voyix
CMXHF,CSL LTD,OTC,sec,csl
AIQUF,L AIR LIQUIDE SA /FI,OTC,sec,l air liquide sa fi
SNPMF,CHINA PETROLEUM & CHEMICAL CORP,OTC,sec,china petroleum chemical
MBGAF,DAIMLER AG,OTC,sec,daimler ag
NETTF,"NetEase, Inc.",OTC,sec,netease
USB-PH,US BANCORP \DE\,NYSE,sec,us bancorp de
NTTYY,NIPPON TELEGRAPH & TELEPHONE CORP,OTC,sec,nippon telegraph telephone
EBBNF,ENBRIDGE INC,OTC,sec,enbridge
NOKBF,NOKIA CORP,OTC,sec,nokia
CTA-PB,"EIDP, Inc.",NYSE,sec,eidp
USB-PP,US BANCORP \DE\,NYSE,sec,us bancorp de
BAESF,BAE SYSTEMS PLC /FI/,OTC,sec,bae systems fi
PPRUF,Kering,OTC,sec,kering
AMXOF,AMERICA MOVIL SAB DE CV/,OTC,sec,america movil sab de cv
GLCNF,Glencore plc/ADR,OTC,sec,glencore
MS-PK,MORGAN STANLEY,NYSE,sec,morgan stanley
PBR-A,PETROBRAS - PETROLEO BRASILEIRO SA,NYSE,sec,petrobras petroleo brasileiro sa
KDDIF,KDDI CORP,OTC,sec,kddi
STOHF,EQUINOR ASA,OTC,sec,equinor asa
MS-PE,MORGAN STANLEY,NYSE,sec,morgan stanley
RLXXF,RELX PLC,OTC,sec,relx
BAIDF,"Baidu, Inc.",OTC,sec,baidu
DGEAF,DIAGEO PLC,OTC,sec,diageo
EIPAF,ENI SPA,OTC,sec,eni spa
CCZ,COMCAST CORP,NYSE,sec,comcast
BYMOF,Bayerische Motoren Werke AG/ADR,OTC,sec,bayerische motoren werke ag
BAMXF,Bayerische Motoren Werke AG/ADR,OTC,sec,bayerische motoren werke ag
WEBNF,WESTPAC BANKING CORP,OTC,sec,westpac banking
IFNNF,INFINEON TECHNOLOGIES AG,OTC,sec,infineon technologies ag
MZHOF,MIZUHO FINANCIAL GROUP INC,OTC,sec,mizuho financial
HTHIF,HITACHI LTD,OTC,sec,hitachi
NGGTF,NATIONAL GRID PLC,OTC,sec,national grid
TKPHF,TAKEDA PHARMACEUTICAL CO LTD,OTC,sec,takeda pharmaceutical
DKILF,Daikin Industries Ltd,OTC,sec,daikin industries
BECEF,BCE INC,OTC,sec,bce
SPG-PJ,SIMON PROPERTY GROUP INC.,NYSE,sec,simon property
BSQKZ,"Block, Inc.",OTC,sec,block
CTA-PA,"EIDP, Inc.",NYSE,sec,eidp
TNCAF,TC ENERGY CORP,OTC,sec,tc energy
INGVF,ING GROEP NV,OTC,sec,ing groep nv
MET-PA,METLIFE INC,NYSE,sec,metlife
TRPCF,Trip.com Group Ltd,OTC,sec,trip com
ITOCF,ITOCHU CORP,OTC,sec,itochu
MET-PE,METLIFE INC,NYSE,sec,metlife
LLDTF,Lloyds Banking Group plc,OTC,sec,lloyds banking
BBVXF,"BANCO BILBAO VIZCAYA ARGENTARIA, S.A.",OTC,sec,banco bilbao vizcaya argentaria s a
HLNCF,Haleon plc,OTC,sec,haleon
TCANF,TC ENERGY CORP,OTC,sec,tc energy
PSA-PH,Public Storage,NYSE,sec,public storage
JDCMF,"JD.com, Inc.",OTC,sec,jd com
HNDAF,HONDA MOTOR CO LTD,OTC,sec,honda motor
BAMGF,BROOKFIELD Corp /ON/,OTC,sec,brookfield on
PINXF,People's Insurance Co (Group) of China Limited/ADR,OTC,sec,people s insurance of china
TCKRF,TECK RESOURCES LTD,OTC,sec,teck resources
CRARF,CREDIT AGRICOLE S A,OTC,sec,credit agricole s a
ENAKF,E.ON SE,OTC,sec,e on se
RBSPF,NatWest Group plc,OTC,sec,natwest
ERIXF,ERICSSON LM TELEPHONE CO,OTC,sec,ericsson lm telephone
PUKPF,PRUDENTIAL PLC,OTC,sec,prudential
WOPEF,WOODSIDE ENERGY GROUP LTD,OTC,sec,woodside energy
FNCTF,ORANGE,OTC,sec,orange
BMDPF,BANCA MONTE DEI PASCHI DI SIENA SPA,OTC,sec,banca monte dei paschi di siena spa
HEI-A,HEICO CORP,NYSE,sec,heico
ALL-PH,ALLSTATE CORP,NYSE,sec,allstate
LEN-B,LENNAR CORP /NEW/,NYSE,sec,lennar new
CIXPF,CaixaBank/ADR,OTC,sec,caixabank
BCLYF,BARCLAYS PLC,OTC,sec,barclays
RSMDF,RESMED INC,OTC,sec,resmed
CODGF,COMPAGNIE DE SAINT GOBAIN,OTC,sec,compagnie de saint gobain
LAAOF,Li Auto Inc.,OTC,sec,li auto
ORXCF,ORIX CORP,OTC,sec,orix
TEFOF,TELEFONICA S A,OTC,sec,telefonica s a
VODPF,VODAFONE GROUP PUBLIC LTD CO,OTC,sec,vodafone public
BBDO,BANK BRADESCO,NYSE,sec,bank bradesco
HRNNF,Hydro One Ltd,OTC,sec,hydro one
GNMSF,GENMAB A/S,OTC,sec,genmab a s
ANNSF,Aena S.A./ADR,OTC,sec,aena s a
DLR-PK,"DIGITAL REALTY TRUST, INC.",NYSE,sec,digital realty trust
FOX,Fox Corp,Nasdaq,sec,fox
STMEF,STMicroelectronics N.V.,OTC,sec,stmicroelectronics n v
HKHHF,HEINEKEN HOLDING N V,OTC,sec,heineken n v
AMSYF,ArcelorMittal,OTC,sec,arcelormittal
SAXPF,Sampo OYJ,OTC,sec,sampo oyj
RYAOF,RYANAIR HOLDINGS PLC,OTC,sec,ryanair
CAJPY,CANON INC,OTC,sec,canon
MKC-V,MCCORMICK & CO INC,NYSE,sec,mccormick
TNRSF,TENARIS SA,OTC,sec,tenaris sa
RSTRF,Restaurant Brands International Limited Partnership,OTC,sec,restaurant brands international partnership
SOJC,SOUTHERN CO,NYSE,sec,southern
CAJFF,CANON INC,OTC,sec,canon
FWONK,Liberty Media Corp,Nasdaq,sec,liberty media
HMRZF,H&M HENNES & MAURITZ AB,OTC,sec,h m hennes mauritz ab
COCSF,COCA COLA FEMSA SAB DE CV,OTC,sec,coca cola femsa sab de cv
ICHGF,INTERCONTINENTAL HOTELS GROUP PLC /NEW/,OTC,sec,intercontinental hotels new
TELNF,TELENOR ASA,OTC,sec,telenor asa
RCIAF,ROGERS COMMUNICATIONS INC,OTC,sec,rogers communications
XPNGF,XPENG INC.,OTC,sec,xpeng
Z,"ZILLOW GROUP, INC.",Nasdaq,sec,zillow
STT-PG,STATE STREET CORP,NYSE,sec,state street
KYOCF,KYOCERA CORP,OTC,sec,kyocera
KYOCY,KYOCERA CORP,OTC,sec,kyocera
FWONB,Liberty Media Corp,OTC,sec,liberty media
FCNCB,FIRST CITIZENS BANCSHARES INC /DE/,OTC,sec,first citizens bancshares de
BKZHY,Santander Bank Polska SA/ADR,OTC,sec,santander bank polska sa
POAHF,Porsche Automobil Holding SE / ADR,OTC,sec,porsche automobil se
NRSCF,NOMURA HOLDINGS INC,OTC,sec,nomura
SOAGY,Sartorius AG/ADR,OTC,sec,sartorius ag
JHIUF,James Hardie Industries plc,OTC,sec,james hardie industries
SPXSF,Spirax-Sarco Engineering PLC/ADR,OTC,sec,spirax sarco engineering
NWS,NEWS CORP,Nasdaq,sec,news
RYLPF,KONINKLIJKE PHILIPS NV,OTC,sec,koninklijke philips nv
AMCCF,Amcor plc,OTC,sec,amcor
SURDF,"Sumitomo Realty & Development Co., Ltd./ADR",OTC,sec,sumitomo realty development
BIO-B,"BIO-RAD LABORATORIES, INC.",NYSE,sec,bio rad laboratories
CHKIF,CHINA SOUTHERN AIRLINES CO LTD,OTC,sec,china southern airlines
ADTTF,ADVANTEST CORP,OTC,sec,advantest
KEY-PK,KEYCORP /NEW/,NYSE,sec,keycorp new
FSNUF,Fresenius SE & Co. KGaA,OTC,sec,fresenius se kgaa
TEVJF,TEVA PHARMACEUTICAL INDUSTRIES LTD,OTC,sec,teva pharmaceutical industries
CRERF,CARREFOUR SA,OTC,sec,carrefour sa
SGIOF,SHIONOGI & CO LTD,OTC,sec,shionogi
FRFFF,FAIRFAX FINANCIAL HOLDINGS LTD/ CAN,OTC,sec,fairfax financial can
PTPIF,PT Chandra Asri Petrochemical Tbk/ADR,OTC,sec,pt chandra asri petrochemical tbk
APO-PA,"Apollo Global Management, Inc.",NYSE,sec,apollo global management
KEY-PI,KEYCORP /NEW/,NYSE,sec,keycorp new
NIOIF,NIO Inc.,OTC,sec,nio
FNGD,BANK OF MONTREAL /CAN/,NYSE,sec,bank of montreal can
GFIOF,GOLD FIELDS LTD,OTC,sec,gold fields
NCSYF,NICE Ltd.,OTC,sec,nice
RKLIF,RENTOKIL INITIAL PLC /FI,OTC,sec,rentokil initial fi
SVYSF,SOLVAY S A /ADR/,OTC,sec,solvay s a
GELYF,Geely Automobile Holdings Limited/ADR,OTC,sec,geely automobile
NMPGY,Navios Maritime Holdings Inc.,OTC,sec,navios maritime
WSO-B,WATSCO INC,NYSE,sec,watsco
FMCQF,Fresenius Medical Care AG,OTC,sec,fresenius medical care ag
MAA-PI,MID AMERICA APARTMENT COMMUNITIES INC.,NYSE,sec,mid america apartment communities
LBRDB,Liberty Broadband Corp,OTC,sec,liberty broadband
RF-PC,REGIONS FINANCIAL CORP,NYSE,sec,regions financial
SNNUF,SMITH & NEPHEW PLC,OTC,sec,smith nephew
SHECF,"Shin-Etsu Chemical Co., Ltd.",OTC,sec,shin etsu chemical
LBRDK,Liberty Broadband Corp,Nasdaq,sec,liberty broadband
BF-B,BROWN FORMAN CORP,NYSE,sec,brown forman
BZLFF,BUNZL PLC,OTC,sec,bunzl
ALMMF,ALUMINUM CORP OF CHINA LTD,OTC,sec,aluminum of china
ERRAF,EMERA INC,OTC,sec,emera
PIRBF,Piraeus Bank S.A.,OTC,sec,piraeus bank s a
UHAL-B,U-Haul Holding Co /NV/,NYSE,sec,u haul nv
SBYSF,Sibanye Stillwater Ltd,OTC,sec,sibanye stillwater
TAP-A,MOLSON COORS BEVERAGE CO,NYSE,sec,molson coors beverage
DQJCF,Don Quijote Holdings Co Ltd,OTC,sec,don quijote
PBNNF,PT Bank Negara Indonesia (Persero) Tbk/ADR,OTC,sec,pt bank negara indonesia persero tbk
WPPGF,WPP plc,OTC,sec,wpp
PRYMF,Prysmian S.p.A.,OTC,sec,prysmian s p a
GPAEF,Pacific Airport Group,OTC,sec,pacific airport
MNBEF,MINEBEA MITSUMI Inc.,OTC,sec,minebea mitsumi
AEGOF,AEGON LTD.,OTC,sec,aegon
FREJO,FEDERAL HOME LOAN MORTGAGE CORP,OTC,sec,federal home loan mortgage
YAMHF,"Yamaha Motor Co., Ltd.",OTC,sec,yamaha motor
GLIBB,"GCI Liberty, Inc.",OTC,sec,gci liberty
NDEKF,NITTO DENKO CORP / ADR/,OTC,sec,nitto denko
ASRMF,SOUTHEAST AIRPORT GROUP,OTC,sec,southeast airport
SBMFF,Sino Biopharmaceutical Limited/ADR,OTC,sec,sino biopharmaceutical
JGSHF,"JG Summit Holdings, Inc./ADR",OTC,sec,jg summit
LBTYB,Liberty Global Ltd.,Nasdaq,sec,liberty global
UEPCN,UNION ELECTRIC CO,OTC,sec,union electric
CIG-C,ENERGY CO OF MINAS GERAIS,NYSE,sec,energy of minas gerais
CXMSF,CEMEX SAB DE CV,OTC,sec,cemex sab de cv
SAPIF,Saputo Inc./ADR,OTC,sec,saputo
DINRF,"SCREEN Holdings Co., Ltd./ADR",OTC,sec,screen
PSORF,PEARSON PLC,OTC,sec,pearson
UEPEO,UNION ELECTRIC CO,OTC,sec,union electric
UEPEP,UNION ELECTRIC CO,OTC,sec,union electric
PSNYW,Polestar Automotive Holding UK PLC,Nasdaq,sec,polestar automotive uk
SASOF,SASOL LTD,OTC,sec,sasol
VNORP,VORNADO REALTY TRUST,OTC,sec,vornado realty trust
OSCUF,"Japan Exchange Group, Inc./ADR",OTC,sec,japan exchange
NWOEF,New Oriental Education & Technology Group Inc.,OTC,sec,new oriental education technology
VNO-PL,VORNADO REALTY TRUST,NYSE,sec,vornado realty trust
UEPCP,UNION ELECTRIC CO,OTC,sec,union electric
YMHAY,"Yamaha Motor Co., Ltd.",OTC,sec,yamaha motor
VNO-PM,VORNADO REALTY TRUST,NYSE,sec,vornado realty trust
UNBLF,Unibail-Rodamco SE/ADR,OTC,sec,unibail rodamco se
UEPEN,UNION ELECTRIC CO,OTC,sec,union electric
BLBLF,Bilibili Inc.,OTC,sec,bilibili
XZJCF,Mitsui Kinzoku Co Ltd./ADR,OTC,sec,mitsui kinzoku
GIFLF,Grifols SA,OTC,sec,grifols sa
KOSCF,Kose Corporation/ADR,OTC,sec,kose
PADEF,Adaro Energy PT/ADR/,OTC,sec,adaro energy pt
GIFOF,Grifols SA,OTC,sec,grifols sa
MSUXF,Misumi Group Inc./ADR,OTC,sec,misumi
ATDRF,Auto Trader Group plc/ADR,OTC,sec,auto trader
DSECF,Daiwa Securities Group Inc.,OTC,sec,daiwa securities
CMSA,CMS ENERGY CORP,NYSE,sec,cms energy
SLG-PI,SL GREEN REALTY CORP,NYSE,sec,sl green realty
BCUCF,Brunello Cucinelli S.p.A./ADR,OTC,sec,brunello cucinelli s p a
BMRPF,B&M European Value Retail S.A./ADR,OTC,sec,b m european value retail s a
LIFX,"Life360, Inc.",OTC,sec,life360
GIKLY,Grifols SA,OTC,sec,grifols sa
HACBY,HACHIJUNI BANK LTD,OTC,sec,hachijuni bank
SFGRF,Sony Financial Group Inc./ADR,OTC,sec,sony financial
ALTB,Alpine Auto Brokers Inc.,OTC,sec,alpine auto brokers
BLFBY,Balfour Beatty plc/ADR,OTC,sec,balfour beatty
UNMA,Unum Group,NYSE,sec,unum
APLS,"Apellis Pharmaceuticals, Inc.",Nasdaq,sec,apellis pharmaceuticals
SLFPF,STANDARD LIFE PLC,OTC,sec,standard life
RTMVF,Rightmove PLC/ADR,OTC,sec,rightmove
MITUF,Mitsui Chemicals Inc,OTC,sec,mitsui chemicals
BPOPO,"POPULAR, INC.",OTC,sec,popular
HGMCF,HARMONY GOLD MINING CO LTD,OTC,sec,harmony gold mining
SSRGF,SSR MINING INC.,OTC,sec,ssr mining
ZLDPF,Zealand Pharma A/S/ADR,OTC,sec,zealand pharma a s
RUSHB,RUSH ENTERPRISES INC \TX\,Nasdaq,sec,rush enterprises tx
PHTCF,PLDT Inc.,OTC,sec,pldt
PCG-PE,PG&E Corp,NYSE,sec,pg e
PPENF,Pampa Energy Inc.,OTC,sec,pampa energy
PCG-PD,PG&E Corp,NYSE,sec,pg e
PCG-PC,PG&E Corp,NYSE,sec,pg e
FNMFN,FEDERAL NATIONAL MORTGAGE ASSOCIATION FANNIE MAE,OTC,sec,federal national mortgage association fannie mae
PCG-PH,PG&E Corp,NYSE,sec,pg e
AKO-B,ANDINA BOTTLING CO INC,NYSE,sec,andina bottling
PCG-PG,PG&E Corp,NYSE,sec,pg e
GAERF,Central North Airport Group,OTC,sec,central north airport
AXS-PE,AXIS CAPITAL HOLDINGS LTD,NYSE,sec,axis capital
DTW,DTE ENERGY CO,NYSE,sec,dte energy
SPTJF,SINOPEC SHANGHAI PETROCHEMICAL CO LTD,OTC,sec,sinopec shanghai petrochemical
PIFMF,"Indofood Sukses Makmur, Tbk",OTC,sec,indofood sukses makmur tbk
LBTYK,Liberty Global Ltd.,Nasdaq,sec,liberty global
PCG-PI,PG&E Corp,NYSE,sec,pg e
TPH,"Tri Pointe Homes, Inc.",NYSE,sec,tri pointe homes
DISPF,Disco Corporation/ADR,OTC,sec,disco
TCMFF,TELECOM ARGENTINA SA,OTC,sec,telecom argentina sa
SLMBP,SLM Corp,Nasdaq,sec,slm
DLAKF,DEUTSCHE LUFTHANSA A G /FI,OTC,sec,deutsche lufthansa a g fi
SF-PB,STIFEL FINANCIAL CORP,NYSE,sec,stifel financial
TWO-PC,TWO HARBORS INVESTMENT CORP.,NYSE,sec,two harbors investment
BELFB,BEL FUSE INC /NJ,Nasdaq,sec,bel fuse nj
BATRK,"Atlanta Braves Holdings, Inc.",Nasdaq,sec,atlanta braves
TYTMF,Tokyo Tatemono Co Ltd,OTC,sec,tokyo tatemono
MOG-B,MOOG INC.,NYSE,sec,moog
VLYPP,VALLEY NATIONAL BANCORP,Nasdaq,sec,valley national bancorp
RYKKF,Ryohin Keikaku Co/ADR,OTC,sec,ryohin keikaku
TWO-PB,TWO HARBORS INVESTMENT CORP.,NYSE,sec,two harbors investment
TWO-PA,TWO HARBORS INVESTMENT CORP.,NYSE,sec,two harbors investment
WRB-PE,BERKLEY W R CORP,NYSE,sec,berkley w r
SOHGY,ALSOK Co Ltd./ADR,OTC,sec,alsok
GEF-B,"GREIF, INC",NYSE,sec,greif
WBS-PF,WEBSTER FINANCIAL CORP,NYSE,sec,webster financial
ATROB,ASTRONICS CORP,OTC,sec,astronics
VLYPO,VALLEY NATIONAL BANCORP,Nasdaq,sec,valley national bancorp
RLJ-PA,RLJ Lodging Trust,NYSE,sec,rlj lodging trust
PEB-PF,Pebblebrook Hotel Trust,NYSE,sec,pebblebrook hotel trust
PEB-PE,Pebblebrook Hotel Trust,NYSE,sec,pebblebrook hotel trust
AYASF,Aya Gold & Silver Inc.,OTC,sec,aya gold silver
SLNO,SOLENO THERAPEUTICS INC,Nasdaq,sec,soleno therapeutics
CIM-PA,CHIMERA INVESTMENT CORP,NYSE,sec,chimera investment
TY-P,TRI-CONTINENTAL Corp,NYSE,sec,tri continental
PTXAF,PT XLSMART Telecom Sejahtera Tbk/ADR,OTC,sec,pt xlsmart telecom sejahtera tbk
HMDCF,HUTCHMED (China) Ltd,OTC,sec,hutchmed china
FMCCG,FEDERAL HOME LOAN MORTGAGE CORP,OTC,sec,federal home loan mortgage
AEBZY,ANADOLU EFES BIRACILIK VE MALT SANAYI A S/ADR,OTC,sec,anadolu efes biracilik ve malt sanayi a s
FNMAM,FEDERAL NATIONAL MORTGAGE ASSOCIATION FANNIE MAE,OTC,sec,federal national mortgage association fannie mae
AILLI,Ameren Illinois Co,OTC,sec,ameren illinois
NSA-PA,National Storage Affiliates Trust,NYSE,sec,national storage affiliates trust
BATRB,"Atlanta Braves Holdings, Inc.",OTC,sec,atlanta braves
MCW,"Mister Car Wash, Inc.",Nasdaq,sec,mister car wash
WELPP,WISCONSIN ELECTRIC POWER CO,OTC,sec,wisconsin electric power
AILLM,Ameren Illinois Co,OTC,sec,ameren illinois
AILLN,Ameren Illinois Co,OTC,sec,ameren illinois
CSGS,CSG SYSTEMS INTERNATIONAL INC,Nasdaq,sec,csg systems international
CDGLF,ComfortDelGro Corp Ltd,OTC,sec,comfortdelgro
FNMAN,FEDERAL NATIONAL MORTGAGE ASSOCIATION FANNIE MAE,OTC,sec,federal national mortgage association fannie mae
SRG-PA,Seritage Growth Properties,NYSE,sec,seritage growth properties
TROLB,TOOTSIE ROLL INDUSTRIES INC,OTC,sec,tootsie roll industries
AILIM,Ameren Illinois Co,OTC,sec,ameren illinois
FMCCJ,FEDERAL HOME LOAN MORTGAGE CORP,OTC,sec,federal home loan mortgage
FNMAI,FEDERAL NATIONAL MORTGAGE ASSOCIATION FANNIE MAE,OTC,sec,federal national mortgage association fannie mae
CENTA,CENTRAL GARDEN & PET CO,Nasdaq,sec,central garden pet
UA,"Under Armour, Inc.",NYSE,sec,under armour
NHNKF,Nihon Kohden Corporation/ADR,OTC,sec,nihon kohden
CODQL,Coronado Global Resources Inc.,OTC,sec,coronado global resources
WBHC,WILSON BANK HOLDING CO,OTC,sec,wilson bank
GLPGF,Lakefront Biotherapeutics NV,OTC,sec,lakefront biotherapeutics nv
TBNGY,PT Bukit Asam Tbk/ADR,OTC,sec,pt bukit asam tbk
AILLO,Ameren Illinois Co,OTC,sec,ameren illinois
LXP-PC,LXP Industrial Trust,NYSE,sec,lxp industrial trust
FNMAT,FEDERAL NATIONAL MORTGAGE ASSOCIATION FANNIE MAE,OTC,sec,federal national mortgage association fannie mae
AILIN,Ameren Illinois Co,OTC,sec,ameren illinois
FNMAK,FEDERAL NATIONAL MORTGAGE ASSOCIATION FANNIE MAE,OTC,sec,federal national mortgage association fannie mae
IFCNF,Inficon Holding AG/ADR,OTC,sec,inficon ag
FNMAL,FEDERAL NATIONAL MORTGAGE ASSOCIATION FANNIE MAE,OTC,sec,federal national mortgage association fannie mae
FNMFM,FEDERAL NATIONAL MORTGAGE ASSOCIATION FANNIE MAE,OTC,sec,federal national mortgage association fannie mae
DRSHF,DroneShield Ltd,OTC,sec,droneshield
AILLP,Ameren Illinois Co,OTC,sec,ameren illinois
WLYB,"JOHN WILEY & SONS, INC.",NYSE,sec,john wiley sons
FNMAO,FEDERAL NATIONAL MORTGAGE ASSOCIATION FANNIE MAE,OTC,sec,federal national mortgage association fannie mae
TUFBY,Thai Union Group Public Co Limited/ADR,OTC,sec,thai union public
GLPG,Lakefront Biotherapeutics NV,None,sec,lakefront biotherapeutics nv
FNMAG,FEDERAL NATIONAL MORTGAGE ASSOCIATION FANNIE MAE,OTC,sec,federal national mortgage association fannie mae
FNMFO,FEDERAL NATIONAL MORTGAGE ASSOCIATION FANNIE MAE,OTC,sec,federal national mortgage association fannie mae
FIHL,Pelagos Insurance Capital Ltd,NYSE,sec,pelagos insurance capital
ARZTF,ARYZTA AG (fka IAWS GROUP PLC),OTC,sec,aryzta ag fka iaws
GDV-PH,GABELLI DIVIDEND & INCOME TRUST,NYSE,sec,gabelli dividend income trust
FISK,"Empire State Realty OP, L.P.",NYSE,sec,empire state realty op l p
GRPFF,"GRUPO TELEVISA, S.A.B.",OTC,sec,grupo televisa s a b
EVOTF,Evotec SE,OTC,sec,evotec se
LILAK,Liberty Latin America Ltd.,Nasdaq,sec,liberty latin america
NGL-PC,NGL Energy Partners LP,NYSE,sec,ngl energy partners lp
BFS-PD,"SAUL CENTERS, INC.",NYSE,sec,saul centers
FMCCL,FEDERAL HOME LOAN MORTGAGE CORP,OTC,sec,federal home loan mortgage
OGCP,"Empire State Realty OP, L.P.",NYSE,sec,empire state realty op l p
AGM-A,FEDERAL AGRICULTURAL MORTGAGE CORP,NYSE,sec,federal agricultural mortgage
FMCKL,FEDERAL HOME LOAN MORTGAGE CORP,OTC,sec,federal home loan mortgage
LTGHF,Life Healthcare Group Holdings Limited/ADR,OTC,sec,life healthcare
PMT-PA,PennyMac Mortgage Investment Trust,NYSE,sec,pennymac mortgage investment trust
PMT-PB,PennyMac Mortgage Investment Trust,NYSE,sec,pennymac mortgage investment trust
SBOEF,SBO AG/ADR,OTC,sec,sbo ag
LILAB,Liberty Latin America Ltd.,OTC,sec,liberty latin america
FMCCS,FEDERAL HOME LOAN MORTGAGE CORP,OTC,sec,federal home loan mortgage
MHLA,"Maiden Holdings, Ltd.",NYSE,sec,maiden
FMCCO,FEDERAL HOME LOAN MORTGAGE CORP,OTC,sec,federal home loan mortgage
FMCKN,FEDERAL HOME LOAN MORTGAGE CORP,OTC,sec,federal home loan mortgage
FREJN,FEDERAL HOME LOAN MORTGAGE CORP,OTC,sec,federal home loan mortgage
CMGMF,Chemring Group PLC/ADR,OTC,sec,chemring
FMCCN,FEDERAL HOME LOAN MORTGAGE CORP,OTC,sec,federal home loan mortgage
FMCKO,FEDERAL HOME LOAN MORTGAGE CORP,OTC,sec,federal home loan mortgage
FMCKJ,FEDERAL HOME LOAN MORTGAGE CORP,OTC,sec,federal home loan mortgage
FMCKM,FEDERAL HOME LOAN MORTGAGE CORP,OTC,sec,federal home loan mortgage
EXPI,"eXp World Holdings, Inc.",None,sec,exp world
FREGP,FEDERAL HOME LOAN MORTGAGE CORP,OTC,sec,federal home loan mortgage
FMCCH,FEDERAL HOME LOAN MORTGAGE CORP,OTC,sec,federal home loan mortgage
FMCCK,FEDERAL HOME LOAN MORTGAGE CORP,OTC,sec,federal home loan mortgage
HL-PB,HECLA MINING CO/DE/,NYSE,sec,hecla mining de
FMCCP,FEDERAL HOME LOAN MORTGAGE CORP,OTC,sec,federal home loan mortgage
FMCCM,FEDERAL HOME LOAN MORTGAGE CORP,OTC,sec,federal home loan mortgage
FMCKP,FEDERAL HOME LOAN MORTGAGE CORP,OTC,sec,federal home loan mortgage
SENEA,Seneca Foods Corp,Nasdaq,sec,seneca foods
FXCNF,FIH Mobile Ltd,OTC,sec,fih mobile
OILSF,Saturn Oil & Gas Inc.,OTC,sec,saturn oil gas
HCACU,Hall Chadwick Acquisition Corp,Nasdaq,sec,hall chadwick acquisition
SNCY,"Sun Country Airlines Holdings, LLC",Nasdaq,sec,sun country airlines llc
BH,Biglari Holdings Inc.,NYSE,sec,biglari
CTLP,"CANTALOUPE, INC.",Nasdaq,sec,cantaloupe
GTN-A,"GRAY MEDIA, INC",NYSE,sec,gray media
GDRZF,GOLD RESERVE LTD,OTC,sec,gold reserve
DGICB,DONEGAL GROUP INC,Nasdaq,sec,donegal
EHAB,"Enhabit, Inc.",NYSE,sec,enhabit
MEOBF,MESOBLAST LTD,OTC,sec,mesoblast
DRDGF,DRDGOLD LTD,OTC,sec,drdgold
UDMY,"Udemy, Inc.",Nasdaq,sec,udemy
HOVVB,HOVNANIAN ENTERPRISES INC,OTC,sec,hovnanian enterprises
HLTC,"National Healthcare Properties, Inc.",OTC,sec,national healthcare properties
HVT-A,HAVERTY FURNITURE COMPANIES INC,NYSE,sec,haverty furniture companies
KELYB,KELLY SERVICES INC,Nasdaq,sec,kelly services
GGT-PE,GABELLI MULTIMEDIA TRUST INC.,NYSE,sec,gabelli multimedia trust
CAEP,"Cantor Equity Partners III, Inc.",Nasdaq,sec,cantor equity partners iii
XWIN,XMax Inc.,Nasdaq,sec,xmax
BRSYF,Brainsway Ltd.,OTC,sec,brainsway
UMH-PD,"UMH PROPERTIES, INC.",NYSE,sec,umh properties
OXLCM,Oxford Lane Capital Corp.,Nasdaq,sec,oxford lane capital
MTGRF,MGX Resources Limited/ADR,OTC,sec,mgx resources
NEWTI,"NewtekOne, Inc.",Nasdaq,sec,newtekone
PTCHF,PureTech Health plc,OTC,sec,puretech health
OXLCO,Oxford Lane Capital Corp.,Nasdaq,sec,oxford lane capital
CRD-B,CRAWFORD & CO,NYSE,sec,crawford
PRTC,PureTech Health plc,Nasdaq,sec,puretech health
ERLFF,Entree Resources Ltd.,OTC,sec,entree resources
AVHHL,"AVITA Medical, Inc.",OTC,sec,avita medical
VSOGF,"Vista Energy, S.A.B. de C.V.",OTC,sec,vista energy s a b de c v
ARTNB,ARTESIAN RESOURCES CORP,OTC,sec,artesian resources
GSCCF,ioneer Ltd,OTC,sec,ioneer
CKDXF,Opthea Ltd,OTC,sec,opthea
CNTHP,CONNECTICUT LIGHT & POWER CO,OTC,sec,connecticut light power
IHRTB,"iHeartMedia, Inc.",OTC,sec,iheartmedia
CNLPL,CONNECTICUT LIGHT & POWER CO,OTC,sec,connecticut light power
WLAC,Willow Lane Acquisition Corp.,Nasdaq,sec,willow lane acquisition
NCZ-PA,Virtus Convertible & Income Fund II,NYSE,sec,virtus convertible income fund ii
EWCZ,"European Wax Center, Inc.",Nasdaq,sec,european wax center
DFPH,"Oncology Institute, Inc.",OTC,sec,oncology institute
DSX-PB,DIANA SHIPPING INC.,NYSE,sec,diana shipping
CNTHO,CONNECTICUT LIGHT & POWER CO,OTC,sec,connecticut light power
AOTVF,Cambria Gold Mines Inc.,OTC,sec,cambria gold mines
RVRF,River Financial Corp,OTC,sec,river financial
MTMV,Motomova Inc,OTC,sec,motomova
KFS,KINGSWAY Corp,NYSE,sec,kingsway
RLFTY,MindMaze Therapeutics Holding SA,OTC,sec,mindmaze therapeutics sa
MPX,"MARINE PRODUCTS GROUP, LLC",NYSE,sec,marine products llc
PRRUF,IMMUTEP Ltd,OTC,sec,immutep
CNTHN,CONNECTICUT LIGHT & POWER CO,OTC,sec,connecticut light power
SLNCF,Silence Therapeutics plc,OTC,sec,silence therapeutics
APLMW,Apollomics Inc.,Nasdaq,sec,apollomics
CNLHP,CONNECTICUT LIGHT & POWER CO,OTC,sec,connecticut light power
ARCXF,ArcelorMittal,OTC,sec,arcelormittal
CNLTP,CONNECTICUT LIGHT & POWER CO,OTC,sec,connecticut light power
HEXEY,Euronext Athens Holding S.A./ADR,OTC,sec,euronext athens s a
CNLTL,CONNECTICUT LIGHT & POWER CO,OTC,sec,connecticut light power
IPHYF,Innate Pharma SA,OTC,sec,innate pharma sa
CNPWM,CONNECTICUT LIGHT & POWER CO,OTC,sec,connecticut light power
PRTHU,"Priority Technology Holdings, Inc.",OTC,sec,priority technology
CNLHO,CONNECTICUT LIGHT & POWER CO,OTC,sec,connecticut light power
CNPWP,CONNECTICUT LIGHT & POWER CO,OTC,sec,connecticut light power
LANDP,GLADSTONE LAND Corp,Nasdaq,sec,gladstone land
CNLPM,CONNECTICUT LIGHT & POWER CO,OTC,sec,connecticut light power
CNLTN,CONNECTICUT LIGHT & POWER CO,OTC,sec,connecticut light power
APAD,Enhanced Group Inc.,None,sec,enhanced
ENO,"ENTERGY NEW ORLEANS, LLC",NYSE,sec,entergy new orleans llc
CNLHN,CONNECTICUT LIGHT & POWER CO,OTC,sec,connecticut light power
BNIGF,Beroni Group Ltd,OTC,sec,beroni
IVEVF,Inventiva S.A.,OTC,sec,inventiva s a
ECXJ,"CXJ GROUP CO., Ltd",OTC,sec,cxj
SB-PC,"SAFE BULKERS, INC.",NYSE,sec,safe bulkers
EBRCZ,"EBR Systems, Inc.",OTC,sec,ebr systems
WONDF,WonderFi Technologies Inc.,OTC,sec,wonderfi technologies
CHPGF,Chesapeake Gold Corp,OTC,sec,chesapeake gold
LUCN,"Lucent, Inc.",OTC,sec,lucent
NVNXF,NOVONIX Ltd,OTC,sec,novonix
HUSIF,NICOLA MINING INC.,OTC,sec,nicola mining
BBXIB,"BBX Capital, Inc.",OTC,sec,bbx capital
RAASY,Cloopen Group Holding Ltd,OTC,sec,cloopen
CRTD,"Creatd, Inc.",OTC,sec,creatd
AOAO,Alpha One Inc.,OTC,sec,alpha one
RDIB,READING INTERNATIONAL INC,Nasdaq,sec,reading international
OCGSF,Outcrop Silver & Gold Corp,OTC,sec,outcrop silver gold
TTSH,"TILE SHOP HOLDINGS, INC.",OTC,sec,tile shop
SOHOO,Sotherly Hotels Inc.,OTC,sec,sotherly hotels
SFDL,SECURITY FEDERAL CORP,OTC,sec,security federal
ENDI,ENDI Corp.,OTC,sec,endi
BCV-PA,BANCROFT FUND LTD,NYSE,sec,bancroft fund
BCTF,"Bancorp 34, Inc.",OTC,sec,bancorp 34
RGBPP,Regen BioPharma Inc,OTC,sec,regen biopharma
GLU-PB,GABELLI GLOBAL UTILITY & INCOME TRUST,NYSE,sec,gabelli global utility income trust
AGH,Aureus Greenway Holdings Inc,Nasdaq,sec,aureus greenway
ZBAI,ATIF Holdings Ltd,Nasdaq,sec,atif
ATEK,Athena Technology Acquisition Corp. II,OTC,sec,athena technology acquisition ii
RLFTF,MindMaze Therapeutics Holding SA,OTC,sec,mindmaze therapeutics sa
CPTP,CAPITAL PROPERTIES INC /RI/,OTC,sec,capital properties ri
BKSC,BANK OF SOUTH CAROLINA CORP,OTC,sec,bank of south carolina
GSL-PB,"Global Ship Lease, Inc.",NYSE,sec,global ship lease
KBSR,"KBS Real Estate Investment Trust III, Inc.",OTC,sec,kbs real estate investment trust iii
CULL,"Cullman Bancorp, Inc. /MD/",OTC,sec,cullman bancorp md
ARRKF,ARRAS MINERALS CORP.,OTC,sec,arras minerals
CMCAF,Piermont Valley Acquisition Corp,OTC,sec,piermont valley acquisition
JOCM,JOCOM HOLDINGS CORP.,OTC,sec,jocom
GGROU,Golden Growers Cooperative,OTC,sec,golden growers cooperative
CBRRF,Chain Bridge I,OTC,sec,chain bridge i
SOHON,Sotherly Hotels Inc.,OTC,sec,sotherly hotels
FUUFF,F3 Uranium Corp.,OTC,sec,f3 uranium
HSTC,"HST Global, Inc.",OTC,sec,hst global
GTMAY,GRUPO TMM SAB,OTC,sec,grupo tmm sab
HCIL,"Hongchang International Co., Ltd",OTC,sec,hongchang international
FORA,Forian Inc.,Nasdaq,sec,forian
ASCBF,ASPAC II Acquisition Corp.,OTC,sec,aspac ii acquisition
FSHPU,Flag Ship Acquisition Corp,Nasdaq,sec,flag ship acquisition
LIVG,"Livento Group, Inc.",OTC,sec,livento
STRC,Strategy Inc,Nasdaq,sec,strategy
NSRCF,NextSource Materials Inc.,OTC,sec,nextsource materials
MAPS,"WM TECHNOLOGY, INC.",OTC,sec,wm technology
UBOH,UNITED BANCSHARES INC/OH,OTC,sec,united bancshares oh
BCOW,"1895 Bancorp of Wisconsin, Inc. /MD/",OTC,sec,1895 bancorp of wisconsin md
TRLC,TriLinc Global Impact Fund LLC,OTC,sec,trilinc global impact fund llc
KZR,"Kezar Life Sciences, Inc.",Nasdaq,sec,kezar life sciences
CIZN,CITIZENS HOLDING CO /MS/,OTC,sec,citizens ms
GRFXF,Graphex Group Ltd,OTC,sec,graphex
MDNAF,Medicenna Therapeutics Corp.,OTC,sec,medicenna therapeutics
ALCY,Alchemy Investments Acquisition Corp 1,Nasdaq,sec,alchemy investments acquisition 1
VICP,"Vicapsys Life Sciences, Inc.",OTC,sec,vicapsys life sciences
NZEOF,New Zealand Oil & Gas Ltd/ADR,OTC,sec,new zealand oil gas
JETBF,Global Crossing Airlines Group Inc.,OTC,sec,global crossing airlines
BBXIA,"BBX Capital, Inc.",OTC,sec,bbx capital
UONEK,"URBAN ONE, INC.",Nasdaq,sec,urban one
RMHI,"Retrieve Medical Holdings, Inc.",OTC,sec,retrieve medical
WINV,WinVest Acquisition Corp.,OTC,sec,winvest acquisition
MLMC,"FrankSpeech Network, Inc.",OTC,sec,frankspeech network
WSKEF,Wisekey International Holding S.A.,OTC,sec,wisekey international s a
SCYYF,SCANDIUM INTERNATIONAL MINING CORP.,OTC,sec,scandium international mining
AVLNF,Avalon Advanced Materials Inc.,OTC,sec,avalon advanced materials
GFASY,Gafisa S.A.,OTC,sec,gafisa s a
FCO,"ABRDN GLOBAL INCOME FUND, INC.",NYSE,sec,abrdn global income fund
GBNY,"Generations Bancorp NY, Inc.",OTC,sec,generations bancorp ny
BIOE,Bio Essence Corp,OTC,sec,bio essence
ANPCF,ANGLE plc,OTC,sec,angle
SALM,"SALEM MEDIA GROUP, INC. /DE/",OTC,sec,salem media de
ILLMF,illumin Holdings Inc.,OTC,sec,illumin
AATC,AUTOSCOPE TECHNOLOGIES CORP,OTC,sec,autoscope technologies
LTSV,"Lightstone Value Plus REIT IV, Inc.",OTC,sec,lightstone value plus reit iv
CLCS,"Cell Source, Inc.",OTC,sec,cell source
HSTI,"High Sierra Technologies, Inc.",OTC,sec,high sierra technologies
OMCC,OLD MARKET CAPITAL Corp,OTC,sec,old market capital
GWLL,"GOLDENWELL BIOTECH, INC.",OTC,sec,goldenwell biotech
OSBK,OCONEE FINANCIAL CORP,OTC,sec,oconee financial
XTXXF,Adastra Holdings Ltd.,OTC,sec,adastra
WVVIP,WILLAMETTE VALLEY VINEYARDS INC,Nasdaq,sec,willamette valley vineyards
RMESF,"RED METAL RESOURCES, LTD.",OTC,sec,red metal resources
LTCH,"Latch, Inc.",OTC,sec,latch
HLLK,"HALLMARK VENTURE GROUP, INC.",OTC,sec,hallmark venture
VWFB,"VWF Bancorp, Inc.",OTC,sec,vwf bancorp
LGCB,Linkage Global Inc,Nasdaq,sec,linkage global
MRZLF,Mirasol Resources Ltd,OTC,sec,mirasol resources
ANEB,"Anebulo Pharmaceuticals, Inc.",OTC,sec,anebulo pharmaceuticals
BRCNF,Burcon NutraScience Corp,OTC,sec,burcon nutrascience
BZRD,"Blubuzzard, Inc.",OTC,sec,blubuzzard
WHLM,"Wilhelmina International, Inc.",OTC,sec,wilhelmina international
SFES,SAFEGUARD SCIENTIFICS INC,OTC,sec,safeguard scientifics
GSTX,Graphene & Solar Technologies Ltd,OTC,sec,graphene solar technologies
ZIVO,"Zivo Bioscience, Inc.",OTC,sec,zivo bioscience
BQST,Bioquest Corp,OTC,sec,bioquest
WHLRD,"Wheeler Real Estate Investment Trust, Inc.",Nasdaq,sec,wheeler real estate investment trust
SWISF,Sekur Private Data Ltd.,OTC,sec,sekur private data
HOOK,HOOKIPA Pharma Inc.,OTC,sec,hookipa pharma
GLBZ,GLEN BURNIE BANCORP,OTC,sec,glen burnie bancorp
PRNAF,ALTERITY THERAPEUTICS LTD,OTC,sec,alterity therapeutics
MNTCF,"Montage Technology Co., Ltd./ADR",OTC,sec,montage technology
AAUGF,AERO ENERGY Ltd,OTC,sec,aero energy
MGTI,"MGT CAPITAL INVESTMENTS, INC.",OTC,sec,mgt capital investments
TVE,Tennessee Valley Authority,NYSE,sec,tennessee valley authority
MCLE,Medicale Corp.,OTC,sec,medicale
BNSOF,BONSO ELECTRONICS INTERNATIONAL INC,OTC,sec,bonso electronics international
HMMR,HAMMER TECHNOLOGY HOLDINGS CORP.,OTC,sec,hammer technology
TVC,Tennessee Valley Authority,NYSE,sec,tennessee valley authority
CUBT,Curative Biotechnology Inc,OTC,sec,curative biotechnology
SGTM,"Sustainable Green Team, Ltd.",OTC,sec,sustainable green team
AGLY,Atlantis Glory Inc.,OTC,sec,atlantis glory
RVYL,RYVYL Inc.,Nasdaq,sec,ryvyl
SITS,"SOUTHERN ITS INTERNATIONAL, INC.",OTC,sec,southern its international
VMNT,"Vemanti Group, Inc.",OTC,sec,vemanti
PNPL,"PINEAPPLE, INC.",OTC,sec,pineapple
EVTK,EVENTIKO INC.,OTC,sec,eventiko
TAIT,TAITRON COMPONENTS INC,OTC,sec,taitron components
GLUC,"Glucose Health, Inc.",OTC,sec,glucose health
PMDI,PSYCHEMEDICS CORP,OTC,sec,psychemedics
PMEDF,Predictmedix Inc.,OTC,sec,predictmedix
APHD,"VERDE BIO HOLDINGS, INC.",OTC,sec,verde bio
CJAX,CoJax Oil & Gas Corp,OTC,sec,cojax oil gas
FEOVF,OCEANIC IRON ORE CORP,OTC,sec,oceanic iron ore
CARV,CARVER BANCORP INC,OTC,sec,carver bancorp
VISL,"Vislink Technologies, Inc.",OTC,sec,vislink technologies
NEXCF,Nextech3D.AI Corp.,OTC,sec,nextech3d ai
BLMH,"BLUM HOLDINGS, INC.",OTC,sec,blum
FULO,FULLNET COMMUNICATIONS INC,OTC,sec,fullnet communications
NGHI,"Galenfeha, Inc.",OTC,sec,galenfeha
VQSSF,VIQ Solutions Inc.,OTC,sec,viq solutions
SILEF,Silver Elephant Mining Corp.,OTC,sec,silver elephant mining
GBCS,"SELECTIS HEALTH, INC.",OTC,sec,selectis health
EGLXF,Enthusiast Gaming Holdings Inc. / Canada,OTC,sec,enthusiast gaming canada
EESH,"EESTech, Inc.",OTC,sec,eestech
BRRN,Bryn Inc.,OTC,sec,bryn
MVCO,"Metavesco, Inc.",OTC,sec,metavesco
SLTN,"SILVERTON ENERGY, INC.",OTC,sec,silverton energy
YQAI,"YOUNEEQAI TECHNICAL SERVICES, INC.",OTC,sec,youneeqai technical services
ILXP,ECOMINAS CORP.,OTC,sec,ecominas
BBBXF,Brixton Metals Corp,OTC,sec,brixton metals
LCHD,Leader Capital Holdings Corp.,OTC,sec,leader capital
FGCO,"Financial Gravity Companies, Inc.",OTC,sec,financial gravity companies
SUIC,SUIC Worldwide Holdings Ltd.,OTC,sec,suic worldwide
NXMH,"Next Meats Holdings, Inc.",OTC,sec,next meats
RSCF,"REFLECT SCIENTIFIC, INC.",OTC,sec,reflect scientific
EGTYF,Eguana Technologies Inc.,OTC,sec,eguana technologies
ACRL,"Atacama Resources International, Inc.",OTC,sec,atacama resources international
TGCB,"Tego Cyber, Inc.",OTC,sec,tego cyber
NMGX,Nano Magic Inc.,OTC,sec,nano magic
GLVT,GREENLIT VENTURES INC.,OTC,sec,greenlit ventures
MTTCF,Steakholder Foods Ltd.,OTC,sec,steakholder foods
FLYYQ,"Spirit Aviation Holdings, Inc.",OTC,sec,spirit aviation
WDLF,"Decentral Life, Inc.",OTC,sec,decentral life
FZMD,"Fuse Medical, Inc.",OTC,sec,fuse medical
VCNX,"VACCINEX, INC.",OTC,sec,vaccinex
BWMG,"Brownie's Marine Group, Inc",OTC,sec,brownie s marine
DTGI,"Digerati Technologies, Inc.",OTC,sec,digerati technologies
KNOS,KRONOS ADVANCED TECHNOLOGIES INC,OTC,sec,kronos advanced technologies
GRFXY,Graphex Group Ltd,OTC,sec,graphex
RDAR,"Telvantis, Inc.",OTC,sec,telvantis
UCASU,UC Asset LP,OTC,sec,uc asset lp
CETXP,CEMTREX INC,OTC,sec,cemtrex
GPLL,"GPL Holdings, Inc.",OTC,sec,gpl
UCLE,US NUCLEAR CORP.,OTC,sec,us nuclear
XONI,"Xtreme One Entertainment, Inc.",OTC,sec,xtreme one entertainment
IWAL,iWallet Corp,OTC,sec,iwallet
AXIM,"AXIM BIOTECHNOLOGIES, INC.",OTC,sec,axim biotechnologies
TPHS,Trinity Place Holdings Inc.,OTC,sec,trinity place
JRSS,JRSIS HEALTH CARE Corp,OTC,sec,jrsis health care
WNFT,Worldwide NFT Inc.,OTC,sec,worldwide nft
MYCB,"My City Builders, Inc.",OTC,sec,my city builders
SSHT,SSHT S&T Group Ltd.,OTC,sec,ssht s t
CLSDQ,"Clearside Biomedical, Inc.",OTC,sec,clearside biomedical
GOGR,Go Green Global Technologies Corp.,OTC,sec,go green global technologies
KITL,Kisses From Italy Inc.,OTC,sec,kisses from italy
RNGC,Ranger Gold Corp.,OTC,sec,ranger gold
SYIN,"Synbio International, Inc.",OTC,sec,synbio international
TNBI,Tanke Biosciences Corp,OTC,sec,tanke biosciences
SRMX,"SADDLE RANCH MEDIA, INC.",OTC,sec,saddle ranch media
WHLRP,"Wheeler Real Estate Investment Trust, Inc.",Nasdaq,sec,wheeler real estate investment trust
LYRA,"Lyra Therapeutics, Inc.",OTC,sec,lyra therapeutics
BKTH,MEGOLA INC,OTC,sec,megola
AHRO,"Authentic Holdings, Inc.",OTC,sec,authentic
SFWJ,"Software Effective Solutions, Corp.",OTC,sec,software effective solutions
SPQS,"SportsQuest, Inc.",OTC,sec,sportsquest
BRLL,Barrel Energy Inc.,OTC,sec,barrel energy
MGHL,MORGAN GROUP HOLDING CO,OTC,sec,morgan
GSAC,GELSTAT CORP,OTC,sec,gelstat
MOBBW,Mobilicom Ltd,Nasdaq,sec,mobilicom
VYRE,CABO VERDE CAPITAL INC.,OTC,sec,cabo verde capital
EBZT,"Everything Blockchain, Inc.",OTC,sec,everything blockchain
PCYN,PROCYON CORP,OTC,sec,procyon
INKW,"Greene Concepts, Inc",OTC,sec,greene concepts
NWPG,"Newport Gold, Inc.",OTC,sec,newport gold
CPWR,Ocean Thermal Energy Corp,OTC,sec,ocean thermal energy
PLSH,"PANACEA LIFE SCIENCES HOLDINGS, INC.",OTC,sec,panacea life sciences
FVTI,"Fortune Valley Treasures, Inc.",OTC,sec,fortune valley treasures
GMZP,GEMZ Corp. NV,OTC,sec,gemz nv
HBUV,Hubilu Venture Corp,OTC,sec,hubilu venture
SSKN,"STRATA Skin Sciences, Inc.",OTC,sec,strata skin sciences
GSPI,"Green Star Products, Inc.",OTC,sec,green star products
CDSG,"China Dongsheng International, Inc.",OTC,sec,china dongsheng international
PHBI,Pharmagreen Biotech Inc.,OTC,sec,pharmagreen biotech
MAJI,Nextel Medical Corp.,OTC,sec,nextel medical
NTRR,NEUTRA CORP.,OTC,sec,neutra
DTII,DEFENSE TECHNOLOGIES INTERNATIONAL CORP.,OTC,sec,defense technologies international
FGNV,FORGE INNOVATION DEVELOPMENT CORP.,OTC,sec,forge innovation development
INNI,"Innovaro, Inc.",OTC,sec,innovaro
TPICQ,"TPI COMPOSITES, INC",OTC,sec,tpi composites
MDEX,Madison Technologies Inc.,OTC,sec,madison technologies
ADMG,ADAMANT DRI PROCESSING & MINERALS GROUP,OTC,sec,adamant dri processing minerals
BLPG,"Blue Line Protection Group, Inc.",OTC,sec,blue line protection
KACLF,Kairous Acquisition Corp. Ltd,OTC,sec,kairous acquisition
EHVVF,"Ehave, Inc.",OTC,sec,ehave
ASII,"Accredited Solutions, Inc.",OTC,sec,accredited solutions
RTON,"Right On Brands, Inc.",OTC,sec,right on brands
CRDV,Community Redevelopment Inc.,OTC,sec,community redevelopment
KOAN,"Resonate Blends, Inc.",OTC,sec,resonate blends
MMMW,MASS MEGAWATTS WIND POWER INC,OTC,sec,mass megawatts wind power
MASN,"Maison Luxe, Inc.",OTC,sec,maison luxe
SHGI,"Sparx Holdings Group, Inc.",OTC,sec,sparx
LTESF,Leet INC.,OTC,sec,leet
GXXM,"GEX MANAGEMENT, INC.",OTC,sec,gex management
VGLS,"SB Technology Holdings, Inc.",OTC,sec,sb technology
BSLK,"Bolt Projects Holdings, Inc.",OTC,sec,bolt projects
EDGM,"Edgemode, Inc.",OTC,sec,edgemode
OXBRW,OXBRIDGE RE HOLDINGS Ltd,Nasdaq,sec,oxbridge re
IVPR,"INSPIRE VETERINARY PARTNERS, INC.",OTC,sec,inspire veterinary partners
FRQN,"Frequency Holdings, Inc",OTC,sec,frequency
BACK,"IMAC Holdings, Inc.",OTC,sec,imac
GMBL,"ESPORTS ENTERTAINMENT GROUP, INC.",OTC,sec,esports entertainment
EMED,"Electromedical Technologies, Inc",OTC,sec,electromedical technologies
DPUI,"DISCOUNT PRINT USA, INC.",OTC,sec,discount print usa
ENDV,"ENDONOVO THERAPEUTICS, INC.",OTC,sec,endonovo therapeutics
USDP,USD Partners LP,OTC,sec,usd partners lp
GIPL,Global Innovative Platforms Inc.,OTC,sec,global innovative platforms
SONX,"Sonendo, Inc.",OTC,sec,sonendo
SEII,SHARING ECONOMY INTERNATIONAL INC.,OTC,sec,sharing economy international
DWAY,"Driveitaway Holdings, Inc.",OTC,sec,driveitaway
ACBM,"ACRO BIOMEDICAL CO., LTD.",OTC,sec,acro biomedical
SNPW,Sun Pacific Holding Corp.,OTC,sec,sun pacific
CANN,TREES Corp (Colorado),OTC,sec,trees colorado
DSGT,DSG Global Inc.,OTC,sec,dsg global
DLTI,DLT Resolution Inc.,OTC,sec,dlt resolution
YGMZF,MingZhu Logistics Holdings Ltd,OTC,sec,mingzhu logistics
SONG,Music Licensing Inc.,OTC,sec,music licensing
FRZT,"Freeze Tag, Inc.",OTC,sec,freeze tag
NXUR,"Nxu, Inc.",OTC,sec,nxu
CARM,Carisma Therapeutics Inc.,OTC,sec,carisma therapeutics
COSG,Cosmos Group Holdings Inc.,OTC,sec,cosmos
CICC,CION Investment Corp,NYSE,sec,cion investment
AHII,American Heritage International Inc.,OTC,sec,american heritage international
ASBA,ASSOCIATED BANC-CORP,NYSE,sec,associated banc
ASB-PE,ASSOCIATED BANC-CORP,NYSE,sec,associated banc
ASB-PF,ASSOCIATED BANC-CORP,NYSE,sec,associated banc
WRB-PF,BERKLEY W R CORP,NYSE,sec,berkley w r
WRB-PG,BERKLEY W R CORP,NYSE,sec,berkley w r
WRB-PH,BERKLEY W R CORP,NYSE,sec,berkley w r
BA-PA,BOEING CO,NYSE,sec,boeing
NSARO,NSTAR ELECTRIC CO,OTC,sec,nstar electric
NSARP,NSTAR ELECTRIC CO,OTC,sec,nstar electric
BC-PC,BRUNSWICK CORP,NYSE,sec,brunswick
AILIO,Ameren Illinois Co,OTC,sec,ameren illinois
AILIP,Ameren Illinois Co,OTC,sec,ameren illinois
AMJB,JPMORGAN CHASE & CO,NYSE,sec,jpmorgan chase
JPM-PD,JPMORGAN CHASE & CO,NYSE,sec,jpmorgan chase
JPM-PJ,JPMORGAN CHASE & CO,NYSE,sec,jpmorgan chase
JPM-PK,JPMORGAN CHASE & CO,NYSE,sec,jpmorgan chase
JPM-PL,JPMORGAN CHASE & CO,NYSE,sec,jpmorgan chase
JPM-PM,JPMORGAN CHASE & CO,NYSE,sec,jpmorgan chase
VYLD,JPMORGAN CHASE & CO,NYSE,sec,jpmorgan chase
CTO-PA,"CTO Realty Growth, Inc.",NYSE,sec,cto realty growth
DDT,"DILLARD'S, INC.",NYSE,sec,dillard s
FRT-PC,FEDERAL REALTY INVESTMENT TRUST,NYSE,sec,federal realty investment trust
FITBI,FIFTH THIRD BANCORP,Nasdaq,sec,fifth third bancorp
FITBM,FIFTH THIRD BANCORP,Nasdaq,sec,fifth third bancorp
FITBO,FIFTH THIRD BANCORP,Nasdaq,sec,fifth third bancorp
FITBP,FIFTH THIRD BANCORP,Nasdaq,sec,fifth third bancorp
USB-PQ,US BANCORP \DE\,NYSE,sec,us bancorp de
USB-PR,US BANCORP \DE\,NYSE,sec,us bancorp de
USB-PS,US BANCORP \DE\,NYSE,sec,us bancorp de
MTB-PH,M&T BANK CORP,NYSE,sec,m t bank
MTB-PJ,M&T BANK CORP,NYSE,sec,m t bank
MTB-PK,M&T BANK CORP,NYSE,sec,m t bank
FHN-PE,FIRST HORIZON CORP,NYSE,sec,first horizon
FHN-PF,FIRST HORIZON CORP,NYSE,sec,first horizon
FHN-PH,FIRST HORIZON CORP,NYSE,sec,first horizon
F-PB,FORD MOTOR CO,NYSE,sec,ford motor
F-PC,FORD MOTOR CO,NYSE,sec,ford motor
F-PD,FORD MOTOR CO,NYSE,sec,ford motor
CFR-PB,"CULLEN/FROST BANKERS, INC.",NYSE,sec,cullen frost bankers
GAM-PB,GENERAL AMERICAN INVESTORS CO INC,NYSE,sec,general american investors
BOH-PA,BANK OF HAWAII CORP,NYSE,sec,bank of hawaii
BOH-PB,BANK OF HAWAII CORP,NYSE,sec,bank of hawaii
HBANL,HUNTINGTON BANCSHARES INC /MD/,Nasdaq,sec,huntington bancshares md
HBANM,HUNTINGTON BANCSHARES INC /MD/,Nasdaq,sec,huntington bancshares md
HBANP,HUNTINGTON BANCSHARES INC /MD/,Nasdaq,sec,huntington bancshares md
HBANZ,HUNTINGTON BANCSHARES INC /MD/,Nasdaq,sec,huntington bancshares md
INPAP,INTERNATIONAL PAPER CO /NEW/,OTC,sec,international paper new
LNC-PD,LINCOLN NATIONAL CORP,NYSE,sec,lincoln national
SLNHP,"Soluna Holdings, Inc",Nasdaq,sec,soluna
MSEXP,MIDDLESEX WATER CO,OTC,sec,middlesex water
MNESP,MSA Safety Inc,OTC,sec,msa safety
CTBB,QWEST CORP,NYSE,sec,qwest
CTDD,QWEST CORP,NYSE,sec,qwest
BAC-PE,BANK OF AMERICA CORP /DE/,NYSE,sec,bank of america de
BAC-PL,BANK OF AMERICA CORP /DE/,NYSE,sec,bank of america de
BAC-PM,BANK OF AMERICA CORP /DE/,NYSE,sec,bank of america de
BAC-PN,BANK OF AMERICA CORP /DE/,NYSE,sec,bank of america de
BAC-PO,BANK OF AMERICA CORP /DE/,NYSE,sec,bank of america de
BAC-PP,BANK OF AMERICA CORP /DE/,NYSE,sec,bank of america de
BAC-PQ,BANK OF AMERICA CORP /DE/,NYSE,sec,bank of america de
BAC-PS,BANK OF AMERICA CORP /DE/,NYSE,sec,bank of america de
BACRP,BANK OF AMERICA CORP /DE/,OTC,sec,bank of america de
BML-PH,BANK OF AMERICA CORP /DE/,NYSE,sec,bank of america de
BML-PJ,BANK OF AMERICA CORP /DE/,NYSE,sec,bank of america de
MER-PK,BANK OF AMERICA CORP /DE/,NYSE,sec,bank of america de
MOVAA,MOVADO GROUP INC,OTC,sec,movado
XELLL,XCEL ENERGY INC,Nasdaq,sec,xcel energy
WFCNP,WELLS FARGO & COMPANY/MN,OTC,sec,wells fargo mn
WFC-PA,WELLS FARGO & COMPANY/MN,NYSE,sec,wells fargo mn
WFC-PD,WELLS FARGO & COMPANY/MN,NYSE,sec,wells fargo mn
WFC-PZ,WELLS FARGO & COMPANY/MN,NYSE,sec,wells fargo mn
NTRSO,NORTHERN TRUST CORP,Nasdaq,sec,northern trust
PBI-PB,PITNEY BOWES INC /DE/,NYSE,sec,pitney bowes de
PNMXO,PUBLIC SERVICE CO OF NEW MEXICO,OTC,sec,public service of new mexico
SENEL,Seneca Foods Corp,OTC,sec,seneca foods
SENEM,Seneca Foods Corp,OTC,sec,seneca foods
KEY-PJ,KEYCORP /NEW/,NYSE,sec,keycorp new
KEY-PL,KEYCORP /NEW/,NYSE,sec,keycorp new
SCE-PG,SOUTHERN CALIFORNIA EDISON Co,NYSE,sec,southern california edison
SCE-PL,SOUTHERN CALIFORNIA EDISON Co,NYSE,sec,southern california edison
SCE-PM,SOUTHERN CALIFORNIA EDISON Co,NYSE,sec,southern california edison
SCE-PN,SOUTHERN CALIFORNIA EDISON Co,NYSE,sec,southern california edison
SOCGM,SOUTHERN CALIFORNIA GAS CO,OTC,sec,southern california gas
SOCGP,SOUTHERN CALIFORNIA GAS CO,OTC,sec,southern california gas
SOJD,SOUTHERN CO,NYSE,sec,southern
SOJE,SOUTHERN CO,NYSE,sec,southern
SOJF,SOUTHERN CO,NYSE,sec,southern
SOMN,SOUTHERN CO,NYSE,sec,southern
TFC-PI,TRUIST FINANCIAL CORP,NYSE,sec,truist financial
TFC-PO,TRUIST FINANCIAL CORP,NYSE,sec,truist financial
TFC-PR,TRUIST FINANCIAL CORP,NYSE,sec,truist financial
TDDWW,TIDEWATER INC,OTC,sec,tidewater
TDGMW,TIDEWATER INC,OTC,sec,tidewater
TCPA,TRANSCANADA PIPELINES LTD,NYSE,sec,transcanada pipelines
UEPCO,UNION ELECTRIC CO,OTC,sec,union electric
UEPEM,UNION ELECTRIC CO,OTC,sec,union electric
UMBFO,UMB FINANCIAL CORP,Nasdaq,sec,umb financial
VSECU,VSE CORP,Nasdaq,sec,vse
WHR-PA,WHIRLPOOL CORP /DE/,NYSE,sec,whirlpool de
WELPM,WISCONSIN ELECTRIC POWER CO,OTC,sec,wisconsin electric power
ZIONP,"ZIONS BANCORPORATION, NATIONAL ASSOCIATION /UT/",Nasdaq,sec,zions bancorporation national association ut
WSBCO,WESBANCO INC,Nasdaq,sec,wesbanco
SIGIP,SELECTIVE INSURANCE GROUP INC,Nasdaq,sec,selective insurance
FNMAH,FEDERAL NATIONAL MORTGAGE ASSOCIATION FANNIE MAE,OTC,sec,federal national mortgage association fannie mae
FNMAJ,FEDERAL NATIONAL MORTGAGE ASSOCIATION FANNIE MAE,OTC,sec,federal national mortgage association fannie mae
FNMAP,FEDERAL NATIONAL MORTGAGE ASSOCIATION FANNIE MAE,OTC,sec,federal national mortgage association fannie mae
FNMAS,FEDERAL NATIONAL MORTGAGE ASSOCIATION FANNIE MAE,OTC,sec,federal national mortgage association fannie mae
ATMP,BARCLAYS BANK PLC,CBOE,sec,barclays bank
BWVTF,BARCLAYS BANK PLC,OTC,sec,barclays bank
DJP,BARCLAYS BANK PLC,NYSE,sec,barclays bank
GBUG,BARCLAYS BANK PLC,Nasdaq,sec,barclays bank
GRN,BARCLAYS BANK PLC,NYSE,sec,barclays bank
JJETF,BARCLAYS BANK PLC,OTC,sec,barclays bank
TAPR,BARCLAYS BANK PLC,CBOE,sec,barclays bank
VXX,BARCLAYS BANK PLC,CBOE,sec,barclays bank
VXZ,BARCLAYS BANK PLC,CBOE,sec,barclays bank
BPPFF,BP PLC,OTC,sec,bp
BUSEP,FIRST BUSEY CORP /NV/,Nasdaq,sec,first busey nv
VAL-WT,Valaris Ltd,NYSE,sec,valaris
GL-PD,GLOBE LIFE INC.,NYSE,sec,globe life
AIRTP,AIR T INC,Nasdaq,sec,air t
HOVNP,HOVNANIAN ENTERPRISES INC,Nasdaq,sec,hovnanian enterprises
FULTP,FULTON FINANCIAL CORP,Nasdaq,sec,fulton financial
KGCRF,KINROSS GOLD CORP,OTC,sec,kinross gold
ONBPO,OLD NATIONAL BANCORP /IN/,Nasdaq,sec,old national bancorp in
ONBPP,OLD NATIONAL BANCORP /IN/,Nasdaq,sec,old national bancorp in
FRMEP,FIRST MERCHANTS CORP,Nasdaq,sec,first merchants
CNOBP,"ConnectOne Bancorp, Inc.",Nasdaq,sec,connectone bancorp
VLYPN,VALLEY NATIONAL BANCORP,Nasdaq,sec,valley national bancorp
BCAEF,BCE INC,OTC,sec,bce
BCEFF,BCE INC,OTC,sec,bce
BCEIF,BCE INC,OTC,sec,bce
BCENF,BCE INC,OTC,sec,bce
BCEPF,BCE INC,OTC,sec,bce
BCEXF,BCE INC,OTC,sec,bce
BCPPF,BCE INC,OTC,sec,bce
WBKCY,WESTPAC BANKING CORP,OTC,sec,westpac banking
SFB,STIFEL FINANCIAL CORP,NYSE,sec,stifel financial
SF-PC,STIFEL FINANCIAL CORP,NYSE,sec,stifel financial
SF-PD,STIFEL FINANCIAL CORP,NYSE,sec,stifel financial
DHTI,"Dalrada Technology Group, Inc.",OTC,sec,dalrada technology
CDZIP,CADIZ INC,Nasdaq,sec,cadiz
T-PA,AT&T INC.,NYSE,sec,at t
T-PC,AT&T INC.,NYSE,sec,at t
CCNEP,CNB FINANCIAL CORP/PA,Nasdaq,sec,cnb financial pa
ERNAW,Ernexa Therapeutics Inc.,Nasdaq,sec,ernexa therapeutics
LAWIL,"Light & Wonder, Inc.",OTC,sec,light wonder
LNWO,"Light & Wonder, Inc.",OTC,sec,light wonder
HWCPZ,HANCOCK WHITNEY CORP,Nasdaq,sec,hancock whitney
NEE-PN,NEXTERA ENERGY INC,NYSE,sec,nextera energy
NEE-PS,NEXTERA ENERGY INC,NYSE,sec,nextera energy
NEE-PT,NEXTERA ENERGY INC,NYSE,sec,nextera energy
NEE-PU,NEXTERA ENERGY INC,NYSE,sec,nextera energy
NEE-PV,NEXTERA ENERGY INC,NYSE,sec,nextera energy
NEE-PW,NEXTERA ENERGY INC,NYSE,sec,nextera energy
CFG-PE,CITIZENS FINANCIAL GROUP INC/RI,NYSE,sec,citizens financial ri
CFG-PH,CITIZENS FINANCIAL GROUP INC/RI,NYSE,sec,citizens financial ri
CFG-PI,CITIZENS FINANCIAL GROUP INC/RI,NYSE,sec,citizens financial ri
BANFP,BANCFIRST CORP /OK/,Nasdaq,sec,bancfirst ok
CDR-PB,"CEDAR REALTY TRUST, INC.",NYSE,sec,cedar realty trust
CDR-PC,"CEDAR REALTY TRUST, INC.",NYSE,sec,cedar realty trust
BPOPM,"POPULAR, INC.",Nasdaq,sec,popular
AEFC,AEGON LTD.,NYSE,sec,aegon
NPPXF,NIPPON TELEGRAPH & TELEPHONE CORP,OTC,sec,nippon telegraph telephone
PAASF,PAN AMERICAN SILVER CORP,OTC,sec,pan american silver
ABAKF,"ABRDN ASIA-PACIFIC INCOME FUND, INC.",OTC,sec,abrdn asia pacific income fund
XOMAO,XOMA Royalty Corp,Nasdaq,sec,xoma royalty
XOMAP,XOMA Royalty Corp,Nasdaq,sec,xoma royalty
ECF-PA,ELLSWORTH GROWTH & INCOME FUND LTD,NYSE,sec,ellsworth growth income fund
HACBF,HACHIJUNI BANK LTD,OTC,sec,hachijuni bank
GAB-PG,GABELLI EQUITY TRUST INC,NYSE,sec,gabelli equity trust
GAB-PH,GABELLI EQUITY TRUST INC,NYSE,sec,gabelli equity trust
GAB-PK,GABELLI EQUITY TRUST INC,NYSE,sec,gabelli equity trust
OXY-WT,OCCIDENTAL PETROLEUM CORP /DE/,NYSE,sec,occidental petroleum de
FCNCN,FIRST CITIZENS BANCSHARES INC /DE/,Nasdaq,sec,first citizens bancshares de
FCNCO,FIRST CITIZENS BANCSHARES INC /DE/,Nasdaq,sec,first citizens bancshares de
FCNCP,FIRST CITIZENS BANCSHARES INC /DE/,Nasdaq,sec,first citizens bancshares de
WBS-PG,WEBSTER FINANCIAL CORP,NYSE,sec,webster financial
CMSC,CMS ENERGY CORP,NYSE,sec,cms energy
CMSD,CMS ENERGY CORP,NYSE,sec,cms energy
CMS-PC,CMS ENERGY CORP,NYSE,sec,cms energy
TELFY,TELEFONICA S A,OTC,sec,telefonica s a
UZD,"ARRAY DIGITAL INFRASTRUCTURE, INC.",NYSE,sec,array digital infrastructure
UZE,"ARRAY DIGITAL INFRASTRUCTURE, INC.",NYSE,sec,array digital infrastructure
UZF,"ARRAY DIGITAL INFRASTRUCTURE, INC.",NYSE,sec,array digital infrastructure
CHSCL,CHS INC,Nasdaq,sec,chs
CHSCM,CHS INC,Nasdaq,sec,chs
CHSCN,CHS INC,Nasdaq,sec,chs
CHSCO,CHS INC,Nasdaq,sec,chs
DX-PC,DYNEX CAPITAL INC,NYSE,sec,dynex capital
MCHPP,MICROCHIP TECHNOLOGY INC,Nasdaq,sec,microchip technology
CLSKW,"CLEANSPARK, INC.",Nasdaq,sec,cleanspark
C-PN,CITIGROUP INC,NYSE,sec,citigroup
C-PR,CITIGROUP INC,NYSE,sec,citigroup
CWLXF,C21 Investments Inc.,OTC,sec,c21 investments
WEXPF,WESTERN EXPLORATION INC.,OTC,sec,western exploration
AGM-PD,FEDERAL AGRICULTURAL MORTGAGE CORP,NYSE,sec,federal agricultural mortgage
AGM-PE,FEDERAL AGRICULTURAL MORTGAGE CORP,NYSE,sec,federal agricultural mortgage
AGM-PF,FEDERAL AGRICULTURAL MORTGAGE CORP,NYSE,sec,federal agricultural mortgage
AGM-PG,FEDERAL AGRICULTURAL MORTGAGE CORP,NYSE,sec,federal agricultural mortgage
AGM-PH,FEDERAL AGRICULTURAL MORTGAGE CORP,NYSE,sec,federal agricultural mortgage
FDAGV,FEDERAL AGRICULTURAL MORTGAGE CORP,OTC,sec,federal agricultural mortgage
DCBG,"Dime Community Bancshares, Inc. /NY/",NYSE,sec,dime community bancshares ny
DCOM-P,"Dime Community Bancshares, Inc. /NY/",NYSE,sec,dime community bancshares ny
GENVR,Gen Digital Inc.,Nasdaq,sec,gen digital
GRWFF,GREAT-WEST LIFECO INC.,OTC,sec,great west lifeco
GRWLF,GREAT-WEST LIFECO INC.,OTC,sec,great west lifeco
GRWTF,GREAT-WEST LIFECO INC.,OTC,sec,great west lifeco
GWLPF,GREAT-WEST LIFECO INC.,OTC,sec,great west lifeco
KMPB,KEMPER Corp,NYSE,sec,kemper
WOLTF,WOLTERS KLUWER N V /FI,OTC,sec,wolters kluwer n v fi
INVUP,"Investview, Inc.",OTC,sec,investview
FIISO,FINANCIAL INSTITUTIONS INC,OTC,sec,financial institutions
FIISP,FINANCIAL INSTITUTIONS INC,OTC,sec,financial institutions
HIG-PG,"HARTFORD INSURANCE GROUP, INC.",NYSE,sec,hartford insurance
RMTHF,MAGIC SOFTWARE ENTERPRISES LTD,OTC,sec,magic software enterprises
KIM-PL,KIMCO REALTY CORP,NYSE,sec,kimco realty
KIM-PM,KIMCO REALTY CORP,NYSE,sec,kimco realty
KIM-PN,KIMCO REALTY CORP,NYSE,sec,kimco realty
AERGP,"APPLIED ENERGETICS, INC.",OTC,sec,applied energetics
AUB-PA,Atlantic Union Bankshares Corp,NYSE,sec,atlantic union bankshares
FCELB,FUELCELL ENERGY INC,OTC,sec,fuelcell energy
LGNDZ,LIGAND PHARMACEUTICALS INC,OTC,sec,ligand pharmaceuticals
LGNXZ,LIGAND PHARMACEUTICALS INC,OTC,sec,ligand pharmaceuticals
LGNYZ,LIGAND PHARMACEUTICALS INC,OTC,sec,ligand pharmaceuticals
LGNZZ,LIGAND PHARMACEUTICALS INC,OTC,sec,ligand pharmaceuticals
GSCE,GOLDMAN SACHS GROUP INC,OTC,sec,goldman sachs
GS-PA,GOLDMAN SACHS GROUP INC,NYSE,sec,goldman sachs
GS-PC,GOLDMAN SACHS GROUP INC,NYSE,sec,goldman sachs
GS-PD,GOLDMAN SACHS GROUP INC,NYSE,sec,goldman sachs
MS-PA,MORGAN STANLEY,NYSE,sec,morgan stanley
MS-PF,MORGAN STANLEY,NYSE,sec,morgan stanley
MS-PI,MORGAN STANLEY,NYSE,sec,morgan stanley
MS-PL,MORGAN STANLEY,NYSE,sec,morgan stanley
MS-PO,MORGAN STANLEY,NYSE,sec,morgan stanley
MS-PP,MORGAN STANLEY,NYSE,sec,morgan stanley
MS-PQ,MORGAN STANLEY,NYSE,sec,morgan stanley
EBBGF,ENBRIDGE INC,OTC,sec,enbridge
EBGEF,ENBRIDGE INC,OTC,sec,enbridge
EBRGF,ENBRIDGE INC,OTC,sec,enbridge
EBRZF,ENBRIDGE INC,OTC,sec,enbridge
ENBFF,ENBRIDGE INC,OTC,sec,enbridge
ENBGF,ENBRIDGE INC,OTC,sec,enbridge
ENBHF,ENBRIDGE INC,OTC,sec,enbridge
ENBMF,ENBRIDGE INC,OTC,sec,enbridge
ENBNF,ENBRIDGE INC,OTC,sec,enbridge
ENBOF,ENBRIDGE INC,OTC,sec,enbridge
ENBRF,ENBRIDGE INC,OTC,sec,enbridge
ENBSF,ENBRIDGE INC,OTC,sec,enbridge
ENFFF,ENBRIDGE INC,OTC,sec,enbridge
ENNPF,ENBRIDGE INC,OTC,sec,enbridge
SPE-PC,"SPECIAL OPPORTUNITIES FUND, INC.",NYSE,sec,special opportunities fund
RZB,REINSURANCE GROUP OF AMERICA INC,NYSE,sec,reinsurance of america
RZC,REINSURANCE GROUP OF AMERICA INC,NYSE,sec,reinsurance of america
ALL-PB,ALLSTATE CORP,NYSE,sec,allstate
ALL-PI,ALLSTATE CORP,NYSE,sec,allstate
ALL-PJ,ALLSTATE CORP,NYSE,sec,allstate
VNO-PN,VORNADO REALTY TRUST,NYSE,sec,vornado realty trust
VNO-PO,VORNADO REALTY TRUST,NYSE,sec,vornado realty trust
BFS-PE,"SAUL CENTERS, INC.",NYSE,sec,saul centers
TXEMF,TEMPLETON EMERGING MARKETS INCOME FUND,OTC,sec,templeton emerging markets income fund
FLG-PA,"FLAGSTAR BANK, NATIONAL ASSOCIATION",NYSE,sec,flagstar bank national association
FLG-PU,"FLAGSTAR BANK, NATIONAL ASSOCIATION",NYSE,sec,flagstar bank national association
REGCO,REGENCY CENTERS CORP,Nasdaq,sec,regency centers
REGCP,REGENCY CENTERS CORP,Nasdaq,sec,regency centers
PREJF,PARTNERRE LTD,OTC,sec,partnerre
MLCMF,MILLICOM INTERNATIONAL CELLULAR SA,OTC,sec,millicom international cellular sa
RNR-PF,RENAISSANCERE HOLDINGS LTD,NYSE,sec,renaissancere
RNR-PG,RENAISSANCERE HOLDINGS LTD,NYSE,sec,renaissancere
ALB-PA,ALBEMARLE CORP,NYSE,sec,albemarle
ADC-PA,AGREE REALTY CORP,NYSE,sec,agree realty
GGT-PG,GABELLI MULTIMEDIA TRUST INC.,NYSE,sec,gabelli multimedia trust
PPLC,PPL Corp,NYSE,sec,ppl
COF-PI,CAPITAL ONE FINANCIAL CORP,NYSE,sec,capital one financial
COF-PJ,CAPITAL ONE FINANCIAL CORP,NYSE,sec,capital one financial
COF-PK,CAPITAL ONE FINANCIAL CORP,NYSE,sec,capital one financial
COF-PL,CAPITAL ONE FINANCIAL CORP,NYSE,sec,capital one financial
COF-PN,CAPITAL ONE FINANCIAL CORP,NYSE,sec,capital one financial
BERZ,BANK OF MONTREAL /CAN/,NYSE,sec,bank of montreal can
BNKD,BANK OF MONTREAL /CAN/,NYSE,sec,bank of montreal can
BNKU,BANK OF MONTREAL /CAN/,NYSE,sec,bank of montreal can
BULZ,BANK OF MONTREAL /CAN/,NYSE,sec,bank of montreal can
CARD,BANK OF MONTREAL /CAN/,NYSE,sec,bank of montreal can
CARU,BANK OF MONTREAL /CAN/,NYSE,sec,bank of montreal can
DULL,BANK OF MONTREAL /CAN/,NYSE,sec,bank of montreal can
FLYD,BANK OF MONTREAL /CAN/,NYSE,sec,bank of montreal can
FLYU,BANK OF MONTREAL /CAN/,NYSE,sec,bank of montreal can
FNGO,BANK OF MONTREAL /CAN/,NYSE,sec,bank of montreal can
FNGS,BANK OF MONTREAL /CAN/,NYSE,sec,bank of montreal can
FNGU,BANK OF MONTREAL /CAN/,NYSE,sec,bank of montreal can
GDXD,BANK OF MONTREAL /CAN/,NYSE,sec,bank of montreal can
GDXU,BANK OF MONTREAL /CAN/,NYSE,sec,bank of montreal can
JETD,BANK OF MONTREAL /CAN/,NYSE,sec,bank of montreal can
JETU,BANK OF MONTREAL /CAN/,NYSE,sec,bank of montreal can
NRGD,BANK OF MONTREAL /CAN/,NYSE,sec,bank of montreal can
NRGU,BANK OF MONTREAL /CAN/,NYSE,sec,bank of montreal can
OILD,BANK OF MONTREAL /CAN/,NYSE,sec,bank of montreal can
OILU,BANK OF MONTREAL /CAN/,NYSE,sec,bank of montreal can
SHNY,BANK OF MONTREAL /CAN/,NYSE,sec,bank of montreal can
WTID,BANK OF MONTREAL /CAN/,NYSE,sec,bank of montreal can
WTIU,BANK OF MONTREAL /CAN/,NYSE,sec,bank of montreal can
RWTN,REDWOOD TRUST INC,NYSE,sec,redwood trust
RWTO,REDWOOD TRUST INC,NYSE,sec,redwood trust
RWTP,REDWOOD TRUST INC,NYSE,sec,redwood trust
RWT-PA,REDWOOD TRUST INC,NYSE,sec,redwood trust
RWTQ,REDWOOD TRUST INC,NYSE,sec,redwood trust
DTB,DTE ENERGY CO,NYSE,sec,dte energy
DTG,DTE ENERGY CO,NYSE,sec,dte energy
DTK,DTE ENERGY CO,NYSE,sec,dte energy
WAFDP,WAFD INC,Nasdaq,sec,wafd
TDBCP,TORONTO DOMINION BANK,OTC,sec,toronto dominion bank
ACGLN,ARCH CAPITAL GROUP LTD.,Nasdaq,sec,arch capital
ACGLO,ARCH CAPITAL GROUP LTD.,Nasdaq,sec,arch capital
LFMDP,"LifeMD, Inc.",Nasdaq,sec,lifemd
MBNKO,MEDALLION FINANCIAL CORP,Nasdaq,sec,medallion financial
RYLBF,ROYAL BANK OF CANADA,OTC,sec,royal bank of canada
BAMKF,BROOKFIELD Corp /ON/,OTC,sec,brookfield on
BKAMF,BROOKFIELD Corp /ON/,OTC,sec,brookfield on
BKFAF,BROOKFIELD Corp /ON/,OTC,sec,brookfield on
BKFDF,BROOKFIELD Corp /ON/,OTC,sec,brookfield on
BKFOF,BROOKFIELD Corp /ON/,OTC,sec,brookfield on
BKFPF,BROOKFIELD Corp /ON/,OTC,sec,brookfield on
BKPA,BROOKFIELD Corp /ON/,OTC,sec,brookfield on
BNH,BROOKFIELD Corp /ON/,NYSE,sec,brookfield on
BNJ,BROOKFIELD Corp /ON/,NYSE,sec,brookfield on
BRCFF,BROOKFIELD Corp /ON/,OTC,sec,brookfield on
BRFAF,BROOKFIELD Corp /ON/,OTC,sec,brookfield on
BRFCF,BROOKFIELD Corp /ON/,OTC,sec,brookfield on
BROXF,BROOKFIELD Corp /ON/,OTC,sec,brookfield on
BRPSF,BROOKFIELD Corp /ON/,OTC,sec,brookfield on
BXDIF,BROOKFIELD Corp /ON/,OTC,sec,brookfield on
NEWEN,NATIONAL GRID PLC,OTC,sec,national grid
NMKBP,NATIONAL GRID PLC,OTC,sec,national grid
NMKCP,NATIONAL GRID PLC,OTC,sec,national grid
NMPWP,NATIONAL GRID PLC,OTC,sec,national grid
MGR,"AFFILIATED MANAGERS GROUP, INC.",NYSE,sec,affiliated managers
MGRB,"AFFILIATED MANAGERS GROUP, INC.",NYSE,sec,affiliated managers
MGRD,"AFFILIATED MANAGERS GROUP, INC.",NYSE,sec,affiliated managers
MGRE,"AFFILIATED MANAGERS GROUP, INC.",NYSE,sec,affiliated managers
RHEPA,"REGIONAL HEALTH PROPERTIES, INC",OTC,sec,regional health properties
RHEPB,"REGIONAL HEALTH PROPERTIES, INC",OTC,sec,regional health properties
RHEPZ,"REGIONAL HEALTH PROPERTIES, INC",OTC,sec,regional health properties
PCG-PA,PG&E Corp,NYSE,sec,pg e
PCG-PB,PG&E Corp,NYSE,sec,pg e
PCG-PX,PG&E Corp,NYSE,sec,pg e
AIMDW,"Ainos, Inc.",Nasdaq,sec,ainos
WTFCN,WINTRUST FINANCIAL CORP,Nasdaq,sec,wintrust financial
POWWP,Outdoor Holding Co,Nasdaq,sec,outdoor
XAEIU,AEI INCOME & GROWTH FUND XXII LTD PARTNERSHIP,OTC,sec,aei income growth fund xxii partnership
EFSCP,ENTERPRISE FINANCIAL SERVICES CORP,Nasdaq,sec,enterprise financial services
FMCCI,FEDERAL HOME LOAN MORTGAGE CORP,OTC,sec,federal home loan mortgage
FMCCT,FEDERAL HOME LOAN MORTGAGE CORP,OTC,sec,federal home loan mortgage
FMCKI,FEDERAL HOME LOAN MORTGAGE CORP,OTC,sec,federal home loan mortgage
FMCKK,FEDERAL HOME LOAN MORTGAGE CORP,OTC,sec,federal home loan mortgage
FREJP,FEDERAL HOME LOAN MORTGAGE CORP,OTC,sec,federal home loan mortgage
SREA,SEMPRA,NYSE,sec,sempra
ORANY,ORANGE,OTC,sec,orange
ELCPF,EDP ENERGIAS DE PORTUGAL SA,OTC,sec,edp energias de portugal sa
ANG-PD,American National Group Inc.,NYSE,sec,american national
AFGB,AMERICAN FINANCIAL GROUP INC,NYSE,sec,american financial
AFGC,AMERICAN FINANCIAL GROUP INC,NYSE,sec,american financial
AFGD,AMERICAN FINANCIAL GROUP INC,NYSE,sec,american financial
AFGE,AMERICAN FINANCIAL GROUP INC,NYSE,sec,american financial
NLY-PF,ANNALY CAPITAL MANAGEMENT INC,NYSE,sec,annaly capital management
NLY-PG,ANNALY CAPITAL MANAGEMENT INC,NYSE,sec,annaly capital management
NLY-PI,ANNALY CAPITAL MANAGEMENT INC,NYSE,sec,annaly capital management
NLY-PJ,ANNALY CAPITAL MANAGEMENT INC,NYSE,sec,annaly capital management
EPR-PC,EPR PROPERTIES,NYSE,sec,epr properties
EPR-PE,EPR PROPERTIES,NYSE,sec,epr properties
EPR-PG,EPR PROPERTIES,NYSE,sec,epr properties
CNDIF,CANADIAN IMPERIAL BANK OF COMMERCE /CAN/,OTC,sec,canadian imperial bank of commerce can
PLDGP,"Prologis, Inc.",OTC,sec,prologis
STRD,Strategy Inc,Nasdaq,sec,strategy
STRF,Strategy Inc,Nasdaq,sec,strategy
STRK,Strategy Inc,Nasdaq,sec,strategy
TDS-PU,TELEPHONE & DATA SYSTEMS INC /DE/,NYSE,sec,telephone data systems de
TDS-PV,TELEPHONE & DATA SYSTEMS INC /DE/,NYSE,sec,telephone data systems de
GLDI,CREDIT SUISSE AG,Nasdaq,sec,credit suisse ag
SLVO,CREDIT SUISSE AG,Nasdaq,sec,credit suisse ag
USOI,CREDIT SUISSE AG,Nasdaq,sec,credit suisse ag
MFAN,"MFA FINANCIAL, INC.",NYSE,sec,mfa financial
MFAO,"MFA FINANCIAL, INC.",NYSE,sec,mfa financial
MFA-PB,"MFA FINANCIAL, INC.",NYSE,sec,mfa financial
MFA-PC,"MFA FINANCIAL, INC.",NYSE,sec,mfa financial
NXPLW,NextPlat Corp,Nasdaq,sec,nextplat
CMLSQ,CUMULUS MEDIA INC,OTC,sec,cumulus media
EPDU,ENTERPRISE PRODUCTS PARTNERS L.P.,OTC,sec,enterprise products partners l p
FNFPA,FIRST NILES FINANCIAL INC,OTC,sec,first niles financial
SWZCF,SWISSCOM AG,OTC,sec,swisscom ag
APCXW,AppTech Payments Corp.,OTC,sec,apptech payments
PAAPU,PLAINS ALL AMERICAN PIPELINE LP,OTC,sec,plains all american pipeline lp
TMSOF,THOMSON REUTERS CORP /CAN/,OTC,sec,thomson reuters can
DHCNI,DIVERSIFIED HEALTHCARE TRUST,Nasdaq,sec,diversified healthcare trust
DHCNL,DIVERSIFIED HEALTHCARE TRUST,Nasdaq,sec,diversified healthcare trust
NOVTU,NOVANTA INC,Nasdaq,sec,novanta
TCBIO,TEXAS CAPITAL BANCSHARES INC/TX,Nasdaq,sec,texas capital bancshares tx
TGOPF,3i GROUP PLC,OTC,sec,3i
SQFTP,"Presidio Property Trust, Inc.",Nasdaq,sec,presidio property trust
SQFTW,"Presidio Property Trust, Inc.",Nasdaq,sec,presidio property trust
GUT-PC,GABELLI UTILITY TRUST,NYSE,sec,gabelli utility trust
MOBQW,"Mobiquity Technologies, Inc.",OTC,sec,mobiquity technologies
MNLCF,MANULIFE FINANCIAL CORP,OTC,sec,manulife financial
MNQFF,MANULIFE FINANCIAL CORP,OTC,sec,manulife financial
MNUFF,MANULIFE FINANCIAL CORP,OTC,sec,manulife financial
MNUPF,MANULIFE FINANCIAL CORP,OTC,sec,manulife financial
SNTUF,Santander UK plc,OTC,sec,santander uk
STNDF,Santander UK plc,OTC,sec,santander uk
SWKHL,SWK Holdings Corp,Nasdaq,sec,swk
SLFIF,SUN LIFE FINANCIAL INC,OTC,sec,sun life financial
SLFQF,SUN LIFE FINANCIAL INC,OTC,sec,sun life financial
SUNFF,SUN LIFE FINANCIAL INC,OTC,sec,sun life financial
MET-PF,METLIFE INC,NYSE,sec,metlife
ZIVOW,"Zivo Bioscience, Inc.",OTC,sec,zivo bioscience
BFH-PA,"BREAD FINANCIAL HOLDINGS, INC.",NYSE,sec,bread financial
BFH-PB,"BREAD FINANCIAL HOLDINGS, INC.",NYSE,sec,bread financial
PTCCY,PETROCHINA CO LTD,OTC,sec,petrochina
BRKRP,BRUKER CORP,Nasdaq,sec,bruker
CSCIF,COSCIENS Biopharma Inc.,OTC,sec,cosciens biopharma
AMUB,UBS AG,NYSE,sec,ubs ag
BDCX,UBS AG,NYSE,sec,ubs ag
BDCZ,UBS AG,NYSE,sec,ubs ag
CEFD,UBS AG,NYSE,sec,ubs ag
HDLB,UBS AG,NYSE,sec,ubs ag
IFED,UBS AG,NYSE,sec,ubs ag
IWDL,UBS AG,NYSE,sec,ubs ag
IWFL,UBS AG,NYSE,sec,ubs ag
IWML,UBS AG,NYSE,sec,ubs ag
MLPB,UBS AG,NYSE,sec,ubs ag
MLPR,UBS AG,NYSE,sec,ubs ag
MTUL,UBS AG,NYSE,sec,ubs ag
MVRL,UBS AG,NYSE,sec,ubs ag
PFFL,UBS AG,NYSE,sec,ubs ag
QULL,UBS AG,NYSE,sec,ubs ag
SCDL,UBS AG,NYSE,sec,ubs ag
SMHB,UBS AG,NYSE,sec,ubs ag
UCIB,UBS AG,NYSE,sec,ubs ag
USML,UBS AG,NYSE,sec,ubs ag
PCSVD,"PCS Edventures!, Inc.",OTC,sec,pcs edventures
SRJN,SPIRE INC,NYSE,sec,spire
EMICF,EMERA INC,OTC,sec,emera
EMRJF,EMERA INC,OTC,sec,emera
XAKJ,"SIPP International Industries, Inc.",OTC,sec,sipp international industries
BGMSP,"Bio Green Med Solution, Inc.",OTC,sec,bio green med solution
ZNOGW,ZION OIL & GAS INC,OTC,sec,zion oil gas
PFH,PRUDENTIAL FINANCIAL INC,NYSE,sec,prudential financial
PRH,PRUDENTIAL FINANCIAL INC,NYSE,sec,prudential financial
PRS,PRUDENTIAL FINANCIAL INC,NYSE,sec,prudential financial
TACPF,TRANSALTA CORP,OTC,sec,transalta
TRNTF,TRANSALTA CORP,OTC,sec,transalta
TSLTF,TRANSALTA CORP,OTC,sec,transalta
HNNAZ,HENNESSY ADVISORS INC,Nasdaq,sec,hennessy advisors
ADZCF,DEUTSCHE BANK AKTIENGESELLSCHAFT,OTC,sec,deutsche bank aktiengesellschaft
DEENF,DEUTSCHE BANK AKTIENGESELLSCHAFT,OTC,sec,deutsche bank aktiengesellschaft
DGP,DEUTSCHE BANK AKTIENGESELLSCHAFT,NYSE,sec,deutsche bank aktiengesellschaft
DGZ,DEUTSCHE BANK AKTIENGESELLSCHAFT,NYSE,sec,deutsche bank aktiengesellschaft
DZZ,DEUTSCHE BANK AKTIENGESELLSCHAFT,NYSE,sec,deutsche bank aktiengesellschaft
OLOXF,DEUTSCHE BANK AKTIENGESELLSCHAFT,OTC,sec,deutsche bank aktiengesellschaft
LLOBF,Lloyds Banking Group plc,OTC,sec,lloyds banking
NBRWF,NABORS INDUSTRIES LTD,OTC,sec,nabors industries
NEMCL,NEWMONT Corp /DE/,OTC,sec,newmont de
TEN-PE,TSAKOS ENERGY NAVIGATION LTD,NYSE,sec,tsakos energy navigation
TEN-PF,TSAKOS ENERGY NAVIGATION LTD,NYSE,sec,tsakos energy navigation
AGQPF,ALGONQUIN POWER & UTILITIES CORP.,OTC,sec,algonquin power utilities
AQNB,ALGONQUIN POWER & UTILITIES CORP.,NYSE,sec,algonquin power utilities
AEBMF,ANADOLU EFES BIRACILIK VE MALT SANAYI A S/ADR,OTC,sec,anadolu efes biracilik ve malt sanayi a s
STRRP,"Star Equity Holdings, Inc.",Nasdaq,sec,star equity
WAL-PA,WESTERN ALLIANCE BANCORPORATION,NYSE,sec,western alliance bancorporation
NCV-PA,Virtus Convertible & Income Fund,NYSE,sec,virtus convertible income fund
CNO-PA,"CNO Financial Group, Inc.",NYSE,sec,cno financial
TCENF,TC ENERGY CORP,OTC,sec,tc energy
TCEYF,TC ENERGY CORP,OTC,sec,tc energy
TCNCF,TC ENERGY CORP,OTC,sec,tc energy
TRPEF,TC ENERGY CORP,OTC,sec,tc energy
TRPPF,TC ENERGY CORP,OTC,sec,tc energy
TRPRF,TC ENERGY CORP,OTC,sec,tc energy
AHT-PD,ASHFORD HOSPITALITY TRUST INC,NYSE,sec,ashford hospitality trust
AHT-PF,ASHFORD HOSPITALITY TRUST INC,NYSE,sec,ashford hospitality trust
AHT-PG,ASHFORD HOSPITALITY TRUST INC,NYSE,sec,ashford hospitality trust
AHT-PH,ASHFORD HOSPITALITY TRUST INC,NYSE,sec,ashford hospitality trust
AHT-PI,ASHFORD HOSPITALITY TRUST INC,NYSE,sec,ashford hospitality trust
GOODN,GLADSTONE COMMERCIAL CORP,Nasdaq,sec,gladstone commercial
GOODO,GLADSTONE COMMERCIAL CORP,Nasdaq,sec,gladstone commercial
QXO-PB,"QXO, Inc.",NYSE,sec,qxo
ABR-PD,ARBOR REALTY TRUST INC,NYSE,sec,arbor realty trust
ABR-PE,ARBOR REALTY TRUST INC,NYSE,sec,arbor realty trust
ABR-PF,ARBOR REALTY TRUST INC,NYSE,sec,arbor realty trust
QVCCQ,QVC INC,OTC,sec,qvc
QVCDQ,QVC INC,OTC,sec,qvc
OXSQG,Oxford Square Capital Corp.,Nasdaq,sec,oxford square capital
OXSQH,Oxford Square Capital Corp.,Nasdaq,sec,oxford square capital
GDV-PK,GABELLI DIVIDEND & INCOME TRUST,NYSE,sec,gabelli dividend income trust
AIZN,"ASSURANT, INC.",NYSE,sec,assurant
AHL-PD,ASPEN INSURANCE HOLDINGS LTD,NYSE,sec,aspen insurance
AHL-PE,ASPEN INSURANCE HOLDINGS LTD,NYSE,sec,aspen insurance
AHL-PF,ASPEN INSURANCE HOLDINGS LTD,NYSE,sec,aspen insurance
TYG-RW,TORTOISE ENERGY INFRASTRUCTURE CORP,NYSE,sec,tortoise energy infrastructure
CILFY,CHINA LIFE INSURANCE CO LTD,OTC,sec,china life insurance
ADAMG,"ADAMAS TRUST, INC.",Nasdaq,sec,adamas trust
ADAMH,"ADAMAS TRUST, INC.",Nasdaq,sec,adamas trust
ADAMI,"ADAMAS TRUST, INC.",Nasdaq,sec,adamas trust
ADAML,"ADAMAS TRUST, INC.",Nasdaq,sec,adamas trust
ADAMM,"ADAMAS TRUST, INC.",Nasdaq,sec,adamas trust
ADAMN,"ADAMAS TRUST, INC.",Nasdaq,sec,adamas trust
ADAMO,"ADAMAS TRUST, INC.",Nasdaq,sec,adamas trust
ADAMZ,"ADAMAS TRUST, INC.",Nasdaq,sec,adamas trust
ET-PI,Energy Transfer LP,NYSE,sec,energy transfer lp
MFICL,MidCap Financial Investment Corp,Nasdaq,sec,midcap financial investment
YRAIF,YARA INTERNATIONAL ASA,OTC,sec,yara international asa
HCXY,"Hercules Capital, Inc.",NYSE,sec,hercules capital
RF-PE,REGIONS FINANCIAL CORP,NYSE,sec,regions financial
RF-PF,REGIONS FINANCIAL CORP,NYSE,sec,regions financial
RCKTW,"ROCKET PHARMACEUTICALS, INC.",Nasdaq,sec,rocket pharmaceuticals
GLU-PA,GABELLI GLOBAL UTILITY & INCOME TRUST,NYSE,sec,gabelli global utility income trust
TMUSI,"T-Mobile US, Inc.",Nasdaq,sec,t mobile us
TMUSL,"T-Mobile US, Inc.",Nasdaq,sec,t mobile us
TMUSZ,"T-Mobile US, Inc.",Nasdaq,sec,t mobile us
SHO-PH,"Sunstone Hotel Investors, Inc.",NYSE,sec,sunstone hotel investors
SHO-PI,"Sunstone Hotel Investors, Inc.",NYSE,sec,sunstone hotel investors
DLR-PJ,"DIGITAL REALTY TRUST, INC.",NYSE,sec,digital realty trust
DLR-PL,"DIGITAL REALTY TRUST, INC.",NYSE,sec,digital realty trust
SOHOB,Sotherly Hotels Inc.,OTC,sec,sotherly hotels
LNXSF,LANXESS AG,OTC,sec,lanxess ag
GGN-PB,"GAMCO Global Gold, Natural Resources & Income Trust",NYSE,sec,gamco global gold natural resources income trust
CITAF,CHINA SHIPPING CONTAINER LINES CO LTD,OTC,sec,china shipping container lines
DSX-WT,DIANA SHIPPING INC.,NYSE,sec,diana shipping
GAING,GLADSTONE INVESTMENT CORPORATION\DE,Nasdaq,sec,gladstone investment de
GAINI,GLADSTONE INVESTMENT CORPORATION\DE,Nasdaq,sec,gladstone investment de
GAINZ,GLADSTONE INVESTMENT CORPORATION\DE,Nasdaq,sec,gladstone investment de
GLP-PB,GLOBAL PARTNERS LP,NYSE,sec,global partners lp
DUKB,Duke Energy CORP,NYSE,sec,duke energy
DUK-PA,Duke Energy CORP,NYSE,sec,duke energy
GME-WT,GameStop Corp.,NYSE,sec,gamestop
ZARE,Ares Real Estate Income Trust Inc.,OTC,sec,ares real estate income trust
SNIRF,SENIOR PLC,OTC,sec,senior
ISMCF,iShares S&P GSCI Commodity-Indexed Trust,OTC,sec,ishares s p gsci commodity indexed trust
ACR-PC,ACRES Commercial Realty Corp.,NYSE,sec,acres commercial realty
ACR-PD,ACRES Commercial Realty Corp.,NYSE,sec,acres commercial realty
NMPRY,Navios Maritime Holdings Inc.,OTC,sec,navios maritime
EQH-PA,"Equitable Holdings, Inc.",NYSE,sec,equitable
EQH-PC,"Equitable Holdings, Inc.",NYSE,sec,equitable
GIGGF,Giga Metals Corp,OTC,sec,giga metals
BWBBP,Bridgewater Bancshares Inc,Nasdaq,sec,bridgewater bancshares
SGBAF,SES S.A.,OTC,sec,ses s a
TOGIW,"TurnOnGreen, Inc.",OTC,sec,turnongreen
QVCAQ,"QVC Group, Inc.",OTC,sec,qvc
QVCGQ,"QVC Group, Inc.",OTC,sec,qvc
QVCPQ,"QVC Group, Inc.",OTC,sec,qvc
RGPX,"REGENEREX PHARMA, INC.",OTC,sec,regenerex pharma
BFLX,Cann American Corp.,Nasdaq,sec,cann american
KPHMW,KIORA PHARMACEUTICALS INC,OTC,sec,kiora pharmaceuticals
BXCAP,BOX INC,OTC,sec,box
RDCT,"VNUE, Inc.",OTC,sec,vnue
SAJ,SARATOGA INVESTMENT CORP.,NYSE,sec,saratoga investment
SAT,SARATOGA INVESTMENT CORP.,NYSE,sec,saratoga investment
SAV,SARATOGA INVESTMENT CORP.,NYSE,sec,saratoga investment
SAY,SARATOGA INVESTMENT CORP.,NYSE,sec,saratoga investment
SAZ,SARATOGA INVESTMENT CORP.,NYSE,sec,saratoga investment
GFSAY,Gafisa S.A.,OTC,sec,gafisa s a
BK-PK,Bank of New York Mellon Corp,NYSE,sec,bank of new york mellon
PSA-PF,Public Storage,NYSE,sec,public storage
PSA-PG,Public Storage,NYSE,sec,public storage
PSA-PI,Public Storage,NYSE,sec,public storage
PSA-PJ,Public Storage,NYSE,sec,public storage
PSA-PK,Public Storage,NYSE,sec,public storage
PSA-PL,Public Storage,NYSE,sec,public storage
PSA-PM,Public Storage,NYSE,sec,public storage
PSA-PN,Public Storage,NYSE,sec,public storage
PSA-PO,Public Storage,NYSE,sec,public storage
PSA-PP,Public Storage,NYSE,sec,public storage
PSA-PQ,Public Storage,NYSE,sec,public storage
PSA-PR,Public Storage,NYSE,sec,public storage
PSA-PS,Public Storage,NYSE,sec,public storage
IVDAW,"Iveda Solutions, Inc.",Nasdaq,sec,iveda solutions
XINRY,"Xinyuan Real Estate Co., Ltd.",OTC,sec,xinyuan real estate
HCIIP,"HCI Group, Inc.",OTC,sec,hci
IHETW,"iHeartMedia, Inc.",OTC,sec,iheartmedia
SBFMW,Sunshine Biopharma Inc.,Nasdaq,sec,sunshine biopharma
OAK-PB,"Brookfield Oaktree Holdings, LLC",NYSE,sec,brookfield oaktree llc
KKR-PD,KKR & Co. Inc.,NYSE,sec,kkr
KKRS,KKR & Co. Inc.,NYSE,sec,kkr
KKRT,KKR & Co. Inc.,NYSE,sec,kkr
BIPH,Brookfield Infrastructure Partners L.P.,NYSE,sec,brookfield infrastructure partners l p
BIPI,Brookfield Infrastructure Partners L.P.,NYSE,sec,brookfield infrastructure partners l p
BIPJ,Brookfield Infrastructure Partners L.P.,NYSE,sec,brookfield infrastructure partners l p
BIP-PA,Brookfield Infrastructure Partners L.P.,NYSE,sec,brookfield infrastructure partners l p
BIP-PB,Brookfield Infrastructure Partners L.P.,NYSE,sec,brookfield infrastructure partners l p
BRIPF,Brookfield Infrastructure Partners L.P.,OTC,sec,brookfield infrastructure partners l p
FGBIP,"First Guaranty Bancshares, Inc.",Nasdaq,sec,first guaranty bancshares
THRC,"Havana Roasters Coffee Companies, Inc.",OTC,sec,havana roasters coffee companies
CIMN,CHIMERA INVESTMENT CORP,NYSE,sec,chimera investment
CIMO,CHIMERA INVESTMENT CORP,NYSE,sec,chimera investment
CIMP,CHIMERA INVESTMENT CORP,NYSE,sec,chimera investment
CIM-PB,CHIMERA INVESTMENT CORP,NYSE,sec,chimera investment
CIM-PC,CHIMERA INVESTMENT CORP,NYSE,sec,chimera investment
CIM-PD,CHIMERA INVESTMENT CORP,NYSE,sec,chimera investment
NUVID,Emo Capital Corp.,OTC,sec,emo capital
EFC-PB,Ellington Financial Inc.,NYSE,sec,ellington financial
EFC-PC,Ellington Financial Inc.,NYSE,sec,ellington financial
EFC-PD,Ellington Financial Inc.,NYSE,sec,ellington financial
MHNC,"Maiden Holdings, Ltd.",NYSE,sec,maiden
NCPLW,Netcapital Inc.,Nasdaq,sec,netcapital
AGQ,ProShares Trust II,NYSE,sec,proshares trust ii
BOIL,ProShares Trust II,NYSE,sec,proshares trust ii
EUO,ProShares Trust II,NYSE,sec,proshares trust ii
GLL,ProShares Trust II,NYSE,sec,proshares trust ii
KOLD,ProShares Trust II,NYSE,sec,proshares trust ii
SCO,ProShares Trust II,NYSE,sec,proshares trust ii
SVXY,ProShares Trust II,CBOE,sec,proshares trust ii
UCO,ProShares Trust II,NYSE,sec,proshares trust ii
UGL,ProShares Trust II,NYSE,sec,proshares trust ii
ULE,ProShares Trust II,NYSE,sec,proshares trust ii
UVXY,ProShares Trust II,CBOE,sec,proshares trust ii
VIXM,ProShares Trust II,CBOE,sec,proshares trust ii
VIXY,ProShares Trust II,CBOE,sec,proshares trust ii
YCL,ProShares Trust II,NYSE,sec,proshares trust ii
YCS,ProShares Trust II,NYSE,sec,proshares trust ii
ZSL,ProShares Trust II,NYSE,sec,proshares trust ii
BBLGW,Bone Biologics Corp,Nasdaq,sec,bone biologics
DTSTW,Data Storage Corp,Nasdaq,sec,data storage
AGNCL,AGNC Investment Corp.,Nasdaq,sec,agnc investment
AGNCM,AGNC Investment Corp.,Nasdaq,sec,agnc investment
AGNCN,AGNC Investment Corp.,Nasdaq,sec,agnc investment
AGNCO,AGNC Investment Corp.,Nasdaq,sec,agnc investment
AGNCP,AGNC Investment Corp.,Nasdaq,sec,agnc investment
AGNCZ,AGNC Investment Corp.,Nasdaq,sec,agnc investment
CUENW,Cuentas Inc.,OTC,sec,cuentas
ARR-PC,"Armour Residential REIT, Inc.",NYSE,sec,armour residential reit
FBIOP,"Fortress Biotech, Inc.",Nasdaq,sec,fortress biotech
ODVWZ,Osisko Development Corp.,Nasdaq,sec,osisko development
OSDVF,Osisko Development Corp.,OTC,sec,osisko development
AZUXY,AZUL SA,OTC,sec,azul sa
SB-PD,"SAFE BULKERS, INC.",NYSE,sec,safe bulkers
CYJBF,Cargotec Corp OYJ,OTC,sec,cargotec oyj
IVR-PC,Invesco Mortgage Capital Inc.,NYSE,sec,invesco mortgage capital
GRKZF,Greek Organisation of Football Prognostics S.A.,OTC,sec,greek organisation of football prognostics s a
GNT-PA,"GAMCO Natural Resources, Gold & Income Trust",NYSE,sec,gamco natural resources gold income trust
AXIA-P,AXIA Energia S.A.,NYSE,sec,axia energia s a
NZEOY,New Zealand Oil & Gas Ltd/ADR,OTC,sec,new zealand oil gas
SKPJF,SKY Perfect JSAT Holdings Inc,OTC,sec,sky perfect jsat
RSNHF,RESONA HOLDINGS INC,OTC,sec,resona
BYDIF,BYD Electronic (International) Co Ltd,OTC,sec,byd electronic international
CMCLF,"China Molybdenum Co., Ltd.",OTC,sec,china molybdenum
NWSZF,CTF Services Ltd,OTC,sec,ctf services
GMBLP,"ESPORTS ENTERTAINMENT GROUP, INC.",OTC,sec,esports entertainment
GMBLZ,"ESPORTS ENTERTAINMENT GROUP, INC.",OTC,sec,esports entertainment
SBBTF,Vend Marketplaces ASA/ADR,OTC,sec,vend marketplaces asa
LOIMF,Loomis AB / ADR,OTC,sec,loomis ab
NXPGF,Mobico Group PLC/ADR,OTC,sec,mobico
BKZHF,Santander Bank Polska SA/ADR,OTC,sec,santander bank polska sa
MIMTF,Mitsubishi Materials Corp / ADR,OTC,sec,mitsubishi materials
LOB-PA,"Live Oak Bancshares, Inc.",NYSE,sec,live oak bancshares
NIXXW,"Nixxy, Inc.",Nasdaq,sec,nixxy
ASPSW,ALTISOURCE PORTFOLIO SOLUTIONS S.A.,Nasdaq,sec,altisource portfolio solutions s a
ASPSZ,ALTISOURCE PORTFOLIO SOLUTIONS S.A.,Nasdaq,sec,altisource portfolio solutions s a
ATLCL,Atlanticus Holdings Corp,Nasdaq,sec,atlanticus
ATLCP,Atlanticus Holdings Corp,Nasdaq,sec,atlanticus
ATLCZ,Atlanticus Holdings Corp,Nasdaq,sec,atlanticus
PMT-PC,PennyMac Mortgage Investment Trust,NYSE,sec,pennymac mortgage investment trust
PMTU,PennyMac Mortgage Investment Trust,NYSE,sec,pennymac mortgage investment trust
PMTV,PennyMac Mortgage Investment Trust,NYSE,sec,pennymac mortgage investment trust
PMTW,PennyMac Mortgage Investment Trust,NYSE,sec,pennymac mortgage investment trust
RILYG,"BRC Group Holdings, Inc.",Nasdaq,sec,brc
RILYL,"BRC Group Holdings, Inc.",Nasdaq,sec,brc
RILYN,"BRC Group Holdings, Inc.",Nasdaq,sec,brc
RILYP,"BRC Group Holdings, Inc.",Nasdaq,sec,brc
RILYT,"BRC Group Holdings, Inc.",Nasdaq,sec,brc
RILYZ,"BRC Group Holdings, Inc.",Nasdaq,sec,brc
TWOD,TWO HARBORS INVESTMENT CORP.,NYSE,sec,two harbors investment
MSBIP,"Midland States Bancorp, Inc.",Nasdaq,sec,midland states bancorp
HSCSW,HeartSciences Inc.,Nasdaq,sec,heartsciences
NXGLW,"NEXGEL, INC.",Nasdaq,sec,nexgel
EJTTF,easyJet plc,OTC,sec,easyjet
CANE,Teucrium Commodity Trust,NYSE,sec,teucrium commodity trust
CORN,Teucrium Commodity Trust,NYSE,sec,teucrium commodity trust
SOYB,Teucrium Commodity Trust,NYSE,sec,teucrium commodity trust
TAGS,Teucrium Commodity Trust,NYSE,sec,teucrium commodity trust
WEAT,Teucrium Commodity Trust,NYSE,sec,teucrium commodity trust
JTGLF,"Citibank,N.A./ADR",OTC,sec,citibank n a
WCPRF,WHITECAP RESOURCES INC.,OTC,sec,whitecap resources
PEB-PG,Pebblebrook Hotel Trust,NYSE,sec,pebblebrook hotel trust
PEB-PH,Pebblebrook Hotel Trust,NYSE,sec,pebblebrook hotel trust
CPER,United States Commodity Index Funds Trust,NYSE,sec,united states commodity index funds trust
HPP-PC,"Hudson Pacific Properties, Inc.",NYSE,sec,hudson pacific properties
BNCWW,CEA Industries Inc.,Nasdaq,sec,cea industries
BNCWZ,CEA Industries Inc.,Nasdaq,sec,cea industries
HWLDF,H World Group Ltd,OTC,sec,h world
SKLTF,Seek Ltd,OTC,sec,seek
HTFC,Horizon Technology Finance Corp,NYSE,sec,horizon technology finance
OFSSH,OFS Capital Corp,Nasdaq,sec,ofs capital
OFSSO,OFS Capital Corp,Nasdaq,sec,ofs capital
CUBB,"Customers Bancorp, Inc.",NYSE,sec,customers bancorp
PBATF,PT Bukit Asam Tbk/ADR,OTC,sec,pt bukit asam tbk
FPHOY,First Phosphate Corp.,OTC,sec,first phosphate
FRSPF,First Phosphate Corp.,OTC,sec,first phosphate
PFXNZ,PhenixFIN Corp,Nasdaq,sec,phenixfin
ESSID,"ECO SCIENCE SOLUTIONS, INC.",OTC,sec,eco science solutions
SFDMF,Shanghai Fudan Microelectronics Co Limited/ADR/,OTC,sec,shanghai fudan microelectronics
KRNGF,Karoon Gas Australia Ltd /ADR/,OTC,sec,karoon gas australia
OXLCG,Oxford Lane Capital Corp.,Nasdaq,sec,oxford lane capital
OXLCI,Oxford Lane Capital Corp.,Nasdaq,sec,oxford lane capital
OXLCL,Oxford Lane Capital Corp.,Nasdaq,sec,oxford lane capital
OXLCN,Oxford Lane Capital Corp.,Nasdaq,sec,oxford lane capital
OXLCP,Oxford Lane Capital Corp.,Nasdaq,sec,oxford lane capital
OXLCZ,Oxford Lane Capital Corp.,Nasdaq,sec,oxford lane capital
LANDO,GLADSTONE LAND Corp,Nasdaq,sec,gladstone land
NMFCZ,New Mountain Finance Corp,Nasdaq,sec,new mountain finance
LTAFX,Alternative Strategies Income Fund,None,sec,alternative strategies income fund
LTCFX,Alternative Strategies Income Fund,None,sec,alternative strategies income fund
INN-PE,"Summit Hotel Properties, Inc.",NYSE,sec,summit hotel properties
INN-PF,"Summit Hotel Properties, Inc.",NYSE,sec,summit hotel properties
GROO,"GROOVY COMPANY, INC.",OTC,sec,groovy
RIV-PA,"RIVERNORTH OPPORTUNITIES FUND, INC.",NYSE,sec,rivernorth opportunities fund
PRHIZ,"Presurance Holdings, Inc.",Nasdaq,sec,presurance
ACP-PA,abrdn Income Credit Strategies Fund,NYSE,sec,abrdn income credit strategies fund
PRBZF,PREMIUM BRANDS HOLDINGS Corp,OTC,sec,premium brands
NGL-PB,NGL Energy Partners LP,NYSE,sec,ngl energy partners lp
PNDZF,Pandora A/S / ADR,OTC,sec,pandora a s
EP-PC,"KINDER MORGAN, INC.",NYSE,sec,kinder morgan
BAFBF,Balfour Beatty plc/ADR,OTC,sec,balfour beatty
LOMWF,Lion One Metals Ltd.,OTC,sec,lion one metals
SSSSL,SURO CAPITAL CORP.,Nasdaq,sec,suro capital
NASC,Can B Corp,OTC,sec,can b
NIOBW,NIOCORP DEVELOPMENTS LTD,Nasdaq,sec,niocorp developments
PETVW,"PetVivo Holdings, Inc.",OTC,sec,petvivo
MITN,"TPG Mortgage Investment Trust, Inc.",NYSE,sec,tpg mortgage investment trust
MITP,"TPG Mortgage Investment Trust, Inc.",NYSE,sec,tpg mortgage investment trust
BCKIF,Babcock International Group PLC/ADR,OTC,sec,babcock international
BTDPF,Barratt Developments PLC/ADR,OTC,sec,barratt developments
MLSPF,Melrose Industries Plc/ADR,OTC,sec,melrose industries
SMTGF,SMA Solar Technology AG/ADR,OTC,sec,sma solar technology ag
CCID,Carlyle Credit Income Fund,NYSE,sec,carlyle credit income fund
AMPGR,"AmpliTech Group, Inc.",Nasdaq,sec,amplitech
AMPGZ,"AmpliTech Group, Inc.",Nasdaq,sec,amplitech
CTTRF,"Controladora Vuela Compania de Aviacion, S.A.B. de C.V.",OTC,sec,controladora vuela compania de aviacion s a b de c v
GNL-PA,"Global Net Lease, Inc.",NYSE,sec,global net lease
GNL-PB,"Global Net Lease, Inc.",NYSE,sec,global net lease
GNL-PD,"Global Net Lease, Inc.",NYSE,sec,global net lease
GNL-PE,"Global Net Lease, Inc.",NYSE,sec,global net lease
GDHLF,GDS Holdings Ltd,OTC,sec,gds
CGABL,Carlyle Group Inc.,Nasdaq,sec,carlyle
ATH-PA,Athene Holding Ltd.,NYSE,sec,athene
ATH-PB,Athene Holding Ltd.,NYSE,sec,athene
ATH-PD,Athene Holding Ltd.,NYSE,sec,athene
ATH-PE,Athene Holding Ltd.,NYSE,sec,athene
ATHS,Athene Holding Ltd.,NYSE,sec,athene
WHLRL,"Wheeler Real Estate Investment Trust, Inc.",Nasdaq,sec,wheeler real estate investment trust
RCD,Ready Capital Corp,NYSE,sec,ready capital
RC-PC,Ready Capital Corp,NYSE,sec,ready capital
RC-PE,Ready Capital Corp,NYSE,sec,ready capital
DPLMF,Diploma plc/ADR,OTC,sec,diploma
PW-PA,Power REIT,NYSE,sec,power reit
EBOSF,EBOS Group Limited/ADR,OTC,sec,ebos
BEPH,Brookfield Renewable Partners L.P.,NYSE,sec,brookfield renewable partners l p
BEPI,Brookfield Renewable Partners L.P.,NYSE,sec,brookfield renewable partners l p
BEPJ,Brookfield Renewable Partners L.P.,NYSE,sec,brookfield renewable partners l p
BEP-PA,Brookfield Renewable Partners L.P.,NYSE,sec,brookfield renewable partners l p
DUNNF,Duni AB/ADR,OTC,sec,duni ab
XRN-PA,Chiron Real Estate Inc.,NYSE,sec,chiron real estate
XRN-PB,Chiron Real Estate Inc.,NYSE,sec,chiron real estate
CICB,CION Investment Corp,NYSE,sec,cion investment
MBUMF,"Mabuchi Motor Co., Ltd./ADR",OTC,sec,mabuchi motor
NSKFF,Kongsberg Gruppen ASA/ADR,OTC,sec,kongsberg gruppen asa
SOHGF,ALSOK Co Ltd./ADR,OTC,sec,alsok
TFIN-P,"Triumph Financial, Inc.",NYSE,sec,triumph financial
BPYPM,Brookfield Property Partners L.P.,Nasdaq,sec,brookfield property partners l p
BPYPN,Brookfield Property Partners L.P.,Nasdaq,sec,brookfield property partners l p
BPYPO,Brookfield Property Partners L.P.,Nasdaq,sec,brookfield property partners l p
PBNAF,PEMBINA PIPELINE CORP,OTC,sec,pembina pipeline
PBPRF,PEMBINA PIPELINE CORP,OTC,sec,pembina pipeline
PMBPF,PEMBINA PIPELINE CORP,OTC,sec,pembina pipeline
PMMBF,PEMBINA PIPELINE CORP,OTC,sec,pembina pipeline
PPLAF,PEMBINA PIPELINE CORP,OTC,sec,pembina pipeline
PPLOF,PEMBINA PIPELINE CORP,OTC,sec,pembina pipeline
BTGRF,BTS Group Holdings Public Co Limited/ADR,OTC,sec,bts public
BTLWF,BTS Group Holdings Public Co Limited/ADR,OTC,sec,bts public
LFT-PA,"Lument Finance Trust, Inc.",NYSE,sec,lument finance trust
BUGDF,Bumrungrad Hospital Public Co Limited/ADR,OTC,sec,bumrungrad hospital public
BUHHF,Bumrungrad Hospital Public Co Limited/ADR,OTC,sec,bumrungrad hospital public
BUHPF,Bumrungrad Hospital Public Co Limited/ADR,OTC,sec,bumrungrad hospital public
IQEPF,IQE PLC/ADR,OTC,sec,iqe
CPNNF,Central Pattana Public Co Limited/ADR,OTC,sec,central pattana public
CTPUF,Central Pattana Public Co Limited/ADR,OTC,sec,central pattana public
MPLXP,MPLX LP,OTC,sec,mplx lp
WHFCL,"WhiteHorse Finance, Inc.",Nasdaq,sec,whitehorse finance
SBEVW,"SPLASH BEVERAGE GROUP, INC.",OTC,sec,splash beverage
WYTC,WYTEC INTERNATIONAL INC,OTC,sec,wytec international
TNONW,"Tenon Medical, Inc.",Nasdaq,sec,tenon medical
ELLA,Ellington Credit Co,NYSE,sec,ellington credit
SMSOF,Samsonite International SA/ADR,OTC,sec,samsonite international sa
NHPAP,"National Healthcare Properties, Inc.",Nasdaq,sec,national healthcare properties
NHPBP,"National Healthcare Properties, Inc.",Nasdaq,sec,national healthcare properties
EYGPF,Electricity Generating Public Co Limited/ADR,OTC,sec,electricity generating public
EYUUF,Electricity Generating Public Co Limited/ADR,OTC,sec,electricity generating public
THFRF,Thai Union Group Public Co Limited/ADR,OTC,sec,thai union public
TUFUF,Thai Union Group Public Co Limited/ADR,OTC,sec,thai union public
AMH-PG,American Homes 4 Rent,NYSE,sec,american homes 4 rent
AMH-PH,American Homes 4 Rent,NYSE,sec,american homes 4 rent
INBKZ,First Internet Bancorp,Nasdaq,sec,first internet bancorp
GRTUF,GRANITE REAL ESTATE INVESTMENT TRUST,OTC,sec,granite real estate investment trust
NWSLL,NEWS CORP,OTC,sec,news
IHICF,IHI Corporation/ADR,OTC,sec,ihi
AUIWF,AURANIA RESOURCES LTD.,OTC,sec,aurania resources
OZKAP,Bank OZK,Nasdaq,sec,bank ozk
NCHEF,Nichirei Corporation/ADR,OTC,sec,nichirei
BHR-PB,Braemar Hotels & Resorts Inc.,NYSE,sec,braemar hotels resorts
BHR-PD,Braemar Hotels & Resorts Inc.,NYSE,sec,braemar hotels resorts
BBAAY,Alibaba Group Holding Ltd,OTC,sec,alibaba
BIVIW,BIOVIE INC.,Nasdaq,sec,biovie
HCTPF,Hutchison Port Holdings Trust/ADR,OTC,sec,hutchison port trust
VRMWW,"Vroom, Inc.",OTC,sec,vroom
IPSOF,IPSOS/ADR,OTC,sec,ipsos
CCLDO,"CareCloud, Inc.",Nasdaq,sec,carecloud
CTRVP,"Hepion Pharmaceuticals, Inc.",OTC,sec,hepion pharmaceuticals
SNROF,"Sanrio Company, Ltd./ADR",OTC,sec,sanrio
HGIT,"HINES GLOBAL INCOME TRUST, INC.",OTC,sec,hines global income trust
WNRSD,"WINNERS, INC.",OTC,sec,winners
NEWTG,"NewtekOne, Inc.",Nasdaq,sec,newtekone
NEWTH,"NewtekOne, Inc.",Nasdaq,sec,newtekone
NEWTO,"NewtekOne, Inc.",Nasdaq,sec,newtekone
NEWTP,"NewtekOne, Inc.",Nasdaq,sec,newtekone
FTAIM,FTAI Aviation Ltd.,Nasdaq,sec,ftai aviation
FTAIN,FTAI Aviation Ltd.,Nasdaq,sec,ftai aviation
FGNXP,FG Nexus Inc.,Nasdaq,sec,fg nexus
JSM,NAVIENT CORP,Nasdaq,sec,navient
LAAI,Loan Artificial Intelligence Corp.,OTC,sec,loan artificial intelligence
WEIBF,WEIBO Corp,OTC,sec,weibo
LBRA,1847 Holdings LLC,OTC,sec,1847 llc
HPHTF,Hamamatsu Photonics K.K./ADR,OTC,sec,hamamatsu photonics k k
SYF-PA,Synchrony Financial,NYSE,sec,synchrony financial
SYF-PB,Synchrony Financial,NYSE,sec,synchrony financial
ECCC,Eagle Point Credit Co Inc.,NYSE,sec,eagle point credit
ECC-PD,Eagle Point Credit Co Inc.,NYSE,sec,eagle point credit
ECCU,Eagle Point Credit Co Inc.,NYSE,sec,eagle point credit
ECCV,Eagle Point Credit Co Inc.,NYSE,sec,eagle point credit
MONRF,Moncler S.p.A./ADR,OTC,sec,moncler s p a
SQLLW,ATLANTIC INTERNATIONAL CORP.,OTC,sec,atlantic international
VIASP,"Via Renewables, Inc.",Nasdaq,sec,via renewables
ISADY,ISS A/S / ADR,OTC,sec,iss a s
ISFFF,ISS A/S / ADR,OTC,sec,iss a s
BCTXL,BriaCell Therapeutics Corp.,Nasdaq,sec,briacell therapeutics
BCTXZ,BriaCell Therapeutics Corp.,Nasdaq,sec,briacell therapeutics
BWET,Amplify Commodity Trust,NYSE,sec,amplify commodity trust
LBRDP,Liberty Broadband Corp,Nasdaq,sec,liberty broadband
DBVTF,DBV Technologies S.A.,OTC,sec,dbv technologies s a
RPT-PC,Rithm Property Trust Inc.,NYSE,sec,rithm property trust
GGBY,Alpha Investment Inc.,OTC,sec,alpha investment
NSA-PB,National Storage Affiliates Trust,NYSE,sec,national storage affiliates trust
RVMDW,"Revolution Medicines, Inc.",Nasdaq,sec,revolution medicines
MBINL,Merchants Bancorp,Nasdaq,sec,merchants bancorp
MBINM,Merchants Bancorp,Nasdaq,sec,merchants bancorp
MBINN,Merchants Bancorp,Nasdaq,sec,merchants bancorp
BWNB,"Babcock & Wilcox Enterprises, Inc.",NYSE,sec,babcock wilcox enterprises
BW-PA,"Babcock & Wilcox Enterprises, Inc.",NYSE,sec,babcock wilcox enterprises
FCRX,"Crescent Capital BDC, Inc.",NYSE,sec,crescent capital bdc
ACONW,"Aclarion, Inc.",Nasdaq,sec,aclarion
DUKRW,DUKE Robotics Corp.,Nasdaq,sec,duke robotics
ACGP,"Associated Capital Group, Inc.",OTC,sec,associated capital
AGNPD,Algernon Health Inc.,OTC,sec,algernon health
JBHIF,JB Hi-Fi Limited/ADR,OTC,sec,jb hi fi
LBUYD,"LEAFBUYER TECHNOLOGIES, INC.",OTC,sec,leafbuyer technologies
HPE-PC,Hewlett Packard Enterprise Co,NYSE,sec,hewlett packard enterprise
MDV-PA,"MODIV INDUSTRIAL, INC.",NYSE,sec,modiv industrial
AREBW,AMERICAN REBEL HOLDINGS INC,OTC,sec,american rebel
SHMZF,Shimadzu Corporation/ADR,OTC,sec,shimadzu
TRLED,Trillion Energy International Inc.,OTC,sec,trillion energy international
MYSEW,"Myseum.AI, Inc.",Nasdaq,sec,myseum ai
BEIGF,BeOne Medicines Ltd.,OTC,sec,beone medicines
GIPRW,"GENERATION INCOME PROPERTIES, INC.",Nasdaq,sec,generation income properties
RWAYI,Runway Growth Finance Corp.,Nasdaq,sec,runway growth finance
RWAYL,Runway Growth Finance Corp.,Nasdaq,sec,runway growth finance
IBIDF,"Ibiden Co., Ltd./ADR",OTC,sec,ibiden
SHLAF,Schindler Holding AG/ADR,OTC,sec,schindler ag
SHLRF,Schindler Holding AG/ADR,OTC,sec,schindler ag
HTZWW,"HERTZ GLOBAL HOLDINGS, INC",Nasdaq,sec,hertz global
LENDX,Stone Ridge Trust V,None,sec,stone ridge trust v
ITRMF,Iterum Therapeutics plc,OTC,sec,iterum therapeutics
JPSTF,"Japan Post Bank Co., Ltd.",OTC,sec,japan post bank
BSTT,"Blackstone Real Estate Income Trust, Inc.",OTC,sec,blackstone real estate income trust
QGAI,Quantum Genesis AI Corp.,OTC,sec,quantum genesis ai
NRSAX,NEXPOINT REAL ESTATE STRATEGIES FUND,None,sec,nexpoint real estate strategies fund
FINCF,Fortis Inc.,OTC,sec,fortis
FORFF,Fortis Inc.,OTC,sec,fortis
FRTJF,Fortis Inc.,OTC,sec,fortis
FRTSF,Fortis Inc.,OTC,sec,fortis
FTPSF,Fortis Inc.,OTC,sec,fortis
FTRSF,Fortis Inc.,OTC,sec,fortis
CEHCF,"Cosmo Energy Holdings Co., Ltd./ADR",OTC,sec,cosmo energy
LTRYW,Sports Entertainment Gaming Global Corp,Nasdaq,sec,sports entertainment gaming global
TPTA,"Terra Property Trust, Inc.",NYSE,sec,terra property trust
GECCG,Great Elm Capital Corp.,Nasdaq,sec,great elm capital
GECCH,Great Elm Capital Corp.,Nasdaq,sec,great elm capital
GECCI,Great Elm Capital Corp.,Nasdaq,sec,great elm capital
GECCO,Great Elm Capital Corp.,Nasdaq,sec,great elm capital
NTRBW,NutriBand Inc.,Nasdaq,sec,nutriband
ZTOEF,ZTO Express (Cayman) Inc.,OTC,sec,zto express cayman
OPP-PA,"RiverNorth/DoubleLine Strategic Opportunity Fund, Inc.",NYSE,sec,rivernorth doubleline strategic opportunity fund
OPP-PB,"RiverNorth/DoubleLine Strategic Opportunity Fund, Inc.",NYSE,sec,rivernorth doubleline strategic opportunity fund
OPP-PC,"RiverNorth/DoubleLine Strategic Opportunity Fund, Inc.",NYSE,sec,rivernorth doubleline strategic opportunity fund
SATLF,"Start Today Co., Ltd./ADR",OTC,sec,start today
IPTND,IMPACT ANALYTICS INC.,OTC,sec,impact analytics
SCCD,Sachem Capital Corp.,NYSE,sec,sachem capital
SCCE,Sachem Capital Corp.,NYSE,sec,sachem capital
SCCF,Sachem Capital Corp.,NYSE,sec,sachem capital
SCCG,Sachem Capital Corp.,NYSE,sec,sachem capital
BHFAL,"Brighthouse Financial, Inc.",Nasdaq,sec,brighthouse financial
BHFAM,"Brighthouse Financial, Inc.",Nasdaq,sec,brighthouse financial
BHFAN,"Brighthouse Financial, Inc.",Nasdaq,sec,brighthouse financial
BHFAO,"Brighthouse Financial, Inc.",Nasdaq,sec,brighthouse financial
BHFAP,"Brighthouse Financial, Inc.",Nasdaq,sec,brighthouse financial
CAHPF,Evolution Mining Limited/ADR,OTC,sec,evolution mining
METCB,"Ramaco Resources, Inc.",Nasdaq,sec,ramaco resources
METCI,"Ramaco Resources, Inc.",Nasdaq,sec,ramaco resources
METCZ,"Ramaco Resources, Inc.",Nasdaq,sec,ramaco resources
ICRL,"InPoint Commercial Real Estate Income, Inc.",OTC,sec,inpoint commercial real estate income
ICRP,"InPoint Commercial Real Estate Income, Inc.",OTC,sec,inpoint commercial real estate income
FVGPY,FinVolution Group,OTC,sec,finvolution
PRXA,"PROCACCIANTI HOTEL REIT, INC.",OTC,sec,procaccianti hotel reit
MNSBP,"MainStreet Bancshares, Inc.",Nasdaq,sec,mainstreet bancshares
STSR,"Strategic Student & Senior Housing Trust, Inc.",OTC,sec,strategic student senior housing trust
AMLIF,American Lithium Corp.,OTC,sec,american lithium
MEIUF,Meitu Inc./ADR,OTC,sec,meitu
FABTQ,"Fat Brands, Inc",OTC,sec,fat brands
FATPQ,"Fat Brands, Inc",OTC,sec,fat brands
ZNKUF,"ZENKOKU HOSHO Co., Ltd./ADR",OTC,sec,zenkoku hosho
DRRKF,dormakaba Holding AG,OTC,sec,dormakaba ag
BYCBF,Barry Callebaut AG/ADR,OTC,sec,barry callebaut ag
GPUSD,Alset Capital Inc.,OTC,sec,alset capital
SWDR,"Starwood Real Estate Income Trust, Inc.",OTC,sec,starwood real estate income trust
HYNLY,Hydro One Ltd,OTC,sec,hydro one
BIAFW,"bioAffinity Technologies, Inc.",Nasdaq,sec,bioaffinity technologies
SCAFF,Schaeffler AG/ADR,OTC,sec,schaeffler ag
ASCIX,Angel Oak Strategic Credit Fund,None,sec,angel oak strategic credit fund
ENSCW,"Ensysce Biosciences, Inc.",OTC,sec,ensysce biosciences
OCCIM,"OFS Credit Company, Inc.",Nasdaq,sec,ofs credit
OCCIN,"OFS Credit Company, Inc.",Nasdaq,sec,ofs credit
BTBDW,"BT Brands, Inc.",Nasdaq,sec,bt brands
HYMCW,HYCROFT MINING HOLDING CORP,OTC,sec,hycroft mining
ASRRF,ASR Nederland N.V./ADR,OTC,sec,asr nederland n v
NRXPW,"NRX Pharmaceuticals, Inc.",Nasdaq,sec,nrx pharmaceuticals
HSCT,HOOPS SCOUTING USA,OTC,sec,hoops scouting usa
BGFR,BestGofer Inc.,OTC,sec,bestgofer
PMFAX,PIMCO Flexible Municipal Income Fund,None,sec,pimco flexible municipal income fund
COBA,Chilean Cobalt Corp.,OTC,sec,chilean cobalt
AIBRF,AIB Group plc/ADR,OTC,sec,aib
VTTGF,VAT Group AG/ADR,OTC,sec,vat ag
FNCHQ,"Finch Therapeutics Group, Inc.",OTC,sec,finch therapeutics
RTEZ,REST EZ Inc.,OTC,sec,rest ez
WLGMF,West Red Lake Gold Mines Ltd.,OTC,sec,west red lake gold mines
WRLRF,West Red Lake Gold Mines Ltd.,OTC,sec,west red lake gold mines
WRLWF,West Red Lake Gold Mines Ltd.,OTC,sec,west red lake gold mines
NICHX,Variant Alternative Income Fund,None,sec,variant alternative income fund
STSSW,Sharps Technology Inc.,Nasdaq,sec,sharps technology
SYAXF,Elevra Lithium Ltd,OTC,sec,elevra lithium
QFNHF,"Qfin Holdings, Inc.",OTC,sec,qfin
RVSNW,Rail Vision Ltd.,Nasdaq,sec,rail vision
TCMEF,Tencent Music Entertainment Group,OTC,sec,tencent music entertainment
NEOVW,NeoVolta Inc.,Nasdaq,sec,neovolta
OWSCX,1WS Credit Income Fund,None,sec,1ws credit income fund
CHWRF,China Tower Corp Limited/ADR,OTC,sec,china tower
MRCIF,"Mercari, Inc./ADR",OTC,sec,mercari
CELUW,Celularity Inc,Nasdaq,sec,celularity
LARAX,Lord Abbett Credit Opportunities Fund,None,sec,lord abbett credit opportunities fund
MPNGF,Meituan Dianping/ADR,OTC,sec,meituan dianping
EICA,Eagle Point Income Co Inc.,NYSE,sec,eagle point income
PDSKX,Principal Real Asset Fund,None,sec,principal real asset fund
TRSO,TRANSUITE.ORG INC.,OTC,sec,transuite org
MVSTW,"Microvast Holdings, Inc.",Nasdaq,sec,microvast
NNBXF,Nanobiotix S.A.,OTC,sec,nanobiotix s a
GCGJ,GUOCHUN INTERNATIONAL INC.,OTC,sec,guochun international
PSPX,Pacific Sports Exchange Inc.,OTC,sec,pacific sports exchange
AOMD,"Angel Oak Mortgage REIT, Inc.",NYSE,sec,angel oak mortgage reit
AOMN,"Angel Oak Mortgage REIT, Inc.",NYSE,sec,angel oak mortgage reit
ADDTF,Addtech AB/ADR,OTC,sec,addtech ab
ILLRW,Triller Group Inc.,Nasdaq,sec,triller
SAABF,Saab AB/ADR,OTC,sec,saab ab
XRXDW,Xerox Holdings Corp,Nasdaq,sec,xerox
IVBXF,Innovent Biologics Inc/ADR,OTC,sec,innovent biologics
SKILW,Skillsoft Corp.,OTC,sec,skillsoft
BENFW,Beneficient,Nasdaq,sec,beneficient
WEBJF,Webjet Limited/ADR,OTC,sec,webjet
BEATW,"HeartBeam, Inc.",Nasdaq,sec,heartbeam
MAPSW,"WM TECHNOLOGY, INC.",OTC,sec,wm technology
MNTSW,Momentus Inc.,Nasdaq,sec,momentus
QHUOD,QUHUO Ltd,OTC,sec,quhuo
ANKM,"Ankam, Inc.",OTC,sec,ankam
ACAT,NP Life Sciences Health Industry Group Inc.,OTC,sec,np life sciences health industry
KPLTW,"Katapult Holdings, Inc.",Nasdaq,sec,katapult
TRINI,Trinity Capital Inc.,Nasdaq,sec,trinity capital
TRINZ,Trinity Capital Inc.,Nasdaq,sec,trinity capital
DFNSW,T3 Defense Inc.,Nasdaq,sec,t3 defense
JSPRW,"Jasper Therapeutics, Inc.",Nasdaq,sec,jasper therapeutics
ADYYF,Adyen N.V./ADR,OTC,sec,adyen n v
MCOMW,micromobility.com Inc.,OTC,sec,micromobility com
PASTF,Plastic Omnium/ADR,OTC,sec,plastic omnium
PSKRF,Protector Forsikring/ADR,OTC,sec,protector forsikring
UVIX,VS Trust,CBOE,sec,vs trust
SDMHF,Sartorius Stedim Biotech S.A./ADR,OTC,sec,sartorius stedim biotech s a
KCLHF,Kingsoft Cloud Holdings Ltd,OTC,sec,kingsoft cloud
DNOPF,Dino Polska S.A./ADR,OTC,sec,dino polska s a
TMCWW,TMC the metals Co Inc.,Nasdaq,sec,tmc metals
TOIIW,"Oncology Institute, Inc.",Nasdaq,sec,oncology institute
VENAF,MicroAlgo Inc.,OTC,sec,microalgo
OPENL,Opendoor Technologies Inc.,Nasdaq,sec,opendoor technologies
OPENW,Opendoor Technologies Inc.,Nasdaq,sec,opendoor technologies
OPENZ,Opendoor Technologies Inc.,Nasdaq,sec,opendoor technologies
BYNOU,byNordic Acquisition Corp,OTC,sec,bynordic acquisition
BYNOW,byNordic Acquisition Corp,OTC,sec,bynordic acquisition
SBIGW,"SpringBig Holdings, Inc.",OTC,sec,springbig
NCLTF,"Nitori Holdings Co., Ltd.",OTC,sec,nitori
MSPRW,"MSP Recovery, Inc.",OTC,sec,msp recovery
MSPRZ,"MSP Recovery, Inc.",OTC,sec,msp recovery
ORGNW,"Origin Materials, Inc.",Nasdaq,sec,origin materials
TALKW,"Talkspace, Inc.",Nasdaq,sec,talkspace
GFAIW,"Guardforce AI Co., Ltd.",Nasdaq,sec,guardforce ai
EVLVW,"Evolv Technologies Holdings, Inc.",Nasdaq,sec,evolv technologies
FFAIW,FARADAY FUTURE INTELLIGENT ELECTRIC INC.,Nasdaq,sec,faraday future intelligent electric
DFDVW,DeFi Development Corp.,Nasdaq,sec,defi development
DFUKF,DeFi Development Corp.,OTC,sec,defi development
SSTPW,"System1, Inc.",OTC,sec,system1
PMVCW,PMV Consumer Acquisition Corp.,OTC,sec,pmv consumer acquisition
LUCYW,Innovative Eyewear Inc,Nasdaq,sec,innovative eyewear
KUKEY,Kuke Music Holding Ltd,OTC,sec,kuke music
EDBLW,Edible Garden AG Inc,Nasdaq,sec,edible garden ag
REVBW,"REVELATION BIOSCIENCES, INC.",Nasdaq,sec,revelation biosciences
RENXF,Renalytix plc,OTC,sec,renalytix
RBOTW,Vicarious Surgical Inc.,OTC,sec,vicarious surgical
FOXOW,FOXO TECHNOLOGIES INC.,OTC,sec,foxo technologies
BURUW,"Nuburu, Inc.",OTC,sec,nuburu
ABXL,"Abacus Global Management, Inc.",NYSE,sec,abacus global management
OPTEY,Opthea Ltd,OTC,sec,opthea
MSOGF,MINISO Group Holding Ltd,OTC,sec,miniso
QSIAW,Quantum-Si Inc,Nasdaq,sec,quantum si
OWLTW,"Owlet, Inc.",OTC,sec,owlet
HGASW,Global Gas Corp,OTC,sec,global gas
WGSWW,GeneDx Holdings Corp.,Nasdaq,sec,genedx
HUMAW,"Humacyte, Inc.",Nasdaq,sec,humacyte
PHXE-P,"Phoenix Energy One, LLC",NYSE,sec,phoenix energy one llc
LIDRW,"AEye, Inc.",Nasdaq,sec,aeye
SES-WT,SES AI Corp,NYSE,sec,ses ai
PRIAF,Prime Impact Acquisition I,OTC,sec,prime impact acquisition i
GWH-WT,"ESS Tech, Inc.",NYSE,sec,ess tech
XOSWW,"Xos, Inc.",Nasdaq,sec,xos
WSUPW,Wheels Up Experience Inc.,OTC,sec,wheels up experience
SCLXW,Scilex Holding Co,Nasdaq,sec,scilex
CXAIW,CXApp Inc.,Nasdaq,sec,cxapp
EVGOW,EVgo Inc.,Nasdaq,sec,evgo
LSRCF,Lasertec Corporation/ADR,OTC,sec,lasertec
JXN-PA,Jackson Financial Inc.,NYSE,sec,jackson financial
NOTEW,"FiscalNote Holdings, Inc.",OTC,sec,fiscalnote
AENTW,ALLIANCE ENTERTAINMENT HOLDING CORP,Nasdaq,sec,alliance entertainment
TSPH,TuSimple Holdings Inc.,OTC,sec,tusimple
MYPSW,"PLAYSTUDIOS, Inc.",Nasdaq,sec,playstudios
PVOZ,Park View OZ REIT Inc,OTC,sec,park view oz reit
RSVRW,"Reservoir Media, Inc.",Nasdaq,sec,reservoir media
SRZNW,"Surrozen, Inc./DE",Nasdaq,sec,surrozen de
OPADW,Offerpad Solutions Inc.,OTC,sec,offerpad solutions
VLDXW,"Velo3D, Inc.",OTC,sec,velo3d
FRBP,Franklin BSP Capital Corp,OTC,sec,franklin bsp capital
ONFOP,"Onfolio Holdings, Inc",OTC,sec,onfolio
ONFOW,"Onfolio Holdings, Inc",Nasdaq,sec,onfolio
LTCHW,"Latch, Inc.",OTC,sec,latch
BNZIW,"Banzai International, Inc.",Nasdaq,sec,banzai international
TLSIW,"TriSalus Life Sciences, Inc.",Nasdaq,sec,trisalus life sciences
PDYNW,Palladyne AI Corp.,Nasdaq,sec,palladyne ai
TOMYF,Tomy Co Ltd/ADR,OTC,sec,tomy
BODYW,"Beachbody Company, Inc.",OTC,sec,beachbody
CPTKW,Crown PropTech Acquisitions,OTC,sec,crown proptech acquisitions
HIPOW,Hippo Holdings Inc.,OTC,sec,hippo
AUROW,"Aurora Innovation, Inc.",Nasdaq,sec,aurora innovation
BZFDW,"BuzzFeed, Inc.",Nasdaq,sec,buzzfeed
BFRGW,"BullFrog AI Holdings, Inc.",Nasdaq,sec,bullfrog ai
PCTBP,"PureCycle Technologies, Inc.",OTC,sec,purecycle technologies
PCTTU,"PureCycle Technologies, Inc.",Nasdaq,sec,purecycle technologies
PCTTW,"PureCycle Technologies, Inc.",Nasdaq,sec,purecycle technologies
SMEGF,Siemens Energy AG/ADR,OTC,sec,siemens energy ag
RUMBW,Rumble Inc.,Nasdaq,sec,rumble
DNABW,"Ginkgo Bioworks Holdings, Inc.",OTC,sec,ginkgo bioworks
GLCP,GLOBAL LEADERS CORP,OTC,sec,global leaders
GEGGL,"Great Elm Group, Inc.",Nasdaq,sec,great elm
LIANY,LianBio,OTC,sec,lianbio
JWSUF,Jaws Mustang Acquisition Corp,OTC,sec,jaws mustang acquisition
JWSWF,Jaws Mustang Acquisition Corp,OTC,sec,jaws mustang acquisition
ICUCW,SeaStar Medical Holding Corp,Nasdaq,sec,seastar medical
SDSTW,Stardust Power Inc.,Nasdaq,sec,stardust power
PIIIW,P3 Health Partners Inc.,Nasdaq,sec,p3 health partners
SABSW,"SAB Biotherapeutics, Inc.",Nasdaq,sec,sab biotherapeutics
MDAIW,"Spectral AI, Inc.",Nasdaq,sec,spectral ai
CSTUF,Constellation Acquisition Corp I,OTC,sec,constellation acquisition i
CSTWF,Constellation Acquisition Corp I,OTC,sec,constellation acquisition i
ASAIY,Sendas Distributor S.A.,OTC,sec,sendas distributor s a
NNFSF,Nongfu Spring Co. Ltd./ADR,OTC,sec,nongfu spring
GPATU,GP-Act III Acquisition Corp.,Nasdaq,sec,gp act iii acquisition
GPATW,GP-Act III Acquisition Corp.,Nasdaq,sec,gp act iii acquisition
ALBC,Alternative Ballistics Corp,OTC,sec,alternative ballistics
ZHIHF,Zhihu Inc.,OTC,sec,zhihu
BETRW,Better Home & Finance Holding Co,Nasdaq,sec,better home finance
BFGFD,GIANT MINING CORP.,OTC,sec,giant mining
ZENVF,Zenvia Inc.,OTC,sec,zenvia
IINNW,Inspira Technologies OXY B.H.N. Ltd,Nasdaq,sec,inspira technologies oxy b h n
CPPTL,Copper Property CTL Pass Through Trust,OTC,sec,copper property ctl pass through trust
BNAIW,Brand Engagement Network Inc.,Nasdaq,sec,brand engagement network
RGTIW,"Rigetti Computing, Inc.",Nasdaq,sec,rigetti computing
SPWRW,SunPower Inc.,Nasdaq,sec,sunpower
NKGFD,Nevada King Gold Corp.,OTC,sec,nevada king gold
CORZR,"Core Scientific, Inc./tx",OTC,sec,core scientific tx
CORZW,"Core Scientific, Inc./tx",Nasdaq,sec,core scientific tx
CORZZ,"Core Scientific, Inc./tx",Nasdaq,sec,core scientific tx
XBPEW,"XBP Global Holdings, Inc.",Nasdaq,sec,xbp global
WALDW,Waldencast plc,Nasdaq,sec,waldencast
VEEAW,VEEA INC.,Nasdaq,sec,veea
OSRHW,"OSR Holdings, Inc.",Nasdaq,sec,osr
TBLAW,Taboola.com Ltd.,Nasdaq,sec,taboola com
LOCLW,Local Bounti Corporation/DE,OTC,sec,local bounti de
SOUNW,"SOUNDHOUND AI, INC.",Nasdaq,sec,soundhound ai
COCHW,"Envoy Medical, Inc.",Nasdaq,sec,envoy medical
BSLKW,"Bolt Projects Holdings, Inc.",OTC,sec,bolt projects
HOLOW,MicroCloud Hologram Inc.,Nasdaq,sec,microcloud hologram
KTTAW,Pasithea Therapeutics Corp.,Nasdaq,sec,pasithea therapeutics
DAVEW,Dave Inc./DE,Nasdaq,sec,dave de
VGASW,"Verde Clean Fuels, Inc.",Nasdaq,sec,verde clean fuels
GROVW,"Grove Collaborative Holdings, Inc.",OTC,sec,grove collaborative
AISPW,"Airship AI Holdings, Inc.",Nasdaq,sec,airship ai
XAGEW,"Longevity Health Holdings, Inc.",OTC,sec,longevity health
RMCOW,Royalty Management Holding Corp,Nasdaq,sec,royalty management
ZPTAW,"Zapata Quantum, Inc.",OTC,sec,zapata quantum
LNZAW,"LanzaTech Global, Inc.",Nasdaq,sec,lanzatech global
ESLAW,"Estrella Immunopharma, Inc.",Nasdaq,sec,estrella immunopharma
QTIWW,"QT IMAGING HOLDINGS, INC.",OTC,sec,qt imaging
SLDPW,"Solid Power, Inc.",Nasdaq,sec,solid power
GREEL,Greenidge Generation Holdings Inc.,Nasdaq,sec,greenidge generation
AMPWF,Ardagh Metal Packaging S.A.,OTC,sec,ardagh metal packaging s a
ANNAW,"AleAnna, Inc.",Nasdaq,sec,aleanna
CBGGF,Chain Bridge I,OTC,sec,chain bridge i
CBRGF,Chain Bridge I,OTC,sec,chain bridge i
PLMUF,Plum Acquisition Corp. III,OTC,sec,plum acquisition iii
PLMWF,Plum Acquisition Corp. III,OTC,sec,plum acquisition iii
IMAQR,International Media Acquisition Corp.,OTC,sec,international media acquisition
IMAQU,International Media Acquisition Corp.,OTC,sec,international media acquisition
IMAQW,International Media Acquisition Corp.,OTC,sec,international media acquisition
OABIW,"OmniAb, Inc.",Nasdaq,sec,omniab
HVIIR,Hennessy Capital Investment Corp. VII,Nasdaq,sec,hennessy capital investment vii
HVIIU,Hennessy Capital Investment Corp. VII,Nasdaq,sec,hennessy capital investment vii
FIGP,"Forge Group, Inc.",OTC,sec,forge
SAIHW,SAIHEAT Ltd,Nasdaq,sec,saiheat
ASBPW,"Aspire Biopharma Holdings, Inc.",Nasdaq,sec,aspire biopharma
EUDAW,EUDA Health Holdings Ltd,Nasdaq,sec,euda health
DFLIW,Dragonfly Energy Holdings Corp.,Nasdaq,sec,dragonfly energy
OKMN,"OKMIN RESOURCES, INC.",OTC,sec,okmin resources
GDLG,Glidelogic Corp.,OTC,sec,glidelogic
GHBWF,Glass House Brands Inc.,OTC,sec,glass house brands
GDEVW,GDEV Inc.,Nasdaq,sec,gdev
RNWWW,ReNew Energy Global plc,Nasdaq,sec,renew energy global
INPOF,InPost S.A./ADR,OTC,sec,inpost s a
ONMDW,OneMedNet Corp,Nasdaq,sec,onemednet
DJTWW,Trump Media & Technology Group Corp.,Nasdaq,sec,trump media technology
KITTW,"Nauticus Robotics, Inc.",Nasdaq,sec,nauticus robotics
FSHPR,Flag Ship Acquisition Corp,Nasdaq,sec,flag ship acquisition
CDAUF,Compass Digital Acquisition Corp.,OTC,sec,compass digital acquisition
CDAWF,Compass Digital Acquisition Corp.,OTC,sec,compass digital acquisition
CNDAU,Concord Acquisition Corp II,OTC,sec,concord acquisition ii
CNDAW,Concord Acquisition Corp II,OTC,sec,concord acquisition ii
AEAEU,AltEnergy Acquisition Corp,OTC,sec,altenergy acquisition
AEAEW,AltEnergy Acquisition Corp,OTC,sec,altenergy acquisition
IXQUF,IX Acquisition Corp.,OTC,sec,ix acquisition
IXQWF,IX Acquisition Corp.,OTC,sec,ix acquisition
FILG,Grayscale Filecoin Trust (FIL),OTC,sec,grayscale filecoin trust fil
BEAGR,Bold Eagle Acquisition Corp.,Nasdaq,sec,bold eagle acquisition
BEAGU,Bold Eagle Acquisition Corp.,Nasdaq,sec,bold eagle acquisition
NVAAF,Nova Minerals Ltd,OTC,sec,nova minerals
NVAWW,Nova Minerals Ltd,Nasdaq,sec,nova minerals
SGST,"Strategic Storage Trust VI, Inc.",OTC,sec,strategic storage trust vi
BRLSW,Borealis Foods Inc.,Nasdaq,sec,borealis foods
AERTW,"Aeries Technology, Inc.",Nasdaq,sec,aeries technology
SOARW,"Volato Group, Inc.",OTC,sec,volato
KDKRW,"Kodiak AI, Inc.",Nasdaq,sec,kodiak ai
HMELF,Hold Me Ltd,OTC,sec,hold me
DRMAW,"Dermata Therapeutics, Inc.",Nasdaq,sec,dermata therapeutics
ANSCU,Agriculture & Natural Solutions Acquisition Corp,Nasdaq,sec,agriculture natural solutions acquisition
ANSCW,Agriculture & Natural Solutions Acquisition Corp,Nasdaq,sec,agriculture natural solutions acquisition
ZCARW,"Zoomcar Holdings, Inc.",OTC,sec,zoomcar
WINVR,WinVest Acquisition Corp.,OTC,sec,winvest acquisition
WINVU,WinVest Acquisition Corp.,OTC,sec,winvest acquisition
WINVW,WinVest Acquisition Corp.,OTC,sec,winvest acquisition
MINR,Minerva Gold Inc.,OTC,sec,minerva gold
SHFSW,"SHF Holdings, Inc.",Nasdaq,sec,shf
KORGW,"KORE Group Holdings, Inc.",OTC,sec,kore
MOBXW,"MOBIX LABS, INC",Nasdaq,sec,mobix labs
AIRJW,AirJoule Technologies Corp.,Nasdaq,sec,airjoule technologies
CLDWW,"Calidi Biotherapeutics, Inc.",OTC,sec,calidi biotherapeutics
GRABW,Grab Holdings Ltd,Nasdaq,sec,grab
SEATW,Vivid Seats Inc.,Nasdaq,sec,vivid seats
HNSDF,Hensoldt AG/ADR,OTC,sec,hensoldt ag
GDSTR,Goldenstone Acquisition Ltd.,OTC,sec,goldenstone acquisition
GDSTU,Goldenstone Acquisition Ltd.,OTC,sec,goldenstone acquisition
GDSTW,Goldenstone Acquisition Ltd.,OTC,sec,goldenstone acquisition
APOS,"Apollo Global Management, Inc.",NYSE,sec,apollo global management
BFRIW,Biofrontera Inc.,Nasdaq,sec,biofrontera
MCAGR,Mountain Crest Acquisition Corp. V,OTC,sec,mountain crest acquisition v
MCAGU,Mountain Crest Acquisition Corp. V,OTC,sec,mountain crest acquisition v
ARQQW,Arqit Quantum Inc.,Nasdaq,sec,arqit quantum
NVACW,"Profusa, Inc.",OTC,sec,profusa
ACQC,Relativity Acquisition Corp,OTC,sec,relativity acquisition
ASTLW,Algoma Steel Group Inc.,Nasdaq,sec,algoma steel
TVGNW,Tevogen Bio Holdings Inc.,Nasdaq,sec,tevogen bio
HSIGF,Hesai Group,OTC,sec,hesai
ARBEW,Arbe Robotics Ltd.,Nasdaq,sec,arbe robotics
ECXWW,ECARX Holdings Inc.,Nasdaq,sec,ecarx
CINGW,Cingulate Inc.,Nasdaq,sec,cingulate
AMODW,"ALPHA MODUS HOLDINGS, INC.",Nasdaq,sec,alpha modus
VLN-WT,Valens Semiconductor Ltd.,NYSE,sec,valens semiconductor
MSAIW,"MultiSensor AI Holdings, Inc.",Nasdaq,sec,multisensor ai
VSEEW,"VSEE HEALTH, INC.",Nasdaq,sec,vsee health
FGIWW,FGI Industries Ltd.,Nasdaq,sec,fgi industries
ALSTF,Alpha Star Acquisition Corp,OTC,sec,alpha star acquisition
ALSUF,Alpha Star Acquisition Corp,OTC,sec,alpha star acquisition
ALSWF,Alpha Star Acquisition Corp,OTC,sec,alpha star acquisition
CMCUF,Piermont Valley Acquisition Corp,OTC,sec,piermont valley acquisition
CMCWF,Piermont Valley Acquisition Corp,OTC,sec,piermont valley acquisition
ZEOWW,Zeo Energy Corp.,Nasdaq,sec,zeo energy
NNAVW,NEXTNAV INC.,Nasdaq,sec,nextnav
NXNVW,NEXTNAV INC.,OTC,sec,nextnav
BTSGU,"BrightSpring Health Services, Inc.",Nasdaq,sec,brightspring health services
BULLW,Webull Corp,Nasdaq,sec,webull
WBXWF,Wallbox N.V.,OTC,sec,wallbox n v
CDROW,"Codere Online Luxembourg, S.A.",Nasdaq,sec,codere online luxembourg s a
OPTXW,"SYNTEC OPTICS HOLDINGS, INC.",Nasdaq,sec,syntec optics
IGTAR,Inception Growth Acquisition Ltd,OTC,sec,inception growth acquisition
IGTAU,Inception Growth Acquisition Ltd,OTC,sec,inception growth acquisition
IGTAW,Inception Growth Acquisition Ltd,OTC,sec,inception growth acquisition
EVAWF,Vertical Aerospace Ltd.,OTC,sec,vertical aerospace
EVBWF,Vertical Aerospace Ltd.,OTC,sec,vertical aerospace
EVTWF,Vertical Aerospace Ltd.,OTC,sec,vertical aerospace
WRDIF,WeRide Inc.,OTC,sec,weride
CYCUW,"Cycurion, Inc.",Nasdaq,sec,cycurion
RDZNW,Roadzen Inc.,Nasdaq,sec,roadzen
EMCRF,Embrace Change Acquisition Corp.,OTC,sec,embrace change acquisition
EMCWF,Embrace Change Acquisition Corp.,OTC,sec,embrace change acquisition
CDIOW,"Cardio Diagnostics Holdings, Inc.",Nasdaq,sec,cardio diagnostics
CEROW,"CERO THERAPEUTICS HOLDINGS, INC.",OTC,sec,cero therapeutics
DRTSW,Alpha Tau Medical Ltd.,Nasdaq,sec,alpha tau medical
BZAIW,"Blaize Holdings, Inc.",Nasdaq,sec,blaize
ANGHW,Anghami Inc,Nasdaq,sec,anghami
MIBE,MIAMI BREEZE CAR CARE INC,OTC,sec,miami breeze car care
TVAIR,Thayer Ventures Acquisition Corp II,Nasdaq,sec,thayer ventures acquisition ii
TVAIU,Thayer Ventures Acquisition Corp II,Nasdaq,sec,thayer ventures acquisition ii
SWAGW,"Stran & Company, Inc.",Nasdaq,sec,stran
MTEKW,Maris Tech Ltd.,Nasdaq,sec,maris tech
SATLW,Satellogic Inc.,Nasdaq,sec,satellogic
NRSNW,NeuroSense Therapeutics Ltd.,Nasdaq,sec,neurosense therapeutics
LCFYW,Locafy Ltd,Nasdaq,sec,locafy
SWVLW,Swvl Holdings Corp,Nasdaq,sec,swvl
PRENW,Prenetics Global Ltd,Nasdaq,sec,prenetics global
IMPPP,Imperial Petroleum Inc./Marshall Islands,Nasdaq,sec,imperial petroleum marshall islands
ASCRF,ASPAC II Acquisition Corp.,OTC,sec,aspac ii acquisition
ASCWF,ASPAC II Acquisition Corp.,OTC,sec,aspac ii acquisition
ASUUF,ASPAC II Acquisition Corp.,OTC,sec,aspac ii acquisition
ADSEW,Ads-Tec Energy Public Ltd Co,Nasdaq,sec,tec energy public
TLGUF,TLGY ACQUISITION CORP,OTC,sec,tlgy acquisition
TLGWF,TLGY ACQUISITION CORP,OTC,sec,tlgy acquisition
VHABW,Vocodia Holdings Corp,OTC,sec,vocodia
VHAIW,Vocodia Holdings Corp,OTC,sec,vocodia
TPGXL,TPG Inc.,Nasdaq,sec,tpg
ATEKU,Athena Technology Acquisition Corp. II,OTC,sec,athena technology acquisition ii
ATEKW,Athena Technology Acquisition Corp. II,OTC,sec,athena technology acquisition ii
MSSUF,Metal Sky Star Acquisition Corp,OTC,sec,metal sky star acquisition
MSSWF,Metal Sky Star Acquisition Corp,OTC,sec,metal sky star acquisition
PGYWW,Pagaya Technologies Ltd.,Nasdaq,sec,pagaya technologies
SPKLU,Spark I Acquisition Corp,Nasdaq,sec,spark i acquisition
SPKLW,Spark I Acquisition Corp,Nasdaq,sec,spark i acquisition
PLSAY,Polestar Automotive Holding UK PLC,OTC,sec,polestar automotive uk
BKLPF,PT Bukalapak.com Tbk/ADR,OTC,sec,pt bukalapak com tbk
NEXRW,Nexera Technologies Ltd,Nasdaq,sec,nexera technologies
YBZN,Yi Po International Holdings Ltd,OTC,sec,yi po international
RAJAF,"Cordyceps Sunshine Biotech Holdings Co., Ltd.",OTC,sec,cordyceps sunshine biotech
GGROW,Gogoro Inc.,Nasdaq,sec,gogoro
WLDSW,Wearable Devices Ltd.,Nasdaq,sec,wearable devices
WLSS,Welsis Corp.,OTC,sec,welsis
FEAV,"5E Advanced Materials, Inc.",OTC,sec,5e advanced materials
LSEB,LSEB Creative Corp.,OTC,sec,lseb creative
REEUF,Cartesian Growth Corp II,OTC,sec,cartesian growth ii
REEWF,Cartesian Growth Corp II,OTC,sec,cartesian growth ii
FLDDW,"Fold Holdings, Inc.",Nasdaq,sec,fold
CRBD,"Corebridge Financial, Inc.",NYSE,sec,corebridge financial
INNPF,INNOCAN PHARMA Corp,OTC,sec,innocan pharma
DFSCW,DEFSEC Technologies Inc.,Nasdaq,sec,defsec technologies
KVACU,Keen Vision Acquisition Corp.,Nasdaq,sec,keen vision acquisition
KVACW,Keen Vision Acquisition Corp.,Nasdaq,sec,keen vision acquisition
ASPCR,ASPAC III Acquisition Corp.,Nasdaq,sec,aspac iii acquisition
ASPCU,ASPAC III Acquisition Corp.,Nasdaq,sec,aspac iii acquisition
VMCUF,Valuence Merger Corp. I,OTC,sec,valuence merger i
VMCWF,Valuence Merger Corp. I,OTC,sec,valuence merger i
ABPWW,"Abpro Holdings, Inc.",OTC,sec,abpro
SVREW,SaverOne 2014 Ltd.,Nasdaq,sec,saverone 2014
CNTMD,"ConnectM Technology Solutions, Inc.",OTC,sec,connectm technology solutions
NE-WT,Noble Corp plc,NYSE,sec,noble
NE-WTA,Noble Corp plc,NYSE,sec,noble
CDTTW,CDT Equity Inc.,Nasdaq,sec,cdt equity
DAZSF,ZKGC New Energy Ltd,OTC,sec,zkgc new energy
ALVOW,Alvotech,Nasdaq,sec,alvotech
PERFF,Perfect Corp.,OTC,sec,perfect
TETUF,Technology & Telecommunication Acquisition Corp,OTC,sec,technology telecommunication acquisition
TETWF,Technology & Telecommunication Acquisition Corp,OTC,sec,technology telecommunication acquisition
UCFIW,CN Healthy Food Tech Group Corp.,Nasdaq,sec,cn healthy food tech
ALCUF,Alchemy Investments Acquisition Corp 1,OTC,sec,alchemy investments acquisition 1
ALCWF,Alchemy Investments Acquisition Corp 1,OTC,sec,alchemy investments acquisition 1
ALCYU,Alchemy Investments Acquisition Corp 1,Nasdaq,sec,alchemy investments acquisition 1
ALCYW,Alchemy Investments Acquisition Corp 1,Nasdaq,sec,alchemy investments acquisition 1
BTMWW,Bitcoin Depot Inc.,Nasdaq,sec,bitcoin depot
GRRRW,Gorilla Technology Group Inc.,Nasdaq,sec,gorilla technology
CLRRF,ClimateRock,OTC,sec,climaterock
AFRIW,Forafric Global PLC,Nasdaq,sec,forafric global
BAKR,Baker Global Asset Management Inc.,OTC,sec,baker global asset management
HUBCW,Hub Cyber Security Ltd.,Nasdaq,sec,hub cyber security
HUBCZ,Hub Cyber Security Ltd.,Nasdaq,sec,hub cyber security
FGMCR,FG Merger II Corp.,Nasdaq,sec,fg merger ii
FGMCU,FG Merger II Corp.,Nasdaq,sec,fg merger ii
GRMLW,Greenland Mines Ltd,Nasdaq,sec,greenland mines
RPDL,Rapid Line Inc.,OTC,sec,rapid line
VFSWW,VinFast Auto Ltd.,Nasdaq,sec,vinfast auto
SMNRW,"Semnur Pharmaceuticals, Inc.",OTC,sec,semnur pharmaceuticals
CNCKW,Coincheck Group N.V.,Nasdaq,sec,coincheck n v
ISLUF,Israel Acquisitions Corp,OTC,sec,israel acquisitions
ISLWF,Israel Acquisitions Corp,OTC,sec,israel acquisitions
HEMNF,Hemnet Group AB/ADR,OTC,sec,hemnet ab
TRWD,Tradewinds Universal,OTC,sec,tradewinds universal
GSTK,Growth Stalk Holdings Corp,OTC,sec,growth stalk
NBRGR,Newbridge Acquisition Ltd,Nasdaq,sec,newbridge acquisition
NBRGU,Newbridge Acquisition Ltd,Nasdaq,sec,newbridge acquisition
RZLVW,REZOLVE AI PLC,Nasdaq,sec,rezolve ai
SATA,"Strive, Inc.",Nasdaq,sec,strive
FUFUW,Bitfufu Inc.,Nasdaq,sec,bitfufu
AKPPS,Ark7 Properties Plus LLC,OTC,sec,ark7 properties plus llc
RLNDF,RoyaLand Co Ltd.,OTC,sec,royaland
TDACU,Translational Development Acquisition Corp.,Nasdaq,sec,translational development acquisition
TDACW,Translational Development Acquisition Corp.,Nasdaq,sec,translational development acquisition
CRGOW,Freightos Ltd,Nasdaq,sec,freightos
HOVRW,New Horizon Aircraft Ltd.,Nasdaq,sec,new horizon aircraft
SPMA,"Sound Point Meridian Capital, Inc.",NYSE,sec,sound point meridian capital
SPME,"Sound Point Meridian Capital, Inc.",NYSE,sec,sound point meridian capital
SBCWW,SBC Medical Group Holdings Inc,Nasdaq,sec,sbc medical
AIIOW,ROBO.AI INC.,Nasdaq,sec,robo ai
NTCS,Natics Corp.,OTC,sec,natics
FGN,"F&G Annuities & Life, Inc.",NYSE,sec,f g annuities life
FGSN,"F&G Annuities & Life, Inc.",NYSE,sec,f g annuities life
KMFG,KEEMO Fashion Group Ltd,OTC,sec,keemo fashion
FMSTW,Foremost Clean Energy Ltd.,Nasdaq,sec,foremost clean energy
NAMSW,NewAmsterdam Pharma Co N.V.,Nasdaq,sec,newamsterdam pharma n v
SDAWW,SunCar Technology Group Inc.,Nasdaq,sec,suncar technology
AMBWQ,Ambipar Emergency Response,OTC,sec,ambipar emergency response
MLECW,Moolec Science SA,Nasdaq,sec,moolec science sa
FBYDW,"Falcon's Beyond Global, Inc.",Nasdaq,sec,falcon s beyond global
GLTK,GlobalTech Corp,OTC,sec,globaltech
PALX,Palomino Laboratories Inc.,OTC,sec,palomino laboratories
APTN,"ADAPTIN BIO, INC.",OTC,sec,adaptin bio
LMMY,"Exousia Bio, Inc.",OTC,sec,exousia bio
GSMT,Global-Smart.Tech,OTC,sec,global smart tech
SMXWW,SMX (Security Matters) Public Ltd Co,Nasdaq,sec,smx security matters public
TANAF,Tian'an Technology Group Ltd,OTC,sec,tian an technology
NELR,Neolara Corp.,OTC,sec,neolara
BAERW,"Bridger Aerospace Group Holdings, Inc.",Nasdaq,sec,bridger aerospace
LVROF,Lavoro Ltd,OTC,sec,lavoro
LVRWF,Lavoro Ltd,OTC,sec,lavoro
HSPUF,Horizon Space Acquisition I Corp.,OTC,sec,horizon space acquisition i
HSPWF,Horizon Space Acquisition I Corp.,OTC,sec,horizon space acquisition i
LSBWF,"LakeShore Biopharma Co., Ltd.",OTC,sec,lakeshore biopharma
SXTPW,"60 DEGREES PHARMACEUTICALS, INC.",Nasdaq,sec,60 degrees pharmaceuticals
NAKAW,Nakamoto Inc.,OTC,sec,nakamoto
USGOW,U.S. GoldMining Inc.,Nasdaq,sec,u s goldmining
NMHIW,Nature's Miracle Holding Inc.,OTC,sec,nature s miracle
RDPTF,Radiopharm Theranostics Ltd,OTC,sec,radiopharm theranostics
CRMLW,Critical Metals Corp.,Nasdaq,sec,critical metals
CRTMF,Critical Metals Corp.,OTC,sec,critical metals
QLUNF,Qilun Group Inc.,OTC,sec,qilun
OCSAW,Oculis Holding AG,Nasdaq,sec,oculis ag
BCGWW,"Binah Capital Group, Inc.",Nasdaq,sec,binah capital
ALMP,Almco Plumbing Inc,OTC,sec,almco plumbing
NOEMR,CO2 Energy Transition Corp.,Nasdaq,sec,co2 energy transition
NOEMU,CO2 Energy Transition Corp.,Nasdaq,sec,co2 energy transition
NOEMW,CO2 Energy Transition Corp.,Nasdaq,sec,co2 energy transition
AAVXF,Abivax S.A.,OTC,sec,abivax s a
ABLVW,Able View Global Inc.,Nasdaq,sec,able view global
OIOWW,OIO Group,Nasdaq,sec,oio
LZM-WT,Lifezone Metals Ltd,NYSE,sec,lifezone metals
COOTW,Australian Oilseeds Holdings Ltd,Nasdaq,sec,australian oilseeds
EXYNW,"Exyn Technologies, Inc.",Nasdaq,sec,exyn technologies
LOTWW,Lotus Technology Inc.,Nasdaq,sec,lotus technology
ATCHW,"AtlasClear Holdings, Inc.",OTC,sec,atlasclear
ALURW,"ALLURION TECHNOLOGIES, INC.",OTC,sec,allurion technologies
MGTEW,Marblegate Capital Corp,OTC,sec,marblegate capital
NVNIW,Nvni Group Ltd,Nasdaq,sec,nvni
CCGWW,Cheche Group Inc.,Nasdaq,sec,cheche
GFRWF,Greenfire Resources Ltd.,OTC,sec,greenfire resources
BWAGF,BAWAG Group AG/ADR,OTC,sec,bawag ag
PYAIF,Pony AI Inc.,OTC,sec,pony ai
BAYAR,Bayview Acquisition Corp,Nasdaq,sec,bayview acquisition
BAYAU,Bayview Acquisition Corp,Nasdaq,sec,bayview acquisition
RCWBY,Rockwool A/S/ADR,OTC,sec,rockwool a s
RKWAF,Rockwool A/S/ADR,OTC,sec,rockwool a s
RKWBF,Rockwool A/S/ADR,OTC,sec,rockwool a s
SEPSF,Asep Medical Holdings Inc.,OTC,sec,asep medical
THQQF,Embracer Group AB/ADR,OTC,sec,embracer ab
LIMNW,"Liminatus Pharma, Inc.",Nasdaq,sec,liminatus pharma
SVUWF,SRIVARU Holding Ltd,OTC,sec,srivaru
MNYWW,MoneyHero Ltd,Nasdaq,sec,moneyhero
QETAR,Quetta Acquisition Corp,Nasdaq,sec,quetta acquisition
QETAU,Quetta Acquisition Corp,Nasdaq,sec,quetta acquisition
AFJKR,"Aimei Health Technology Co., Ltd.",Nasdaq,sec,aimei health technology
AFJKU,"Aimei Health Technology Co., Ltd.",Nasdaq,sec,aimei health technology
ABVEW,Above Food Ingredients Inc.,Nasdaq,sec,above food ingredients
IMAA,IMA Tech,OTC,sec,ima tech
ENGNW,enGene Therapeutics Inc.,Nasdaq,sec,engene therapeutics
NIVFW,NewGenIvf Group Ltd,Nasdaq,sec,newgenivf
BDMDW,Baird Medical Investment Holdings Ltd,Nasdaq,sec,baird medical investment
RMSGW,Real Messenger Corp,Nasdaq,sec,real messenger
PBMWW,PSYENCE BIOMEDICAL LTD.,Nasdaq,sec,psyence biomedical
TOYWF,"TOYO Co., Ltd",OTC,sec,toyo
NPEHF,"Nippon Express Holdings, Inc./ADR",OTC,sec,nippon express
LDXC,Londax Corp.,OTC,sec,londax
GTENU,"Gores Holdings X, Inc. / CI",Nasdaq,sec,gores x ci
GTENW,"Gores Holdings X, Inc. / CI",Nasdaq,sec,gores x ci
SHMDW,SCHMID Group N.V.,Nasdaq,sec,schmid n v
MRNOW,Murano Global Investments Plc,Nasdaq,sec,murano global investments
GAFC,Guru App Factory Corp,OTC,sec,guru app factory
MKDWW,MKDWELL Tech Inc.,Nasdaq,sec,mkdwell tech
TE-WT,T1 Energy Inc.,NYSE,sec,t1 energy
ZOOZW,ZOOZ Strategy Ltd.,Nasdaq,sec,zooz strategy
HNIT,Huineng Technology Corp,OTC,sec,huineng technology
OYCG,Oyocar Group Inc.,OTC,sec,oyocar
SPHIF,SUPER HI INTERNATIONAL HOLDING LTD.,OTC,sec,super hi international
ESMR,E-Smart Corp.,OTC,sec,e smart
MDCXW,Medicus Pharma Ltd.,Nasdaq,sec,medicus pharma
TBNRL,Tamboran Resources Corp,OTC,sec,tamboran resources
PDPA,Pearl Diver Credit Co Inc.,NYSE,sec,pearl diver credit
IBACR,IB Acquisition Corp.,Nasdaq,sec,ib acquisition
STWI,StageWise Strategies Corp.,OTC,sec,stagewise strategies
DSYWW,Big Tree Cloud Holdings Ltd,Nasdaq,sec,big tree cloud
SCAGW,Scage Future,Nasdaq,sec,scage future
EURKR,Eureka Acquisition Corp,Nasdaq,sec,eureka acquisition
EURKU,Eureka Acquisition Corp,Nasdaq,sec,eureka acquisition
KWMWW,K Wave Media Ltd.,Nasdaq,sec,k wave media
GMTH,GMTech Inc.,OTC,sec,gmtech
BKHAR,Black Hawk Acquisition Corp,Nasdaq,sec,black hawk acquisition
BKHAU,Black Hawk Acquisition Corp,Nasdaq,sec,black hawk acquisition
INVLW,"Innventure, Inc.",OTC,sec,innventure
HPAIW,Helport AI Ltd,Nasdaq,sec,helport ai
GCLWW,GCL Global Holdings Ltd,Nasdaq,sec,gcl global
MGSD,"Maitong Sunshine Cultural Development Co., Ltd",OTC,sec,maitong sunshine cultural development
CCIXU,Churchill Capital Corp IX/Cayman,Nasdaq,sec,churchill capital ix cayman
CCIXW,Churchill Capital Corp IX/Cayman,Nasdaq,sec,churchill capital ix cayman
VACHU,Voyager Acquisition Corp./Cayman Islands,Nasdaq,sec,voyager acquisition cayman islands
VACHW,Voyager Acquisition Corp./Cayman Islands,Nasdaq,sec,voyager acquisition cayman islands
TLPPF,Telix Pharmaceuticals Ltd,OTC,sec,telix pharmaceuticals
TACHU,Titan Acquisition Corp.,Nasdaq,sec,titan acquisition
TACHW,Titan Acquisition Corp.,Nasdaq,sec,titan acquisition
FVNNR,Future Vision II Acquisition Corp.,Nasdaq,sec,future vision ii acquisition
FVNNU,Future Vision II Acquisition Corp.,Nasdaq,sec,future vision ii acquisition
ALFUU,Centurion Acquisition Corp.,Nasdaq,sec,centurion acquisition
ALFUW,Centurion Acquisition Corp.,Nasdaq,sec,centurion acquisition
YDESW,YD Bio Ltd,Nasdaq,sec,yd bio
IPCXR,Inflection Point Acquisition Corp. III,Nasdaq,sec,inflection point acquisition iii
IPCXU,Inflection Point Acquisition Corp. III,Nasdaq,sec,inflection point acquisition iii
RFAIR,RF Acquisition Corp II,Nasdaq,sec,rf acquisition ii
RFAIU,RF Acquisition Corp II,Nasdaq,sec,rf acquisition ii
PMCUF,Pro Medicus Ltd./ADR,OTC,sec,pro medicus
TNMWF,TNL Mediagene,OTC,sec,tnl mediagene
FOXXW,Foxx Development Holdings Inc.,Nasdaq,sec,foxx development
FSTWF,FST Corp.,OTC,sec,fst
SIMAU,SIM Acquisition Corp. I,Nasdaq,sec,sim acquisition i
SIMAW,SIM Acquisition Corp. I,Nasdaq,sec,sim acquisition i
LPAAU,Launch One Acquisition Corp.,Nasdaq,sec,launch one acquisition
LPAAW,Launch One Acquisition Corp.,Nasdaq,sec,launch one acquisition
CUBWU,Lionheart Holdings,Nasdaq,sec,lionheart
CUBWW,Lionheart Holdings,Nasdaq,sec,lionheart
MBAVU,M3-Brigade Acquisition V Corp.,Nasdaq,sec,m3 brigade acquisition v
MBAVW,M3-Brigade Acquisition V Corp.,Nasdaq,sec,m3 brigade acquisition v
MACIU,Melar Acquisition Corp. I/Cayman,Nasdaq,sec,melar acquisition i cayman
MACIW,Melar Acquisition Corp. I/Cayman,Nasdaq,sec,melar acquisition i cayman
DTSQR,DT Cloud Star Acquisition Corp,Nasdaq,sec,dt cloud star acquisition
DTSQU,DT Cloud Star Acquisition Corp,Nasdaq,sec,dt cloud star acquisition
TYHOF,Toyota Tsusho Corporation/ADR,OTC,sec,toyota tsusho
RDACR,Rising Dragon Acquisition Corp.,Nasdaq,sec,rising dragon acquisition
RDACU,Rising Dragon Acquisition Corp.,Nasdaq,sec,rising dragon acquisition
BRETF,Brazilian Rare Earths Limited/ADR,OTC,sec,brazilian rare earths
BGLWW,Blue Gold Ltd,Nasdaq,sec,blue gold
IMSRW,Terrestrial Energy Inc. /DE/,Nasdaq,sec,terrestrial energy de
TAVIR,Tavia Acquisition Corp.,Nasdaq,sec,tavia acquisition
TAVIU,Tavia Acquisition Corp.,Nasdaq,sec,tavia acquisition
YHNAR,YHN Acquisition I Ltd,Nasdaq,sec,yhn acquisition i
YHNAU,YHN Acquisition I Ltd,Nasdaq,sec,yhn acquisition i
GDERF,Galderma Group AG/ADR,OTC,sec,galderma ag
SNNRF,Sunrise Communications AG,OTC,sec,sunrise communications ag
AGMWF,"Silver Mountain Resources, Inc.",OTC,sec,silver mountain resources
KIDZW,"Classover Holdings, Inc.",Nasdaq,sec,classover
SLXNW,Silexion Therapeutics Corp,Nasdaq,sec,silexion therapeutics
LPBBU,Launch Two Acquisition Corp.,Nasdaq,sec,launch two acquisition
LPBBW,Launch Two Acquisition Corp.,Nasdaq,sec,launch two acquisition
GIGGU,GigCapital7 Corp.,Nasdaq,sec,gigcapital7
GIGGW,GigCapital7 Corp.,Nasdaq,sec,gigcapital7
LACHF,Lapco Holdings Limited/ADR,OTC,sec,lapco
CAPNR,Cayson Acquisition Corp,Nasdaq,sec,cayson acquisition
CAPNU,Cayson Acquisition Corp,Nasdaq,sec,cayson acquisition
CHARR,Charlton Aria Acquisition Corp,Nasdaq,sec,charlton aria acquisition
CHARU,Charlton Aria Acquisition Corp,Nasdaq,sec,charlton aria acquisition
CHPGR,ChampionsGate Acquisition Corp,Nasdaq,sec,championsgate acquisition
CHPGU,ChampionsGate Acquisition Corp,Nasdaq,sec,championsgate acquisition
POLEU,Andretti Acquisition Corp. II,Nasdaq,sec,andretti acquisition ii
POLEW,Andretti Acquisition Corp. II,Nasdaq,sec,andretti acquisition ii
FERAR,Fifth Era Acquisition Corp I,Nasdaq,sec,fifth era acquisition i
FERAU,Fifth Era Acquisition Corp I,Nasdaq,sec,fifth era acquisition i
ALPWF,Alps Group Inc,OTC,sec,alps
NAMMW,Namib Minerals,Nasdaq,sec,namib minerals
ALISR,Calisa Acquisition Corp,Nasdaq,sec,calisa acquisition
ALISU,Calisa Acquisition Corp,Nasdaq,sec,calisa acquisition
OPTHF,Optimi Health Corp.,OTC,sec,optimi health
SGIPF,"Sugi Holdings Co., Ltd./ADR",OTC,sec,sugi
NTWOU,Newbury Street II Acquisition Corp,Nasdaq,sec,newbury street ii acquisition
NTWOW,Newbury Street II Acquisition Corp,Nasdaq,sec,newbury street ii acquisition
COLAR,Columbus Acquisition Corp/Cayman Islands,Nasdaq,sec,columbus acquisition cayman islands
COLAU,Columbus Acquisition Corp/Cayman Islands,Nasdaq,sec,columbus acquisition cayman islands
RAINW,"Rain Enhancement Technologies Holdco, Inc.",Nasdaq,sec,rain enhancement technologies holdco
NUAIW,"New ERA Energy & Digital, Inc.",Nasdaq,sec,new era energy digital
IPEXR,Inflection Point Acquisition Corp. V,Nasdaq,sec,inflection point acquisition v
IPEXU,Inflection Point Acquisition Corp. V,Nasdaq,sec,inflection point acquisition v
ATIIU,Archimedes Tech SPAC Partners II Co.,Nasdaq,sec,archimedes tech spac partners ii
ATIIW,Archimedes Tech SPAC Partners II Co.,Nasdaq,sec,archimedes tech spac partners ii
DMAAR,Drugs Made In America Acquisition Corp.,Nasdaq,sec,drugs made in america acquisition
DMAAU,Drugs Made In America Acquisition Corp.,Nasdaq,sec,drugs made in america acquisition
DYNCU,Dynamix Corp,Nasdaq,sec,dynamix
DYNCW,Dynamix Corp,Nasdaq,sec,dynamix
SPEGR,Silver Pegasus Acquisition Corp.,Nasdaq,sec,silver pegasus acquisition
SPEGU,Silver Pegasus Acquisition Corp.,Nasdaq,sec,silver pegasus acquisition
FACTU,FACT II Acquisition Corp.,Nasdaq,sec,fact ii acquisition
FACTW,FACT II Acquisition Corp.,Nasdaq,sec,fact ii acquisition
THTG,Tech Tonic Group Corp.,OTC,sec,tech tonic
PUIGF,Puig Brands S.A./ADR,OTC,sec,puig brands s a
MLACR,Mountain Lake Acquisition Corp.,Nasdaq,sec,mountain lake acquisition
MLACU,Mountain Lake Acquisition Corp.,Nasdaq,sec,mountain lake acquisition
BLNH,"Blue Line Holdings, Inc.",OTC,sec,blue line
OACCU,Oaktree Acquisition Corp. III Life Sciences,Nasdaq,sec,oaktree acquisition iii life sciences
OACCW,Oaktree Acquisition Corp. III Life Sciences,Nasdaq,sec,oaktree acquisition iii life sciences
VRBCF,Virbac SA/ADR,OTC,sec,virbac sa
LABFF,"Laboratorios Farmaceuticos Rovi, S.A./ADR",OTC,sec,laboratorios farmaceuticos rovi s a
KFIIR,K&F GROWTH ACQUISITION CORP. II,Nasdaq,sec,k f growth acquisition ii
KFIIU,K&F GROWTH ACQUISITION CORP. II,Nasdaq,sec,k f growth acquisition ii
PLMKU,"Plum Acquisition Corp, IV",Nasdaq,sec,plum acquisition iv
PLMKW,"Plum Acquisition Corp, IV",Nasdaq,sec,plum acquisition iv
SZZLR,Sizzle Acquisition Corp. II,Nasdaq,sec,sizzle acquisition ii
SZZLU,Sizzle Acquisition Corp. II,Nasdaq,sec,sizzle acquisition ii
PGACR,PANTAGES CAPITAL ACQUISITION Corp,Nasdaq,sec,pantages capital acquisition
PGACU,PANTAGES CAPITAL ACQUISITION Corp,Nasdaq,sec,pantages capital acquisition
ALDFU,Aldel Financial II Inc.,Nasdaq,sec,aldel financial ii
ALDFW,Aldel Financial II Inc.,Nasdaq,sec,aldel financial ii
VROYF,Vizsla Royalties Corp.,OTC,sec,vizsla royalties
WLACU,Willow Lane Acquisition Corp.,Nasdaq,sec,willow lane acquisition
WLACW,Willow Lane Acquisition Corp.,Nasdaq,sec,willow lane acquisition
MICLF,Mycronic AB/ADR,OTC,sec,mycronic ab
STKTF,Sectra AB/ADR,OTC,sec,sectra ab
DRDBU,Roman DBDR Acquisition Corp. II,Nasdaq,sec,roman dbdr acquisition ii
DRDBW,Roman DBDR Acquisition Corp. II,Nasdaq,sec,roman dbdr acquisition ii
SHFH,Scientist Home Future Health Ltd,OTC,sec,scientist home future health
AEHGS,"Arrived Homes 5, LLC",OTC,sec,arrived homes 5 llc
ALOIS,"Arrived Homes 5, LLC",OTC,sec,arrived homes 5 llc
AVPKS,"Arrived Homes 5, LLC",OTC,sec,arrived homes 5 llc
AVSBS,"Arrived Homes 5, LLC",OTC,sec,arrived homes 5 llc
HSPTR,Horizon Space Acquisition II Corp.,Nasdaq,sec,horizon space acquisition ii
HSPTU,Horizon Space Acquisition II Corp.,Nasdaq,sec,horizon space acquisition ii
TICAW,"TIC Solutions, Inc.",OTC,sec,tic solutions
KOKSF,Kokusai Electric Corporation/ADR,OTC,sec,kokusai electric
TACOU,Berto Acquisition Corp.,Nasdaq,sec,berto acquisition
TACOW,Berto Acquisition Corp.,Nasdaq,sec,berto acquisition
VDTA,Vertical Data Inc.,OTC,sec,vertical data
FUSEW,Fusemachines Inc.,Nasdaq,sec,fusemachines
SVCCU,Stellar V Capital Corp. (Cayman Islands),Nasdaq,sec,stellar v capital cayman islands
SVCCW,Stellar V Capital Corp. (Cayman Islands),Nasdaq,sec,stellar v capital cayman islands
DAICW,"CID Holdco, Inc.",Nasdaq,sec,cid holdco
TVACU,Texas Ventures Acquisition III Corp,Nasdaq,sec,texas ventures acquisition iii
TVACW,Texas Ventures Acquisition III Corp,Nasdaq,sec,texas ventures acquisition iii
SDHIR,Siddhi Acquisition Corp (Cayman Islands),Nasdaq,sec,siddhi acquisition cayman islands
SDHIU,Siddhi Acquisition Corp (Cayman Islands),Nasdaq,sec,siddhi acquisition cayman islands
RMGL,Rocky Mountains Group Ltd,OTC,sec,rocky mountains
DGMDF,Digital Domain Holdings Limited/ADR,OTC,sec,digital domain
OBAWU,Oxley Bridge Acquisition Ltd,Nasdaq,sec,oxley bridge acquisition
OBAWW,Oxley Bridge Acquisition Ltd,Nasdaq,sec,oxley bridge acquisition
AACBR,Artius II Acquisition Inc.,Nasdaq,sec,artius ii acquisition
AACBU,Artius II Acquisition Inc.,Nasdaq,sec,artius ii acquisition
GIBOW,GIBO HOLDINGS Ltd,Nasdaq,sec,gibo
RIBBR,Ribbon Acquisition Corp.,Nasdaq,sec,ribbon acquisition
RIBBU,Ribbon Acquisition Corp.,Nasdaq,sec,ribbon acquisition
RTACU,Renatus Tactical Acquisition Corp I,Nasdaq,sec,renatus tactical acquisition i
RTACW,Renatus Tactical Acquisition Corp I,Nasdaq,sec,renatus tactical acquisition i
RANGR,Range Capital Acquisition Corp.,Nasdaq,sec,range capital acquisition
RANGU,Range Capital Acquisition Corp.,Nasdaq,sec,range capital acquisition
UYSCR,UY Scuti Acquisition Corp.,Nasdaq,sec,uy scuti acquisition
UYSCU,UY Scuti Acquisition Corp.,Nasdaq,sec,uy scuti acquisition
VWAVW,"VisionWave Holdings, Inc.",Nasdaq,sec,visionwave
MANDF,Mandatum Oyj/ADR,OTC,sec,mandatum oyj
MGCOF,"Midea Group Co., Ltd./ADR",OTC,sec,midea
PACHU,Pioneer Acquisition I Corp,Nasdaq,sec,pioneer acquisition i
PACHW,Pioneer Acquisition I Corp,Nasdaq,sec,pioneer acquisition i
DMIIR,Drugs Made In America Acquisition II Corp.,Nasdaq,sec,drugs made in america acquisition ii
DMIIU,Drugs Made In America Acquisition II Corp.,Nasdaq,sec,drugs made in america acquisition ii
IPODU,COLLECTIVE ACQUISITION CORP.,Nasdaq,sec,collective acquisition
IPODW,COLLECTIVE ACQUISITION CORP.,Nasdaq,sec,collective acquisition
BDTB,Bodhi Tree Biotechnology Inc,OTC,sec,bodhi tree biotechnology
LTMGF,Lottomatica Group S.p.A./ADR,OTC,sec,lottomatica s p a
OYSER,Oyster Enterprises II Acquisition Corp,Nasdaq,sec,oyster enterprises ii acquisition
OYSEU,Oyster Enterprises II Acquisition Corp,Nasdaq,sec,oyster enterprises ii acquisition
KYFGF,Kyoto Financial Group Inc/ADR,OTC,sec,kyoto financial
BDCIU,BTC Development Corp.,Nasdaq,sec,btc development
BDCIW,BTC Development Corp.,Nasdaq,sec,btc development
HAVAR,Harvard Ave Acquisition Corp,Nasdaq,sec,harvard ave acquisition
HAVAU,Harvard Ave Acquisition Corp,Nasdaq,sec,harvard ave acquisition
SPGDF,Springer Nature AG & Co. KGaA/ADR,OTC,sec,springer nature ag kgaa
FKURF,Fujikura Ltd/ADR,OTC,sec,fujikura
LKSPR,Lake Superior Acquisition Corp,Nasdaq,sec,lake superior acquisition
LKSPU,Lake Superior Acquisition Corp,Nasdaq,sec,lake superior acquisition
APACR,StoneBridge Acquisition II Corp,Nasdaq,sec,stonebridge acquisition ii
APACU,StoneBridge Acquisition II Corp,Nasdaq,sec,stonebridge acquisition ii
NHICU,NewHold Investment Corp. III,Nasdaq,sec,newhold investment iii
NHICW,NewHold Investment Corp. III,Nasdaq,sec,newhold investment iii
GTERR,Globa Terra Acquisition Corp,Nasdaq,sec,globa terra acquisition
GTERU,Globa Terra Acquisition Corp,Nasdaq,sec,globa terra acquisition
GTERW,Globa Terra Acquisition Corp,Nasdaq,sec,globa terra acquisition
XRPNU,Armada Acquisition Corp. II,Nasdaq,sec,armada acquisition ii
XRPNW,Armada Acquisition Corp. II,Nasdaq,sec,armada acquisition ii
ORIQU,Origin Investment Corp I,Nasdaq,sec,origin investment i
ORIQW,Origin Investment Corp I,Nasdaq,sec,origin investment i
GSHRU,Gesher Acquisition Corp. II,Nasdaq,sec,gesher acquisition ii
GSHRW,Gesher Acquisition Corp. II,Nasdaq,sec,gesher acquisition ii
TKMEF,"Tokyo Metro Co., Ltd./ADR",OTC,sec,tokyo metro
ALEGF,ALLEGRO.EU SA/ADR,OTC,sec,allegro eu sa
CHECU,Chenghe Acquisition III Co.,Nasdaq,sec,chenghe acquisition iii
CHECW,Chenghe Acquisition III Co.,Nasdaq,sec,chenghe acquisition iii
QSEAR,Quartzsea Acquisition Corp,Nasdaq,sec,quartzsea acquisition
QSEAU,Quartzsea Acquisition Corp,Nasdaq,sec,quartzsea acquisition
RAC-UN,Rithm Acquisition Corp.,NYSE,sec,rithm acquisition
RAC-WT,Rithm Acquisition Corp.,NYSE,sec,rithm acquisition
SMFRF,"Sumitomo Forestry Co., Ltd./ADR",OTC,sec,sumitomo forestry
NPACU,New Providence Acquisition Corp. III/Cayman,Nasdaq,sec,new providence acquisition iii cayman
NPACW,New Providence Acquisition Corp. III/Cayman,Nasdaq,sec,new providence acquisition iii cayman
LOKVU,Live Oak Acquisition Corp. V,Nasdaq,sec,live oak acquisition v
LOKVW,Live Oak Acquisition Corp. V,Nasdaq,sec,live oak acquisition v
SUNXF,Stardust Solar Energy Inc.,OTC,sec,stardust solar energy
LCCCR,Lakeshore Acquisition III Corp.,Nasdaq,sec,lakeshore acquisition iii
LCCCU,Lakeshore Acquisition III Corp.,Nasdaq,sec,lakeshore acquisition iii
CGCTU,Cartesian Growth Corp III,Nasdaq,sec,cartesian growth iii
CGCTW,Cartesian Growth Corp III,Nasdaq,sec,cartesian growth iii
BLUWU,Blue Water Acquisition Corp. III,Nasdaq,sec,blue water acquisition iii
BLUWW,Blue Water Acquisition Corp. III,Nasdaq,sec,blue water acquisition iii
PEW-WT,GrabAGun Digital Holdings Inc.,NYSE,sec,grabagun digital
BSAAR,BEST SPAC I Acquisition Corp.,Nasdaq,sec,best spac i acquisition
BSAAU,BEST SPAC I Acquisition Corp.,Nasdaq,sec,best spac i acquisition
MLCIL,Mount Logan Capital Inc.,Nasdaq,sec,mount logan capital
IRHOR,Iron Horse Acquisition II Corp.,Nasdaq,sec,iron horse acquisition ii
IRHOU,Iron Horse Acquisition II Corp.,Nasdaq,sec,iron horse acquisition ii
RAAQU,Real Asset Acquisition Corp.,Nasdaq,sec,real asset acquisition
RAAQW,Real Asset Acquisition Corp.,Nasdaq,sec,real asset acquisition
DAAQU,Digital Asset Acquisition Corp.,Nasdaq,sec,digital asset acquisition
DAAQW,Digital Asset Acquisition Corp.,Nasdaq,sec,digital asset acquisition
TWLVR,Twelve Seas Investment Co III/Cayman,Nasdaq,sec,twelve seas investment iii cayman
TWLVU,Twelve Seas Investment Co III/Cayman,Nasdaq,sec,twelve seas investment iii cayman
EGHAR,EGH Acquisition Corp.,Nasdaq,sec,egh acquisition
EGHAU,EGH Acquisition Corp.,Nasdaq,sec,egh acquisition
KXHCF,Kioxia Holdings Corporation/ADR,OTC,sec,kioxia
PCPPF,PC Partner Group Ltd/ADR,OTC,sec,pc partner
TGE-WT,Generation Essentials Group,NYSE,sec,generation essentials
KCHVR,Kochav Defense Acquisition Corp.,Nasdaq,sec,kochav defense acquisition
KCHVU,Kochav Defense Acquisition Corp.,Nasdaq,sec,kochav defense acquisition
YSHLF,Yangzijiang Shipbuilding Holdings Ltd/ADR,OTC,sec,yangzijiang shipbuilding
WTGUR,Wintergreen Acquisition Corp.,Nasdaq,sec,wintergreen acquisition
WTGUU,Wintergreen Acquisition Corp.,Nasdaq,sec,wintergreen acquisition
ONCHU,1RT Acquisition Corp.,Nasdaq,sec,1rt acquisition
ONCHW,1RT Acquisition Corp.,Nasdaq,sec,1rt acquisition
NMPAR,NMP Acquisition Corp.,Nasdaq,sec,nmp acquisition
NMPAU,NMP Acquisition Corp.,Nasdaq,sec,nmp acquisition
ASBRF,"Asahi Group Holdings, Ltd./ADR",OTC,sec,asahi
RDAGU,Republic Digital Acquisition Co,Nasdaq,sec,republic digital acquisition
RDAGW,Republic Digital Acquisition Co,Nasdaq,sec,republic digital acquisition
VNMEU,Vendome Acquisition Corp I,Nasdaq,sec,vendome acquisition i
VNMEW,Vendome Acquisition Corp I,Nasdaq,sec,vendome acquisition i
PCAPU,ProCap Acquisition Corp,Nasdaq,sec,procap acquisition
PCAPW,ProCap Acquisition Corp,Nasdaq,sec,procap acquisition
UUUFD,Recharge Resources Ltd.,OTC,sec,recharge resources
AXINR,Axiom Intelligence Acquisition Corp 1,Nasdaq,sec,axiom intelligence acquisition 1
AXINU,Axiom Intelligence Acquisition Corp 1,Nasdaq,sec,axiom intelligence acquisition 1
WENNU,WEN Acquisition Corp,Nasdaq,sec,wen acquisition
WENNW,WEN Acquisition Corp,Nasdaq,sec,wen acquisition
GLIBK,"GCI Liberty, Inc.",Nasdaq,sec,gci liberty
CRAQR,Cal Redwood Acquisition Corp.,Nasdaq,sec,cal redwood acquisition
CRAQU,Cal Redwood Acquisition Corp.,Nasdaq,sec,cal redwood acquisition
FIGXU,FIGX Capital Acquisition Corp.,Nasdaq,sec,figx capital acquisition
FIGXW,FIGX Capital Acquisition Corp.,Nasdaq,sec,figx capital acquisition
SSEAR,STARRY SEA ACQUISITION CORP,Nasdaq,sec,starry sea acquisition
SSEAU,STARRY SEA ACQUISITION CORP,Nasdaq,sec,starry sea acquisition
BACCR,Blue Acquisition Corp/Cayman,Nasdaq,sec,blue acquisition cayman
BACCU,Blue Acquisition Corp/Cayman,Nasdaq,sec,blue acquisition cayman
ONWRF,Onward Medical N.V./ADR,OTC,sec,onward medical n v
HRZRF,"Horizon Robotics, Inc./ADR",OTC,sec,horizon robotics
NGHLF,Nightingale Health Plc,OTC,sec,nightingale health
LWACU,LightWave Acquisition Corp.,Nasdaq,sec,lightwave acquisition
LWACW,LightWave Acquisition Corp.,Nasdaq,sec,lightwave acquisition
PMTRU,Perimeter Acquisition Corp. I,Nasdaq,sec,perimeter acquisition i
PMTRW,Perimeter Acquisition Corp. I,Nasdaq,sec,perimeter acquisition i
MXUBY,Mixue Bingcheng Co Ltd/ADR,OTC,sec,mixue bingcheng
MXUGF,Mixue Bingcheng Co Ltd/ADR,OTC,sec,mixue bingcheng
KYIVW,Kyivstar Group Ltd.,Nasdaq,sec,kyivstar
GMWKF,GAMES WORKSHOP GROUP PLC/ADR,OTC,sec,games workshop
IDPUF,IDP Education Ltd./ADR,OTC,sec,idp education
MGHTF,Mercury NZ Ltd./ADR,OTC,sec,mercury nz
SPHXF,SM Prime Holdings Inc./ADR,OTC,sec,sm prime
MDDNF,Meridian Energy Ltd/ADR,OTC,sec,meridian energy
LSHGF,Louis Hachette Group/ADR,OTC,sec,louis hachette
PSBAF,PT Sumber Alfaria Trijaya Tbk/ADR,OTC,sec,pt sumber alfaria trijaya tbk
INACR,Indigo Acquisition Corp.,Nasdaq,sec,indigo acquisition
INACU,Indigo Acquisition Corp.,Nasdaq,sec,indigo acquisition
FGRS,"Figure Technology Solutions, Inc.",OTC,sec,figure technology solutions
BPACR,Blueport Acquisition Ltd,Nasdaq,sec,blueport acquisition
BPACU,Blueport Acquisition Ltd,Nasdaq,sec,blueport acquisition
MCGAU,Yorkville Acquisition Corp.,Nasdaq,sec,yorkville acquisition
MCGAW,Yorkville Acquisition Corp.,Nasdaq,sec,yorkville acquisition
CCIIU,Cohen Circle Acquisition Corp. II,Nasdaq,sec,cohen circle acquisition ii
CCIIW,Cohen Circle Acquisition Corp. II,Nasdaq,sec,cohen circle acquisition ii
JXADF,JX Advanced Metals Corporation/ADR,OTC,sec,jx advanced metals
DNACF,"DeNA Co., Ltd./ADR",OTC,sec,dena
BCARU,D. Boral ARC Acquisition I Corp.,Nasdaq,sec,d boral arc acquisition i
BCARW,D. Boral ARC Acquisition I Corp.,Nasdaq,sec,d boral arc acquisition i
FLNCF,Freelancer Ltd,OTC,sec,freelancer
SOCAU,Solarius Capital Acquisition Corp.,Nasdaq,sec,solarius capital acquisition
SOCAW,Solarius Capital Acquisition Corp.,Nasdaq,sec,solarius capital acquisition
SCXBF,SCB X Public Co Ltd,OTC,sec,scb x public
TOKCF,"Tokyo Ohka Kogyo Co., Ltd./ADR",OTC,sec,tokyo ohka kogyo
MKLYR,McKinley Acquisition Corp,Nasdaq,sec,mckinley acquisition
MKLYU,McKinley Acquisition Corp,Nasdaq,sec,mckinley acquisition
SHAZW,SharonAI Holdings Inc.,OTC,sec,sharonai
LPUGF,Laopu Gold Co. Ltd./ADR,OTC,sec,laopu gold
STHRF,Strathcona Resources Ltd.,OTC,sec,strathcona resources
KOYNU,"CSLM Digital Asset Acquisition Corp III, Ltd",Nasdaq,sec,cslm digital asset acquisition iii
KOYNW,"CSLM Digital Asset Acquisition Corp III, Ltd",Nasdaq,sec,cslm digital asset acquisition iii
HCMAU,HCM III ACQUISITION CORP.,Nasdaq,sec,hcm iii acquisition
HCMAW,HCM III ACQUISITION CORP.,Nasdaq,sec,hcm iii acquisition
REECF,Reece Limited/ADR,OTC,sec,reece
HVMCU,Highview Merger Corp.,Nasdaq,sec,highview merger
HVMCW,Highview Merger Corp.,Nasdaq,sec,highview merger
CTATF,"Contemporary Amperex Technology Co., Limited/ADR",OTC,sec,contemporary amperex technology
CRACR,Crown Reserve Acquisition Corp. I,Nasdaq,sec,crown reserve acquisition i
CRACU,Crown Reserve Acquisition Corp. I,Nasdaq,sec,crown reserve acquisition i
CRACW,Crown Reserve Acquisition Corp. I,Nasdaq,sec,crown reserve acquisition i
QUMSR,Quantumsphere Acquisition Corp,Nasdaq,sec,quantumsphere acquisition
QUMSU,Quantumsphere Acquisition Corp,Nasdaq,sec,quantumsphere acquisition
JNGHF,"Jiangsu Hengrui Pharmaceuticals Co., Ltd./ADR",OTC,sec,jiangsu hengrui pharmaceuticals
TRMLF,Tourmaline Oil Corp/ADR,OTC,sec,tourmaline oil
CPRHF,Capital Power Corp/ADR,OTC,sec,capital power
CPWPF,Capital Power Corp/ADR,OTC,sec,capital power
CPXWF,Capital Power Corp/ADR,OTC,sec,capital power
PREKF,PrairieSky Royalty Ltd/ADR,OTC,sec,prairiesky royalty
GBNXF,Gibson Energy Inc/ADR,OTC,sec,gibson energy
TMTNF,Toromont Industries Ltd./ADR,OTC,sec,toromont industries
NPICF,Northland Power Inc./ADR,OTC,sec,northland power
NPIFF,Northland Power Inc./ADR,OTC,sec,northland power
GSRFR,GSR IV Acquisition Corp.,Nasdaq,sec,gsr iv acquisition
GSRFU,GSR IV Acquisition Corp.,Nasdaq,sec,gsr iv acquisition
BIREF,Birchcliff Energy Ltd./ADR,OTC,sec,birchcliff energy
TLNCU,Talon Capital Corp.,Nasdaq,sec,talon capital
TLNCW,Talon Capital Corp.,Nasdaq,sec,talon capital
ARCLU,ARC Group Acquisition I Corp.,Nasdaq,sec,arc acquisition i
ELEEF,Element Fleet Management Corp./ADR,OTC,sec,element fleet management
PARXF,Parex Resources Inc./ADR,OTC,sec,parex resources
FINGF,Finning International Inc./ADR,OTC,sec,finning international
TPZEF,Topaz Energy Corp./ADR,OTC,sec,topaz energy
HNSPF,Hansoh Pharmaceutical Group Co Limited/ADR,OTC,sec,hansoh pharmaceutical
TCLHF,TCL Electronics Holdings Limited/ADR,OTC,sec,tcl electronics
DLMAF,Dollarama Inc./ADR,OTC,sec,dollarama
TNEYF,Tamarack Valley Energy Ltd./ADR,OTC,sec,tamarack valley energy
NNWWF,North West Co Inc./ADR,OTC,sec,north west
MBVIU,M3-Brigade Acquisition VI Corp.,Nasdaq,sec,m3 brigade acquisition vi
MBVIW,M3-Brigade Acquisition VI Corp.,Nasdaq,sec,m3 brigade acquisition vi
LWSCF,Sienna Senior Living Inc./ADR,OTC,sec,sienna senior living
WIPKF,Winpak Ltd./ADR,OTC,sec,winpak
SVAUF,StorageVault Canada Inc./ADR,OTC,sec,storagevault canada
SVACU,Spring Valley Acquisition Corp. III,Nasdaq,sec,spring valley acquisition iii
SVACW,Spring Valley Acquisition Corp. III,Nasdaq,sec,spring valley acquisition iii
CCXIU,Churchill Capital Corp XI,Nasdaq,sec,churchill capital xi
CCXIW,Churchill Capital Corp XI,Nasdaq,sec,churchill capital xi
IGACR,Invest Green Acquisition Corp,Nasdaq,sec,invest green acquisition
IGACU,Invest Green Acquisition Corp,Nasdaq,sec,invest green acquisition
SRBEF,VusionGroup,OTC,sec,vusiongroup
BLZRU,Trailblazer Acquisition Corp.,Nasdaq,sec,trailblazer acquisition
BLZRW,Trailblazer Acquisition Corp.,Nasdaq,sec,trailblazer acquisition
YCY-UN,AA Mission Acquisition Corp. II,NYSE,sec,aa mission acquisition ii
YCY-WT,AA Mission Acquisition Corp. II,NYSE,sec,aa mission acquisition ii
TNDEF,Top End Energy Ltd/ADR,OTC,sec,top end energy
GPTGF,GPT Group/ADR,OTC,sec,gpt
EMISR,Emmis Acquisition Corp.,Nasdaq,sec,emmis acquisition
BKPKF,Bank Pekao S.A./ADR,OTC,sec,bank pekao s a
CSCCF,Capstone Copper Corp./ADR,OTC,sec,capstone copper
BRRWW,"ProCap Financial, Inc.",Nasdaq,sec,procap financial
WSTNR,Westin Acquisition Corp,Nasdaq,sec,westin acquisition
WSTNU,Westin Acquisition Corp,Nasdaq,sec,westin acquisition
LATAU,Galata Acquisition Corp. II,Nasdaq,sec,galata acquisition ii
LATAW,Galata Acquisition Corp. II,Nasdaq,sec,galata acquisition ii
TDWDR,Tailwind 2.0 Acquisition Corp.,Nasdaq,sec,tailwind 2 0 acquisition
TDWDU,Tailwind 2.0 Acquisition Corp.,Nasdaq,sec,tailwind 2 0 acquisition
SCIIR,SC II Acquisition Corp.,Nasdaq,sec,sc ii acquisition
SCIIU,SC II Acquisition Corp.,Nasdaq,sec,sc ii acquisition
OTGAU,OTG Acquisition Corp. I,Nasdaq,sec,otg acquisition i
OTGAW,OTG Acquisition Corp. I,Nasdaq,sec,otg acquisition i
MMTXU,Miluna Acquisition Corp,Nasdaq,sec,miluna acquisition
MMTXW,Miluna Acquisition Corp,Nasdaq,sec,miluna acquisition
OBIIF,"OBIC Co., Ltd./ADR",OTC,sec,obic
STLJF,Stella-Jones Inc./ADR,OTC,sec,stella jones
EVOXU,Evolution Global Acquisition Corp,Nasdaq,sec,evolution global acquisition
EVOXW,Evolution Global Acquisition Corp,Nasdaq,sec,evolution global acquisition
LLYVB,"Liberty Live Holdings, Inc.",OTC,sec,liberty live
LLYVK,"Liberty Live Holdings, Inc.",Nasdaq,sec,liberty live
RNGTU,Range Capital Acquisition Corp II,Nasdaq,sec,range capital acquisition ii
RNGTW,Range Capital Acquisition Corp II,Nasdaq,sec,range capital acquisition ii
HCACR,Hall Chadwick Acquisition Corp,Nasdaq,sec,hall chadwick acquisition
LAFAR,LaFayette Acquisition Corp.,Nasdaq,sec,lafayette acquisition
LAFAU,LaFayette Acquisition Corp.,Nasdaq,sec,lafayette acquisition
APXTU,Apex Treasury Corp,Nasdaq,sec,apex treasury
APXTW,Apex Treasury Corp,Nasdaq,sec,apex treasury
DYORU,Insight Digital Partners II,Nasdaq,sec,insight digital partners ii
DYORW,Insight Digital Partners II,Nasdaq,sec,insight digital partners ii
MBGCF,"Mitsubishi Gas Chemical Company, Inc./ADR",OTC,sec,mitsubishi gas chemical
GIWWR,GigCapital8 Corp.,Nasdaq,sec,gigcapital8
GIWWU,GigCapital8 Corp.,Nasdaq,sec,gigcapital8
MYXXR,Maywood Acquisition Corp. 2,Nasdaq,sec,maywood acquisition 2
MYXXU,Maywood Acquisition Corp. 2,Nasdaq,sec,maywood acquisition 2
MYXXW,Maywood Acquisition Corp. 2,Nasdaq,sec,maywood acquisition 2
ITHAU,ITHAX Acquisition Corp III,Nasdaq,sec,ithax acquisition iii
ITHAW,ITHAX Acquisition Corp III,Nasdaq,sec,ithax acquisition iii
DNMXU,Dynamix Corp III,Nasdaq,sec,dynamix iii
DNMXW,Dynamix Corp III,Nasdaq,sec,dynamix iii
SSACR,SPACSphere Acquisition Corp.,Nasdaq,sec,spacsphere acquisition
SSACU,SPACSphere Acquisition Corp.,Nasdaq,sec,spacsphere acquisition
SSACW,SPACSphere Acquisition Corp.,Nasdaq,sec,spacsphere acquisition
CRANR,Crane Harbor Acquisition Corp. II,Nasdaq,sec,crane harbor acquisition ii
CRANU,Crane Harbor Acquisition Corp. II,Nasdaq,sec,crane harbor acquisition ii
MESHU,Meshflow Acquisition Corp,Nasdaq,sec,meshflow acquisition
MESHW,Meshflow Acquisition Corp,Nasdaq,sec,meshflow acquisition
GUACU,Berto Acquisition Corp. II,Nasdaq,sec,berto acquisition ii
BLRKU,Bluerock Acquisition Corp.,Nasdaq,sec,bluerock acquisition
BLRKW,Bluerock Acquisition Corp.,Nasdaq,sec,bluerock acquisition
KRAQU,KRAKacquisition Corp,Nasdaq,sec,krakacquisition
KRAQW,KRAKacquisition Corp,Nasdaq,sec,krakacquisition
AVVOF,Avio S.p.A./ADR,OTC,sec,avio s p a
DSACU,Daedalus Special Acquisition Corp.,Nasdaq,sec,daedalus special acquisition
DSACW,Daedalus Special Acquisition Corp.,Nasdaq,sec,daedalus special acquisition
BIXIU,Bitcoin Infrastructure Acquisition Corp Ltd,Nasdaq,sec,bitcoin infrastructure acquisition
BIXIW,Bitcoin Infrastructure Acquisition Corp Ltd,Nasdaq,sec,bitcoin infrastructure acquisition
SAC-UN,Safeguard Acquisition Corp.,NYSE,sec,safeguard acquisition
SAC-WT,Safeguard Acquisition Corp.,NYSE,sec,safeguard acquisition
ADACU,American Drive Acquisition Co,Nasdaq,sec,american drive acquisition
ADACW,American Drive Acquisition Co,Nasdaq,sec,american drive acquisition
FTW-WT,PRESIDIO PRODUCTION Co,NYSE,sec,presidio production
SCPQU,Social Commerce Partners Corp,Nasdaq,sec,social commerce partners
SCPQW,Social Commerce Partners Corp,Nasdaq,sec,social commerce partners
QADRU,QDRO Acquisition Corp.,Nasdaq,sec,qdro acquisition
QADRW,QDRO Acquisition Corp.,Nasdaq,sec,qdro acquisition
SPIWF,SPIE SA/ADR,OTC,sec,spie sa
XCBEU,X3 Acquisition Corp. Ltd.,Nasdaq,sec,x3 acquisition
XCBEW,X3 Acquisition Corp. Ltd.,Nasdaq,sec,x3 acquisition
AEAQU,Activate Energy Acquisition Corp.,Nasdaq,sec,activate energy acquisition
AEAQW,Activate Energy Acquisition Corp.,Nasdaq,sec,activate energy acquisition
LPCVU,Launchpad Cadenza Acquisition Corp I,Nasdaq,sec,launchpad cadenza acquisition i
LPCVW,Launchpad Cadenza Acquisition Corp I,Nasdaq,sec,launchpad cadenza acquisition i
ARCIU,Archimedes Tech SPAC Partners III Co.,Nasdaq,sec,archimedes tech spac partners iii
ARCIW,Archimedes Tech SPAC Partners III Co.,Nasdaq,sec,archimedes tech spac partners iii
WLIIU,Willow Lane Acquisition Corp. II,Nasdaq,sec,willow lane acquisition ii
WLIIW,Willow Lane Acquisition Corp. II,Nasdaq,sec,willow lane acquisition ii
ALOVU,"Aldabra 4 Liquidity Opportunity Vehicle, Inc.",Nasdaq,sec,aldabra 4 liquidity opportunity vehicle
ALOVW,"Aldabra 4 Liquidity Opportunity Vehicle, Inc.",Nasdaq,sec,aldabra 4 liquidity opportunity vehicle
URSB,"URSB Bancorp, Inc.",OTC,sec,ursb bancorp
IEAGR,Infinite Eagle Acquisition Corp.,Nasdaq,sec,infinite eagle acquisition
IEAGU,Infinite Eagle Acquisition Corp.,Nasdaq,sec,infinite eagle acquisition
LFACU,Leapfrog Acquisition Corp,Nasdaq,sec,leapfrog acquisition
LFACW,Leapfrog Acquisition Corp,Nasdaq,sec,leapfrog acquisition
DUTBF,Duality Biotherapeutics Inc/ADR,OTC,sec,duality biotherapeutics
AMVIF,AUMOVIO SE,OTC,sec,aumovio se
GPACU,General Purpose Acquisition Corp.,Nasdaq,sec,general purpose acquisition
GPACW,General Purpose Acquisition Corp.,Nasdaq,sec,general purpose acquisition
SVAQU,Silicon Valley Acquisition Corp.,Nasdaq,sec,silicon valley acquisition
SVAQW,Silicon Valley Acquisition Corp.,Nasdaq,sec,silicon valley acquisition
SORNU,Soren Acquisition Corp.,Nasdaq,sec,soren acquisition
SORNW,Soren Acquisition Corp.,Nasdaq,sec,soren acquisition
VHCPU,Vine Hill Capital Investment Corp. II,Nasdaq,sec,vine hill capital investment ii
VHCPW,Vine Hill Capital Investment Corp. II,Nasdaq,sec,vine hill capital investment ii
KTWOR,K2 Capital Acquisition Corp,Nasdaq,sec,k2 capital acquisition
KTWOU,K2 Capital Acquisition Corp,Nasdaq,sec,k2 capital acquisition
ARTCU,Art Technology Acquisition Corp.,Nasdaq,sec,art technology acquisition
ARTCW,Art Technology Acquisition Corp.,Nasdaq,sec,art technology acquisition
RLMLF,RESOLUTION MINERALS LTD/ADR,OTC,sec,resolution minerals
MEVOU,M Evo Global Acquisition Corp II,Nasdaq,sec,m evo global acquisition ii
MEVOW,M Evo Global Acquisition Corp II,Nasdaq,sec,m evo global acquisition ii
PAACU,Proem Acquisition Corp. I,Nasdaq,sec,proem acquisition i
PAACW,Proem Acquisition Corp. I,Nasdaq,sec,proem acquisition i
ZKPU,Lafayette Digital Acquisition Corp. I,Nasdaq,sec,lafayette digital acquisition i
ZKPW,Lafayette Digital Acquisition Corp. I,Nasdaq,sec,lafayette digital acquisition i
NHKGF,NHK Spring Co. Ltd/ADR,OTC,sec,nhk spring
CSHRW,CoinShares PLC,Nasdaq,sec,coinshares
ZJLMF,"Zhejiang Leapmotor Technology Co., Ltd./ADR",OTC,sec,zhejiang leapmotor technology
GGPSF,Greatland Resources Limited/ADR,OTC,sec,greatland resources
MSOKF,Mitsui-Soko Holdings Co Limited/ADR,OTC,sec,mitsui soko
SBKLF,Sumitomo Bakelite Co Limited/ADR,OTC,sec,sumitomo bakelite
AIKCF,Aica Kogyo Co Limited/ADR,OTC,sec,aica kogyo
HQWWW,Horizon Quantum Holdings Ltd.,Nasdaq,sec,horizon quantum
BBCQU,Bleichroeder Acquisition Corp. II,Nasdaq,sec,bleichroeder acquisition ii
BBCQW,Bleichroeder Acquisition Corp. II,Nasdaq,sec,bleichroeder acquisition ii
OIMAU,OneIM Acquisition Corp.,Nasdaq,sec,oneim acquisition
OIMAW,OneIM Acquisition Corp.,Nasdaq,sec,oneim acquisition
OBIBF,"OBIC Business Consultants Co., Ltd./ADR",OTC,sec,obic business consultants
KBONU,Karbon Capital Partners Corp.,Nasdaq,sec,karbon capital partners
KBONW,Karbon Capital Partners Corp.,Nasdaq,sec,karbon capital partners
ZSHOF,"Zensho Holdings Co., Ltd./ADR",OTC,sec,zensho
CMIIU,Columbus Circle Capital Corp II,Nasdaq,sec,columbus circle capital ii
CMIIW,Columbus Circle Capital Corp II,Nasdaq,sec,columbus circle capital ii
XSLLU,Xsolla SPAC 1,Nasdaq,sec,xsolla spac 1
XSLLW,Xsolla SPAC 1,Nasdaq,sec,xsolla spac 1
HRIBF,"Horiba, Ltd./ADR",OTC,sec,horiba
PCCOF,Paltac Corporation/ADR,OTC,sec,paltac
NUCLW,Eagle Nuclear Energy Corp.,Nasdaq,sec,eagle nuclear energy
SVNHF,SUNEVISION HOLDINGS/ADR,OTC,sec,sunevision
GLVHF,GLENVEAGH PROPERTIES PLC/ADR,OTC,sec,glenveagh properties
TOETF,TOSEI CORP/ADR,OTC,sec,tosei
JELLF,JEOL LTD/ADR,OTC,sec,jeol
HACQU,HCM IV Acquisition Corp.,Nasdaq,sec,hcm iv acquisition
HACQW,HCM IV Acquisition Corp.,Nasdaq,sec,hcm iv acquisition
MTLPF,Metlen Energy & Metals PLC/ADR,OTC,sec,metlen energy metals
IDACU,Iron Dome Acquisition I Corp.,Nasdaq,sec,iron dome acquisition i
FGIIU,FG Imperii Acquisition Corp.,Nasdaq,sec,fg imperii acquisition
FGIIW,FG Imperii Acquisition Corp.,Nasdaq,sec,fg imperii acquisition
BRUNW,Boost Run Inc.,Nasdaq,sec,boost run
MTMCF,Metallium Limited/ADR,OTC,sec,metallium
IACOU,Idea Acquisition Corp.,Nasdaq,sec,idea acquisition
IACOW,Idea Acquisition Corp.,Nasdaq,sec,idea acquisition
SAAQU,Space Asset Acquisition Corp.,Nasdaq,sec,space asset acquisition
SAAQW,Space Asset Acquisition Corp.,Nasdaq,sec,space asset acquisition
LKYRF,Locksley Resources Limited/ADR,OTC,sec,locksley resources
CNDHF,CONDUIT HOLDINGS LTD/ADR,OTC,sec,conduit
RFAMR,RF Acquisition Corp III,Nasdaq,sec,rf acquisition iii
RFAMU,RF Acquisition Corp III,Nasdaq,sec,rf acquisition iii
NGSCF,"Nagase & Co., Ltd./ADR",OTC,sec,nagase
RNGOF,"Rengo Co., Ltd./ADR",OTC,sec,rengo
AWTRF,Air Water Inc./ADR,OTC,sec,air water
AACIU,Armada Acquisition Corp. III,Nasdaq,sec,armada acquisition iii
AACIW,Armada Acquisition Corp. III,Nasdaq,sec,armada acquisition iii
MUZEU,Muzero Acquisition Corp,Nasdaq,sec,muzero acquisition
MUZEW,Muzero Acquisition Corp,Nasdaq,sec,muzero acquisition
GLNDW,Greenland Energy Co,Nasdaq,sec,greenland energy
ZJNGF,Zijin Gold International Co Limited/ADR,OTC,sec,zijin gold international
MAWAF,"Maruwa Co., Ltd./ADR",OTC,sec,maruwa
APXCF,APEX CRITICAL METALS CORP.,OTC,sec,apex critical metals
RNKGF,RENK Group AG/ADR,OTC,sec,renk ag
PTORU,Praetorian Acquisition Corp.,Nasdaq,sec,praetorian acquisition
PTORW,Praetorian Acquisition Corp.,Nasdaq,sec,praetorian acquisition
CTAAR,Clearthink 1 Acquisition Corp.,Nasdaq,sec,clearthink 1 acquisition
CTAAU,Clearthink 1 Acquisition Corp.,Nasdaq,sec,clearthink 1 acquisition
DPCDF,DPC DASH LTD/ADR,OTC,sec,dpc dash
MLAAU,Mountain Lake Acquisition Corp. II,Nasdaq,sec,mountain lake acquisition ii
MLAAW,Mountain Lake Acquisition Corp. II,Nasdaq,sec,mountain lake acquisition ii
CRYAF,"Chery Automobile Co., Ltd./ADR",OTC,sec,chery automobile
OBCKF,Ottobock SE & Co. KGaA/ADR,OTC,sec,ottobock se kgaa
VSRPF,Verisure plc/ADR,OTC,sec,verisure
DBCAU,D. Boral Acquisition I Corp.,Nasdaq,sec,d boral acquisition i
DBCAW,D. Boral Acquisition I Corp.,Nasdaq,sec,d boral acquisition i
BREZU,Breeze Acquisition Corp. II,Nasdaq,sec,breeze acquisition ii
ACAAU,Averin Capital Acquisition Corp.,Nasdaq,sec,averin capital acquisition
ACAAW,Averin Capital Acquisition Corp.,Nasdaq,sec,averin capital acquisition
BHAVR,BHAV Acquisition Corp,Nasdaq,sec,bhav acquisition
BHAVU,BHAV Acquisition Corp,Nasdaq,sec,bhav acquisition
TMTSU,Spartacus Acquisition Corp. II,Nasdaq,sec,spartacus acquisition ii
TMTSW,Spartacus Acquisition Corp. II,Nasdaq,sec,spartacus acquisition ii
FTHAU,Forefront Tech Holdings Acquisition Corp,Nasdaq,sec,forefront tech acquisition
SVIVU,Spring Valley Acquisition Corp. IV,Nasdaq,sec,spring valley acquisition iv
SVIVW,Spring Valley Acquisition Corp. IV,Nasdaq,sec,spring valley acquisition iv
SWBGF,Shawbrook Group plc/ADR,OTC,sec,shawbrook
BGTCF,"Beijing Geekplus Technology Co., Ltd./ADR",OTC,sec,beijing geekplus technology
UAC-UN,United Acquisition Corp. I,NYSE,sec,united acquisition i
UAC-WT,United Acquisition Corp. I,NYSE,sec,united acquisition i
GIXXR,GigCapital9 Corp.,Nasdaq,sec,gigcapital9
GIXXU,GigCapital9 Corp.,Nasdaq,sec,gigcapital9
TRGSR,TRG Latin America Acquisitions Corp.,Nasdaq,sec,trg latin america acquisitions
TRGSU,TRG Latin America Acquisitions Corp.,Nasdaq,sec,trg latin america acquisitions
HCICR,Hennessy Capital Investment Corp. VIII,Nasdaq,sec,hennessy capital investment viii
HCICU,Hennessy Capital Investment Corp. VIII,Nasdaq,sec,hennessy capital investment viii
PTACU,Patriot Acquisition Corp./CI,Nasdaq,sec,patriot acquisition ci
FMACR,Future Money Acquisition Corp,Nasdaq,sec,future money acquisition
FMACU,Future Money Acquisition Corp,Nasdaq,sec,future money acquisition
NHIVU,NewHold Investment Corp IV,Nasdaq,sec,newhold investment iv
AACOU,Abony Acquisition Corp. I,Nasdaq,sec,abony acquisition i
AACOW,Abony Acquisition Corp. I,Nasdaq,sec,abony acquisition i
CAQUU,Cambridge Acquisition Corp.,Nasdaq,sec,cambridge acquisition
CAQUW,Cambridge Acquisition Corp.,Nasdaq,sec,cambridge acquisition
MTPLF,Metaplanet Inc.,OTC,sec,metaplanet
ILLUU,Illumination Acquisition Corp. I,Nasdaq,sec,illumination acquisition i
ILLUW,Illumination Acquisition Corp. I,Nasdaq,sec,illumination acquisition i
PALOU,PALOMA ACQUISITION CORP I,Nasdaq,sec,paloma acquisition i
PALOW,PALOMA ACQUISITION CORP I,Nasdaq,sec,paloma acquisition i
IPFXU,Inflection Point Acquisition Corp. VI,Nasdaq,sec,inflection point acquisition vi
IPFXW,Inflection Point Acquisition Corp. VI,Nasdaq,sec,inflection point acquisition vi
AACPU,Apogee Acquisition Corp,Nasdaq,sec,apogee acquisition
KCA-UN,Kensington Capital Acquisition Corp. VI,NYSE,sec,kensington capital acquisition vi
SUMAR,SUMA Acquisition Corp,Nasdaq,sec,suma acquisition
SUMAU,SUMA Acquisition Corp,Nasdaq,sec,suma acquisition
EURBF,Eurobank SA/ADR,OTC,sec,eurobank sa
YMTKF,Yamato Kogyo Co. Ltd/ADR,OTC,sec,yamato kogyo
SWCPF,SWCC Corp/ADR,OTC,sec,swcc
KELRF,Keisei Electric Railway Co. Ltd/ADR,OTC,sec,keisei electric railway
ODERF,"Odakyu Electric Railway Co., Ltd./ADR",OTC,sec,odakyu electric railway
PONOR,"Pono Capital Four, Inc.",Nasdaq,sec,pono capital four
PONOU,"Pono Capital Four, Inc.",Nasdaq,sec,pono capital four
NOFCF,NOF Corporation/ADR,OTC,sec,nof
YMATF,Azbil Corporation/ADR,OTC,sec,azbil
GCGRU,General Catalyst Global Resilience Merger Corp.,Nasdaq,sec,general catalyst global resilience merger
BLHWF,BELIMO Holding AG/ADR,OTC,sec,belimo ag
KATJF,Knowledge Atlas Technology Joint Stock Co Limited/ADR,OTC,sec,knowledge atlas technology joint stock
MNMXF,Minimax Group Inc./ADR,OTC,sec,minimax
EXOSF,Exosens SAS/ADR,OTC,sec,exosens sas
MCAHU,Mountain Crest Acquisition 6 Corp.,Nasdaq,sec,mountain crest acquisition 6
VUECF,Verdera Energy Corp.,OTC,sec,verdera energy
ACGCU,ACP Holdings Acquisition Corp.,Nasdaq,sec,acp acquisition
GSRVU,GSR V Acquisition Corp.,Nasdaq,sec,gsr v acquisition
CXIIU,Churchill Capital Corp XII,Nasdaq,sec,churchill capital xii
CAIIU,Collective Acquisition Corp. II,Nasdaq,sec,collective acquisition ii
CVCCF,CVC Capital Partners plc/ADR,OTC,sec,cvc capital partners
PFSEF,Pfisterer Holdings SE/ADR,OTC,sec,pfisterer se
IACQU,Irenic Acquisition Corp.,Nasdaq,sec,irenic acquisition
ERBGF,Eastroc Beverage Group Co. Ltd/ADR,OTC,sec,eastroc beverage
RREVU,RRE Ventures Acquisition Corp.,Nasdaq,sec,rre ventures acquisition
RREVW,RRE Ventures Acquisition Corp.,Nasdaq,sec,rre ventures acquisition
TKMSF,TKMS AG & CO. KGAA/ADR,OTC,sec,tkms ag kgaa
ATALF,American Tungsten & Antimony Ltd,OTC,sec,american tungsten antimony
BELGF,Bellevue Gold Ltd./ADR,OTC,sec,bellevue gold
EULIF,EUROPEAN LITHIUM LTD/ADR,OTC,sec,european lithium
DTREF,DATELINE RESOURCES LTD/ADR,OTC,sec,dateline resources
ELSSF,ELIS S.A./ADR,OTC,sec,elis s a
OPPPF,Open House Group Co. Ltd/ADR,OTC,sec,open house
